PRAGMA foreign_keys=OFF;
BEGIN TRANSACTION;
CREATE TABLE `strapi_migrations` (`id` integer not null primary key autoincrement, `name` varchar(255), `time` datetime);
CREATE TABLE `strapi_database_schema` (`id` integer not null primary key autoincrement, `schema` json, `time` datetime, `hash` varchar(255));
INSERT INTO strapi_database_schema VALUES(49,'{"tables":[{"name":"strapi_core_store_settings","indexes":[],"foreignKeys":[],"columns":[{"name":"id","type":"increments","args":[{"primary":true,"primaryKey":true}],"defaultTo":null,"notNullable":true,"unsigned":false},{"name":"key","type":"string","args":[],"defaultTo":null,"notNullable":false,"unsigned":false},{"name":"value","type":"text","args":["longtext"],"defaultTo":null,"notNullable":false,"unsigned":false},{"name":"type","type":"string","args":[],"defaultTo":null,"notNullable":false,"unsigned":false},{"name":"environment","type":"string","args":[],"defaultTo":null,"notNullable":false,"unsigned":false},{"name":"tag","type":"string","args":[],"defaultTo":null,"notNullable":false,"unsigned":false}]},{"name":"strapi_webhooks","indexes":[],"foreignKeys":[],"columns":[{"name":"id","type":"increments","args":[{"primary":true,"primaryKey":true}],"defaultTo":null,"notNullable":true,"unsigned":false},{"name":"name","type":"string","args":[],"defaultTo":null,"notNullable":false,"unsigned":false},{"name":"url","type":"text","args":["longtext"],"defaultTo":null,"notNullable":false,"unsigned":false},{"name":"headers","type":"jsonb","args":[],"defaultTo":null,"notNullable":false,"unsigned":false},{"name":"events","type":"jsonb","args":[],"defaultTo":null,"notNullable":false,"unsigned":false},{"name":"enabled","type":"boolean","args":[],"defaultTo":null,"notNullable":false,"unsigned":false}]},{"name":"admin_permissions","indexes":[{"name":"admin_permissions_created_by_id_fk","columns":["created_by_id"]},{"name":"admin_permissions_updated_by_id_fk","columns":["updated_by_id"]}],"foreignKeys":[{"name":"admin_permissions_created_by_id_fk","columns":["created_by_id"],"referencedTable":"admin_users","referencedColumns":["id"],"onDelete":"SET NULL"},{"name":"admin_permissions_updated_by_id_fk","columns":["updated_by_id"],"referencedTable":"admin_users","referencedColumns":["id"],"onDelete":"SET NULL"}],"columns":[{"name":"id","type":"increments","args":[{"primary":true,"primaryKey":true}],"defaultTo":null,"notNullable":true,"unsigned":false},{"name":"action","type":"string","args":[],"defaultTo":null,"notNullable":false,"unsigned":false},{"name":"subject","type":"string","args":[],"defaultTo":null,"notNullable":false,"unsigned":false},{"name":"properties","type":"jsonb","args":[],"defaultTo":null,"notNullable":false,"unsigned":false},{"name":"conditions","type":"jsonb","args":[],"defaultTo":null,"notNullable":false,"unsigned":false},{"name":"created_at","type":"datetime","args":[{"useTz":false,"precision":6}],"defaultTo":null,"notNullable":false,"unsigned":false},{"name":"updated_at","type":"datetime","args":[{"useTz":false,"precision":6}],"defaultTo":null,"notNullable":false,"unsigned":false},{"name":"created_by_id","type":"integer","args":[],"defaultTo":null,"notNullable":false,"unsigned":true},{"name":"updated_by_id","type":"integer","args":[],"defaultTo":null,"notNullable":false,"unsigned":true}]},{"name":"admin_users","indexes":[{"name":"admin_users_created_by_id_fk","columns":["created_by_id"]},{"name":"admin_users_updated_by_id_fk","columns":["updated_by_id"]}],"foreignKeys":[{"name":"admin_users_created_by_id_fk","columns":["created_by_id"],"referencedTable":"admin_users","referencedColumns":["id"],"onDelete":"SET NULL"},{"name":"admin_users_updated_by_id_fk","columns":["updated_by_id"],"referencedTable":"admin_users","referencedColumns":["id"],"onDelete":"SET NULL"}],"columns":[{"name":"id","type":"increments","args":[{"primary":true,"primaryKey":true}],"defaultTo":null,"notNullable":true,"unsigned":false},{"name":"firstname","type":"string","args":[],"defaultTo":null,"notNullable":false,"unsigned":false},{"name":"lastname","type":"string","args":[],"defaultTo":null,"notNullable":false,"unsigned":false},{"name":"username","type":"string","args":[],"defaultTo":null,"notNullable":false,"unsigned":false},{"name":"email","type":"string","args":[],"defaultTo":null,"notNullable":false,"unsigned":false},{"name":"password","type":"string","args":[],"defaultTo":null,"notNullable":false,"unsigned":false},{"name":"reset_password_token","type":"string","args":[],"defaultTo":null,"notNullable":false,"unsigned":false},{"name":"registration_token","type":"string","args":[],"defaultTo":null,"notNullable":false,"unsigned":false},{"name":"is_active","type":"boolean","args":[],"defaultTo":null,"notNullable":false,"unsigned":false},{"name":"blocked","type":"boolean","args":[],"defaultTo":null,"notNullable":false,"unsigned":false},{"name":"prefered_language","type":"string","args":[],"defaultTo":null,"notNullable":false,"unsigned":false},{"name":"created_at","type":"datetime","args":[{"useTz":false,"precision":6}],"defaultTo":null,"notNullable":false,"unsigned":false},{"name":"updated_at","type":"datetime","args":[{"useTz":false,"precision":6}],"defaultTo":null,"notNullable":false,"unsigned":false},{"name":"created_by_id","type":"integer","args":[],"defaultTo":null,"notNullable":false,"unsigned":true},{"name":"updated_by_id","type":"integer","args":[],"defaultTo":null,"notNullable":false,"unsigned":true}]},{"name":"admin_roles","indexes":[{"name":"admin_roles_created_by_id_fk","columns":["created_by_id"]},{"name":"admin_roles_updated_by_id_fk","columns":["updated_by_id"]}],"foreignKeys":[{"name":"admin_roles_created_by_id_fk","columns":["created_by_id"],"referencedTable":"admin_users","referencedColumns":["id"],"onDelete":"SET NULL"},{"name":"admin_roles_updated_by_id_fk","columns":["updated_by_id"],"referencedTable":"admin_users","referencedColumns":["id"],"onDelete":"SET NULL"}],"columns":[{"name":"id","type":"increments","args":[{"primary":true,"primaryKey":true}],"defaultTo":null,"notNullable":true,"unsigned":false},{"name":"name","type":"string","args":[],"defaultTo":null,"notNullable":false,"unsigned":false},{"name":"code","type":"string","args":[],"defaultTo":null,"notNullable":false,"unsigned":false},{"name":"description","type":"string","args":[],"defaultTo":null,"notNullable":false,"unsigned":false},{"name":"created_at","type":"datetime","args":[{"useTz":false,"precision":6}],"defaultTo":null,"notNullable":false,"unsigned":false},{"name":"updated_at","type":"datetime","args":[{"useTz":false,"precision":6}],"defaultTo":null,"notNullable":false,"unsigned":false},{"name":"created_by_id","type":"integer","args":[],"defaultTo":null,"notNullable":false,"unsigned":true},{"name":"updated_by_id","type":"integer","args":[],"defaultTo":null,"notNullable":false,"unsigned":true}]},{"name":"strapi_api_tokens","indexes":[{"name":"strapi_api_tokens_created_by_id_fk","columns":["created_by_id"]},{"name":"strapi_api_tokens_updated_by_id_fk","columns":["updated_by_id"]}],"foreignKeys":[{"name":"strapi_api_tokens_created_by_id_fk","columns":["created_by_id"],"referencedTable":"admin_users","referencedColumns":["id"],"onDelete":"SET NULL"},{"name":"strapi_api_tokens_updated_by_id_fk","columns":["updated_by_id"],"referencedTable":"admin_users","referencedColumns":["id"],"onDelete":"SET NULL"}],"columns":[{"name":"id","type":"increments","args":[{"primary":true,"primaryKey":true}],"defaultTo":null,"notNullable":true,"unsigned":false},{"name":"name","type":"string","args":[],"defaultTo":null,"notNullable":false,"unsigned":false},{"name":"description","type":"string","args":[],"defaultTo":null,"notNullable":false,"unsigned":false},{"name":"type","type":"string","args":[],"defaultTo":null,"notNullable":false,"unsigned":false},{"name":"access_key","type":"string","args":[],"defaultTo":null,"notNullable":false,"unsigned":false},{"name":"created_at","type":"datetime","args":[{"useTz":false,"precision":6}],"defaultTo":null,"notNullable":false,"unsigned":false},{"name":"updated_at","type":"datetime","args":[{"useTz":false,"precision":6}],"defaultTo":null,"notNullable":false,"unsigned":false},{"name":"created_by_id","type":"integer","args":[],"defaultTo":null,"notNullable":false,"unsigned":true},{"name":"updated_by_id","type":"integer","args":[],"defaultTo":null,"notNullable":false,"unsigned":true}]},{"name":"homes","indexes":[{"type":"unique","name":"homes_slug_unique","columns":["slug"]},{"name":"homes_created_by_id_fk","columns":["created_by_id"]},{"name":"homes_updated_by_id_fk","columns":["updated_by_id"]}],"foreignKeys":[{"name":"homes_created_by_id_fk","columns":["created_by_id"],"referencedTable":"admin_users","referencedColumns":["id"],"onDelete":"SET NULL"},{"name":"homes_updated_by_id_fk","columns":["updated_by_id"],"referencedTable":"admin_users","referencedColumns":["id"],"onDelete":"SET NULL"}],"columns":[{"name":"id","type":"increments","args":[{"primary":true,"primaryKey":true}],"defaultTo":null,"notNullable":true,"unsigned":false},{"name":"title","type":"string","args":[],"defaultTo":null,"notNullable":false,"unsigned":false},{"name":"description","type":"text","args":["longtext"],"defaultTo":null,"notNullable":false,"unsigned":false},{"name":"slug","type":"string","args":[],"defaultTo":null,"notNullable":false,"unsigned":false,"unique":true},{"name":"benefits","type":"text","args":["longtext"],"defaultTo":null,"notNullable":false,"unsigned":false},{"name":"created_at","type":"datetime","args":[{"useTz":false,"precision":6}],"defaultTo":null,"notNullable":false,"unsigned":false},{"name":"updated_at","type":"datetime","args":[{"useTz":false,"precision":6}],"defaultTo":null,"notNullable":false,"unsigned":false},{"name":"published_at","type":"datetime","args":[{"useTz":false,"precision":6}],"defaultTo":null,"notNullable":false,"unsigned":false},{"name":"created_by_id","type":"integer","args":[],"defaultTo":null,"notNullable":false,"unsigned":true},{"name":"updated_by_id","type":"integer","args":[],"defaultTo":null,"notNullable":false,"unsigned":true},{"name":"locale","type":"string","args":[],"defaultTo":null,"notNullable":false,"unsigned":false},{"name":"sitemap_exclude","type":"boolean","args":[],"defaultTo":null,"notNullable":false,"unsigned":false}]},{"name":"pages","indexes":[{"type":"unique","name":"pages_slug_unique","columns":["slug"]},{"name":"pages_created_by_id_fk","columns":["created_by_id"]},{"name":"pages_updated_by_id_fk","columns":["updated_by_id"]}],"foreignKeys":[{"name":"pages_created_by_id_fk","columns":["created_by_id"],"referencedTable":"admin_users","referencedColumns":["id"],"onDelete":"SET NULL"},{"name":"pages_updated_by_id_fk","columns":["updated_by_id"],"referencedTable":"admin_users","referencedColumns":["id"],"onDelete":"SET NULL"}],"columns":[{"name":"id","type":"increments","args":[{"primary":true,"primaryKey":true}],"defaultTo":null,"notNullable":true,"unsigned":false},{"name":"title","type":"string","args":[],"defaultTo":null,"notNullable":false,"unsigned":false},{"name":"slug","type":"string","args":[],"defaultTo":null,"notNullable":false,"unsigned":false,"unique":true},{"name":"content","type":"text","args":["longtext"],"defaultTo":null,"notNullable":false,"unsigned":false},{"name":"created_at","type":"datetime","args":[{"useTz":false,"precision":6}],"defaultTo":null,"notNullable":false,"unsigned":false},{"name":"updated_at","type":"datetime","args":[{"useTz":false,"precision":6}],"defaultTo":null,"notNullable":false,"unsigned":false},{"name":"published_at","type":"datetime","args":[{"useTz":false,"precision":6}],"defaultTo":null,"notNullable":false,"unsigned":false},{"name":"created_by_id","type":"integer","args":[],"defaultTo":null,"notNullable":false,"unsigned":true},{"name":"updated_by_id","type":"integer","args":[],"defaultTo":null,"notNullable":false,"unsigned":true},{"name":"locale","type":"string","args":[],"defaultTo":null,"notNullable":false,"unsigned":false},{"name":"sitemap_exclude","type":"boolean","args":[],"defaultTo":null,"notNullable":false,"unsigned":false}]},{"name":"files","indexes":[{"name":"files_created_by_id_fk","columns":["created_by_id"]},{"name":"files_updated_by_id_fk","columns":["updated_by_id"]}],"foreignKeys":[{"name":"files_created_by_id_fk","columns":["created_by_id"],"referencedTable":"admin_users","referencedColumns":["id"],"onDelete":"SET NULL"},{"name":"files_updated_by_id_fk","columns":["updated_by_id"],"referencedTable":"admin_users","referencedColumns":["id"],"onDelete":"SET NULL"}],"columns":[{"name":"id","type":"increments","args":[{"primary":true,"primaryKey":true}],"defaultTo":null,"notNullable":true,"unsigned":false},{"name":"name","type":"string","args":[],"defaultTo":null,"notNullable":false,"unsigned":false},{"name":"alternative_text","type":"string","args":[],"defaultTo":null,"notNullable":false,"unsigned":false},{"name":"caption","type":"string","args":[],"defaultTo":null,"notNullable":false,"unsigned":false},{"name":"width","type":"integer","args":[],"defaultTo":null,"notNullable":false,"unsigned":false},{"name":"height","type":"integer","args":[],"defaultTo":null,"notNullable":false,"unsigned":false},{"name":"formats","type":"jsonb","args":[],"defaultTo":null,"notNullable":false,"unsigned":false},{"name":"hash","type":"string","args":[],"defaultTo":null,"notNullable":false,"unsigned":false},{"name":"ext","type":"string","args":[],"defaultTo":null,"notNullable":false,"unsigned":false},{"name":"mime","type":"string","args":[],"defaultTo":null,"notNullable":false,"unsigned":false},{"name":"size","type":"decimal","args":[10,2],"defaultTo":null,"notNullable":false,"unsigned":false},{"name":"url","type":"string","args":[],"defaultTo":null,"notNullable":false,"unsigned":false},{"name":"preview_url","type":"string","args":[],"defaultTo":null,"notNullable":false,"unsigned":false},{"name":"provider","type":"string","args":[],"defaultTo":null,"notNullable":false,"unsigned":false},{"name":"provider_metadata","type":"jsonb","args":[],"defaultTo":null,"notNullable":false,"unsigned":false},{"name":"created_at","type":"datetime","args":[{"useTz":false,"precision":6}],"defaultTo":null,"notNullable":false,"unsigned":false},{"name":"updated_at","type":"datetime","args":[{"useTz":false,"precision":6}],"defaultTo":null,"notNullable":false,"unsigned":false},{"name":"created_by_id","type":"integer","args":[],"defaultTo":null,"notNullable":false,"unsigned":true},{"name":"updated_by_id","type":"integer","args":[],"defaultTo":null,"notNullable":false,"unsigned":true},{"name":"sitemap_exclude","type":"boolean","args":[],"defaultTo":null,"notNullable":false,"unsigned":false}]},{"name":"cms-analyser-results","indexes":[{"name":"cms-analyser-results_created_by_id_fk","columns":["created_by_id"]},{"name":"cms-analyser-results_updated_by_id_fk","columns":["updated_by_id"]}],"foreignKeys":[{"name":"cms-analyser-results_created_by_id_fk","columns":["created_by_id"],"referencedTable":"admin_users","referencedColumns":["id"],"onDelete":"SET NULL"},{"name":"cms-analyser-results_updated_by_id_fk","columns":["updated_by_id"],"referencedTable":"admin_users","referencedColumns":["id"],"onDelete":"SET NULL"}],"columns":[{"name":"id","type":"increments","args":[{"primary":true,"primaryKey":true}],"defaultTo":null,"notNullable":true,"unsigned":false},{"name":"key","type":"string","args":[],"defaultTo":null,"notNullable":false,"unsigned":false},{"name":"api_name","type":"string","args":[],"defaultTo":null,"notNullable":false,"unsigned":false},{"name":"front_url","type":"string","args":[],"defaultTo":null,"notNullable":false,"unsigned":false},{"name":"document_id","type":"integer","args":[],"defaultTo":null,"notNullable":false,"unsigned":false},{"name":"document_fields","type":"jsonb","args":[],"defaultTo":null,"notNullable":false,"unsigned":false},{"name":"seo_analyse","type":"jsonb","args":[],"defaultTo":null,"notNullable":false,"unsigned":false},{"name":"tags","type":"jsonb","args":[],"defaultTo":null,"notNullable":false,"unsigned":false},{"name":"screenshot","type":"string","args":[],"defaultTo":null,"notNullable":false,"unsigned":false},{"name":"depth","type":"integer","args":[],"defaultTo":null,"notNullable":false,"unsigned":false},{"name":"content_kind","type":"string","args":[],"defaultTo":null,"notNullable":false,"unsigned":false},{"name":"locale","type":"string","args":[],"defaultTo":null,"notNullable":false,"unsigned":false},{"name":"is_checked","type":"boolean","args":[],"defaultTo":null,"notNullable":false,"unsigned":false},{"name":"created_at","type":"datetime","args":[{"useTz":false,"precision":6}],"defaultTo":null,"notNullable":false,"unsigned":false},{"name":"updated_at","type":"datetime","args":[{"useTz":false,"precision":6}],"defaultTo":null,"notNullable":false,"unsigned":false},{"name":"created_by_id","type":"integer","args":[],"defaultTo":null,"notNullable":false,"unsigned":true},{"name":"updated_by_id","type":"integer","args":[],"defaultTo":null,"notNullable":false,"unsigned":true},{"name":"sitemap_exclude","type":"boolean","args":[],"defaultTo":null,"notNullable":false,"unsigned":false}]},{"name":"cms-analyser-matches","indexes":[{"name":"cms-analyser-matches_created_by_id_fk","columns":["created_by_id"]},{"name":"cms-analyser-matches_updated_by_id_fk","columns":["updated_by_id"]}],"foreignKeys":[{"name":"cms-analyser-matches_created_by_id_fk","columns":["created_by_id"],"referencedTable":"admin_users","referencedColumns":["id"],"onDelete":"SET NULL"},{"name":"cms-analyser-matches_updated_by_id_fk","columns":["updated_by_id"],"referencedTable":"admin_users","referencedColumns":["id"],"onDelete":"SET NULL"}],"columns":[{"name":"id","type":"increments","args":[{"primary":true,"primaryKey":true}],"defaultTo":null,"notNullable":true,"unsigned":false},{"name":"api_name","type":"string","args":[],"defaultTo":null,"notNullable":false,"unsigned":false},{"name":"field_name","type":"string","args":[],"defaultTo":null,"notNullable":false,"unsigned":false},{"name":"tag_name","type":"string","args":[],"defaultTo":null,"notNullable":false,"unsigned":false},{"name":"component_name","type":"string","args":[],"defaultTo":null,"notNullable":false,"unsigned":false},{"name":"dynamic_zone_name","type":"string","args":[],"defaultTo":null,"notNullable":false,"unsigned":false},{"name":"status","type":"string","args":[],"defaultTo":null,"notNullable":false,"unsigned":false},{"name":"is_multiple_doc","type":"boolean","args":[],"defaultTo":null,"notNullable":false,"unsigned":false},{"name":"created_at","type":"datetime","args":[{"useTz":false,"precision":6}],"defaultTo":null,"notNullable":false,"unsigned":false},{"name":"updated_at","type":"datetime","args":[{"useTz":false,"precision":6}],"defaultTo":null,"notNullable":false,"unsigned":false},{"name":"created_by_id","type":"integer","args":[],"defaultTo":null,"notNullable":false,"unsigned":true},{"name":"updated_by_id","type":"integer","args":[],"defaultTo":null,"notNullable":false,"unsigned":true},{"name":"sitemap_exclude","type":"boolean","args":[],"defaultTo":null,"notNullable":false,"unsigned":false}]},{"name":"cms-analyser-medias","indexes":[{"name":"cms-analyser-medias_created_by_id_fk","columns":["created_by_id"]},{"name":"cms-analyser-medias_updated_by_id_fk","columns":["updated_by_id"]}],"foreignKeys":[{"name":"cms-analyser-medias_created_by_id_fk","columns":["created_by_id"],"referencedTable":"admin_users","referencedColumns":["id"],"onDelete":"SET NULL"},{"name":"cms-analyser-medias_updated_by_id_fk","columns":["updated_by_id"],"referencedTable":"admin_users","referencedColumns":["id"],"onDelete":"SET NULL"}],"columns":[{"name":"id","type":"increments","args":[{"primary":true,"primaryKey":true}],"defaultTo":null,"notNullable":true,"unsigned":false},{"name":"front_url","type":"string","args":[],"defaultTo":null,"notNullable":false,"unsigned":false},{"name":"media_url","type":"string","args":[],"defaultTo":null,"notNullable":false,"unsigned":false},{"name":"height","type":"integer","args":[],"defaultTo":null,"notNullable":false,"unsigned":false},{"name":"width","type":"integer","args":[],"defaultTo":null,"notNullable":false,"unsigned":false},{"name":"alt","type":"string","args":[],"defaultTo":null,"notNullable":false,"unsigned":false},{"name":"data","type":"jsonb","args":[],"defaultTo":null,"notNullable":false,"unsigned":false},{"name":"status","type":"string","args":[],"defaultTo":null,"notNullable":false,"unsigned":false},{"name":"created_at","type":"datetime","args":[{"useTz":false,"precision":6}],"defaultTo":null,"notNullable":false,"unsigned":false},{"name":"updated_at","type":"datetime","args":[{"useTz":false,"precision":6}],"defaultTo":null,"notNullable":false,"unsigned":false},{"name":"created_by_id","type":"integer","args":[],"defaultTo":null,"notNullable":false,"unsigned":true},{"name":"updated_by_id","type":"integer","args":[],"defaultTo":null,"notNullable":false,"unsigned":true},{"name":"sitemap_exclude","type":"boolean","args":[],"defaultTo":null,"notNullable":false,"unsigned":false}]},{"name":"cms-analyser-summaries","indexes":[{"name":"cms-analyser-summaries_created_by_id_fk","columns":["created_by_id"]},{"name":"cms-analyser-summaries_updated_by_id_fk","columns":["updated_by_id"]}],"foreignKeys":[{"name":"cms-analyser-summaries_created_by_id_fk","columns":["created_by_id"],"referencedTable":"admin_users","referencedColumns":["id"],"onDelete":"SET NULL"},{"name":"cms-analyser-summaries_updated_by_id_fk","columns":["updated_by_id"],"referencedTable":"admin_users","referencedColumns":["id"],"onDelete":"SET NULL"}],"columns":[{"name":"id","type":"increments","args":[{"primary":true,"primaryKey":true}],"defaultTo":null,"notNullable":true,"unsigned":false},{"name":"front_url","type":"string","args":[],"defaultTo":null,"notNullable":false,"unsigned":false},{"name":"nb_url","type":"integer","args":[],"defaultTo":null,"notNullable":false,"unsigned":false},{"name":"nb_error_low","type":"integer","args":[],"defaultTo":null,"notNullable":false,"unsigned":false},{"name":"nb_error_high","type":"integer","args":[],"defaultTo":null,"notNullable":false,"unsigned":false},{"name":"user","type":"string","args":[],"defaultTo":null,"notNullable":false,"unsigned":false},{"name":"date","type":"datetime","args":[{"useTz":false,"precision":6}],"defaultTo":null,"notNullable":false,"unsigned":false},{"name":"created_at","type":"datetime","args":[{"useTz":false,"precision":6}],"defaultTo":null,"notNullable":false,"unsigned":false},{"name":"updated_at","type":"datetime","args":[{"useTz":false,"precision":6}],"defaultTo":null,"notNullable":false,"unsigned":false},{"name":"created_by_id","type":"integer","args":[],"defaultTo":null,"notNullable":false,"unsigned":true},{"name":"updated_by_id","type":"integer","args":[],"defaultTo":null,"notNullable":false,"unsigned":true},{"name":"sitemap_exclude","type":"boolean","args":[],"defaultTo":null,"notNullable":false,"unsigned":false}]},{"name":"i18n_locale","indexes":[{"name":"i18n_locale_created_by_id_fk","columns":["created_by_id"]},{"name":"i18n_locale_updated_by_id_fk","columns":["updated_by_id"]}],"foreignKeys":[{"name":"i18n_locale_created_by_id_fk","columns":["created_by_id"],"referencedTable":"admin_users","referencedColumns":["id"],"onDelete":"SET NULL"},{"name":"i18n_locale_updated_by_id_fk","columns":["updated_by_id"],"referencedTable":"admin_users","referencedColumns":["id"],"onDelete":"SET NULL"}],"columns":[{"name":"id","type":"increments","args":[{"primary":true,"primaryKey":true}],"defaultTo":null,"notNullable":true,"unsigned":false},{"name":"name","type":"string","args":[],"defaultTo":null,"notNullable":false,"unsigned":false},{"name":"code","type":"string","args":[],"defaultTo":null,"notNullable":false,"unsigned":false},{"name":"created_at","type":"datetime","args":[{"useTz":false,"precision":6}],"defaultTo":null,"notNullable":false,"unsigned":false},{"name":"updated_at","type":"datetime","args":[{"useTz":false,"precision":6}],"defaultTo":null,"notNullable":false,"unsigned":false},{"name":"created_by_id","type":"integer","args":[],"defaultTo":null,"notNullable":false,"unsigned":true},{"name":"updated_by_id","type":"integer","args":[],"defaultTo":null,"notNullable":false,"unsigned":true}]},{"name":"up_permissions","indexes":[{"name":"up_permissions_created_by_id_fk","columns":["created_by_id"]},{"name":"up_permissions_updated_by_id_fk","columns":["updated_by_id"]}],"foreignKeys":[{"name":"up_permissions_created_by_id_fk","columns":["created_by_id"],"referencedTable":"admin_users","referencedColumns":["id"],"onDelete":"SET NULL"},{"name":"up_permissions_updated_by_id_fk","columns":["updated_by_id"],"referencedTable":"admin_users","referencedColumns":["id"],"onDelete":"SET NULL"}],"columns":[{"name":"id","type":"increments","args":[{"primary":true,"primaryKey":true}],"defaultTo":null,"notNullable":true,"unsigned":false},{"name":"action","type":"string","args":[],"defaultTo":null,"notNullable":false,"unsigned":false},{"name":"created_at","type":"datetime","args":[{"useTz":false,"precision":6}],"defaultTo":null,"notNullable":false,"unsigned":false},{"name":"updated_at","type":"datetime","args":[{"useTz":false,"precision":6}],"defaultTo":null,"notNullable":false,"unsigned":false},{"name":"created_by_id","type":"integer","args":[],"defaultTo":null,"notNullable":false,"unsigned":true},{"name":"updated_by_id","type":"integer","args":[],"defaultTo":null,"notNullable":false,"unsigned":true}]},{"name":"up_roles","indexes":[{"name":"up_roles_created_by_id_fk","columns":["created_by_id"]},{"name":"up_roles_updated_by_id_fk","columns":["updated_by_id"]}],"foreignKeys":[{"name":"up_roles_created_by_id_fk","columns":["created_by_id"],"referencedTable":"admin_users","referencedColumns":["id"],"onDelete":"SET NULL"},{"name":"up_roles_updated_by_id_fk","columns":["updated_by_id"],"referencedTable":"admin_users","referencedColumns":["id"],"onDelete":"SET NULL"}],"columns":[{"name":"id","type":"increments","args":[{"primary":true,"primaryKey":true}],"defaultTo":null,"notNullable":true,"unsigned":false},{"name":"name","type":"string","args":[],"defaultTo":null,"notNullable":false,"unsigned":false},{"name":"description","type":"string","args":[],"defaultTo":null,"notNullable":false,"unsigned":false},{"name":"type","type":"string","args":[],"defaultTo":null,"notNullable":false,"unsigned":false},{"name":"created_at","type":"datetime","args":[{"useTz":false,"precision":6}],"defaultTo":null,"notNullable":false,"unsigned":false},{"name":"updated_at","type":"datetime","args":[{"useTz":false,"precision":6}],"defaultTo":null,"notNullable":false,"unsigned":false},{"name":"created_by_id","type":"integer","args":[],"defaultTo":null,"notNullable":false,"unsigned":true},{"name":"updated_by_id","type":"integer","args":[],"defaultTo":null,"notNullable":false,"unsigned":true}]},{"name":"up_users","indexes":[{"name":"up_users_created_by_id_fk","columns":["created_by_id"]},{"name":"up_users_updated_by_id_fk","columns":["updated_by_id"]}],"foreignKeys":[{"name":"up_users_created_by_id_fk","columns":["created_by_id"],"referencedTable":"admin_users","referencedColumns":["id"],"onDelete":"SET NULL"},{"name":"up_users_updated_by_id_fk","columns":["updated_by_id"],"referencedTable":"admin_users","referencedColumns":["id"],"onDelete":"SET NULL"}],"columns":[{"name":"id","type":"increments","args":[{"primary":true,"primaryKey":true}],"defaultTo":null,"notNullable":true,"unsigned":false},{"name":"username","type":"string","args":[],"defaultTo":null,"notNullable":false,"unsigned":false},{"name":"email","type":"string","args":[],"defaultTo":null,"notNullable":false,"unsigned":false},{"name":"provider","type":"string","args":[],"defaultTo":null,"notNullable":false,"unsigned":false},{"name":"password","type":"string","args":[],"defaultTo":null,"notNullable":false,"unsigned":false},{"name":"reset_password_token","type":"string","args":[],"defaultTo":null,"notNullable":false,"unsigned":false},{"name":"confirmation_token","type":"string","args":[],"defaultTo":null,"notNullable":false,"unsigned":false},{"name":"confirmed","type":"boolean","args":[],"defaultTo":null,"notNullable":false,"unsigned":false},{"name":"blocked","type":"boolean","args":[],"defaultTo":null,"notNullable":false,"unsigned":false},{"name":"created_at","type":"datetime","args":[{"useTz":false,"precision":6}],"defaultTo":null,"notNullable":false,"unsigned":false},{"name":"updated_at","type":"datetime","args":[{"useTz":false,"precision":6}],"defaultTo":null,"notNullable":false,"unsigned":false},{"name":"created_by_id","type":"integer","args":[],"defaultTo":null,"notNullable":false,"unsigned":true},{"name":"updated_by_id","type":"integer","args":[],"defaultTo":null,"notNullable":false,"unsigned":true},{"name":"sitemap_exclude","type":"boolean","args":[],"defaultTo":null,"notNullable":false,"unsigned":false}]},{"name":"audience","indexes":[{"type":"unique","name":"audience_key_unique","columns":["key"]},{"name":"audience_created_by_id_fk","columns":["created_by_id"]},{"name":"audience_updated_by_id_fk","columns":["updated_by_id"]}],"foreignKeys":[{"name":"audience_created_by_id_fk","columns":["created_by_id"],"referencedTable":"admin_users","referencedColumns":["id"],"onDelete":"SET NULL"},{"name":"audience_updated_by_id_fk","columns":["updated_by_id"],"referencedTable":"admin_users","referencedColumns":["id"],"onDelete":"SET NULL"}],"columns":[{"name":"id","type":"increments","args":[{"primary":true,"primaryKey":true}],"defaultTo":null,"notNullable":true,"unsigned":false},{"name":"name","type":"string","args":[],"defaultTo":null,"notNullable":false,"unsigned":false},{"name":"key","type":"string","args":[],"defaultTo":null,"notNullable":false,"unsigned":false,"unique":true},{"name":"created_at","type":"datetime","args":[{"useTz":false,"precision":6}],"defaultTo":null,"notNullable":false,"unsigned":false},{"name":"updated_at","type":"datetime","args":[{"useTz":false,"precision":6}],"defaultTo":null,"notNullable":false,"unsigned":false},{"name":"created_by_id","type":"integer","args":[],"defaultTo":null,"notNullable":false,"unsigned":true},{"name":"updated_by_id","type":"integer","args":[],"defaultTo":null,"notNullable":false,"unsigned":true},{"name":"sitemap_exclude","type":"boolean","args":[],"defaultTo":null,"notNullable":false,"unsigned":false}]},{"name":"navigations","indexes":[{"type":"unique","name":"navigations_slug_unique","columns":["slug"]},{"name":"navigations_created_by_id_fk","columns":["created_by_id"]},{"name":"navigations_updated_by_id_fk","columns":["updated_by_id"]}],"foreignKeys":[{"name":"navigations_created_by_id_fk","columns":["created_by_id"],"referencedTable":"admin_users","referencedColumns":["id"],"onDelete":"SET NULL"},{"name":"navigations_updated_by_id_fk","columns":["updated_by_id"],"referencedTable":"admin_users","referencedColumns":["id"],"onDelete":"SET NULL"}],"columns":[{"name":"id","type":"increments","args":[{"primary":true,"primaryKey":true}],"defaultTo":null,"notNullable":true,"unsigned":false},{"name":"name","type":"text","args":["longtext"],"defaultTo":null,"notNullable":false,"unsigned":false},{"name":"slug","type":"string","args":[],"defaultTo":null,"notNullable":false,"unsigned":false,"unique":true},{"name":"visible","type":"boolean","args":[],"defaultTo":null,"notNullable":false,"unsigned":false},{"name":"locale_code","type":"string","args":[],"defaultTo":null,"notNullable":false,"unsigned":false},{"name":"created_at","type":"datetime","args":[{"useTz":false,"precision":6}],"defaultTo":null,"notNullable":false,"unsigned":false},{"name":"updated_at","type":"datetime","args":[{"useTz":false,"precision":6}],"defaultTo":null,"notNullable":false,"unsigned":false},{"name":"created_by_id","type":"integer","args":[],"defaultTo":null,"notNullable":false,"unsigned":true},{"name":"updated_by_id","type":"integer","args":[],"defaultTo":null,"notNullable":false,"unsigned":true},{"name":"sitemap_exclude","type":"boolean","args":[],"defaultTo":null,"notNullable":false,"unsigned":false}]},{"name":"navigations_items","indexes":[{"name":"navigations_items_created_by_id_fk","columns":["created_by_id"]},{"name":"navigations_items_updated_by_id_fk","columns":["updated_by_id"]}],"foreignKeys":[{"name":"navigations_items_created_by_id_fk","columns":["created_by_id"],"referencedTable":"admin_users","referencedColumns":["id"],"onDelete":"SET NULL"},{"name":"navigations_items_updated_by_id_fk","columns":["updated_by_id"],"referencedTable":"admin_users","referencedColumns":["id"],"onDelete":"SET NULL"}],"columns":[{"name":"id","type":"increments","args":[{"primary":true,"primaryKey":true}],"defaultTo":null,"notNullable":true,"unsigned":false},{"name":"title","type":"text","args":["longtext"],"defaultTo":null,"notNullable":false,"unsigned":false},{"name":"type","type":"string","args":[],"defaultTo":null,"notNullable":false,"unsigned":false},{"name":"path","type":"text","args":["longtext"],"defaultTo":null,"notNullable":false,"unsigned":false},{"name":"external_path","type":"text","args":["longtext"],"defaultTo":null,"notNullable":false,"unsigned":false},{"name":"ui_router_key","type":"string","args":[],"defaultTo":null,"notNullable":false,"unsigned":false},{"name":"menu_attached","type":"boolean","args":[],"defaultTo":null,"notNullable":false,"unsigned":false},{"name":"order","type":"integer","args":[],"defaultTo":null,"notNullable":false,"unsigned":false},{"name":"collapsed","type":"boolean","args":[],"defaultTo":null,"notNullable":false,"unsigned":false},{"name":"created_at","type":"datetime","args":[{"useTz":false,"precision":6}],"defaultTo":null,"notNullable":false,"unsigned":false},{"name":"updated_at","type":"datetime","args":[{"useTz":false,"precision":6}],"defaultTo":null,"notNullable":false,"unsigned":false},{"name":"created_by_id","type":"integer","args":[],"defaultTo":null,"notNullable":false,"unsigned":true},{"name":"updated_by_id","type":"integer","args":[],"defaultTo":null,"notNullable":false,"unsigned":true},{"name":"sitemap_exclude","type":"boolean","args":[],"defaultTo":null,"notNullable":false,"unsigned":false}]},{"name":"navigations_items_related","indexes":[{"name":"navigations_items_related_created_by_id_fk","columns":["created_by_id"]},{"name":"navigations_items_related_updated_by_id_fk","columns":["updated_by_id"]}],"foreignKeys":[{"name":"navigations_items_related_created_by_id_fk","columns":["created_by_id"],"referencedTable":"admin_users","referencedColumns":["id"],"onDelete":"SET NULL"},{"name":"navigations_items_related_updated_by_id_fk","columns":["updated_by_id"],"referencedTable":"admin_users","referencedColumns":["id"],"onDelete":"SET NULL"}],"columns":[{"name":"id","type":"increments","args":[{"primary":true,"primaryKey":true}],"defaultTo":null,"notNullable":true,"unsigned":false},{"name":"related_id","type":"string","args":[],"defaultTo":null,"notNullable":false,"unsigned":false},{"name":"related_type","type":"string","args":[],"defaultTo":null,"notNullable":false,"unsigned":false},{"name":"field","type":"string","args":[],"defaultTo":null,"notNullable":false,"unsigned":false},{"name":"order","type":"integer","args":[],"defaultTo":null,"notNullable":false,"unsigned":false},{"name":"master","type":"string","args":[],"defaultTo":null,"notNullable":false,"unsigned":false},{"name":"created_at","type":"datetime","args":[{"useTz":false,"precision":6}],"defaultTo":null,"notNullable":false,"unsigned":false},{"name":"updated_at","type":"datetime","args":[{"useTz":false,"precision":6}],"defaultTo":null,"notNullable":false,"unsigned":false},{"name":"created_by_id","type":"integer","args":[],"defaultTo":null,"notNullable":false,"unsigned":true},{"name":"updated_by_id","type":"integer","args":[],"defaultTo":null,"notNullable":false,"unsigned":true},{"name":"sitemap_exclude","type":"boolean","args":[],"defaultTo":null,"notNullable":false,"unsigned":false}]},{"name":"components_shared_meta_socials","indexes":[],"foreignKeys":[],"columns":[{"name":"id","type":"increments","args":[{"primary":true,"primaryKey":true}],"defaultTo":null,"notNullable":true,"unsigned":false},{"name":"social_network","type":"string","args":[],"defaultTo":null,"notNullable":false,"unsigned":false},{"name":"title","type":"string","args":[],"defaultTo":null,"notNullable":false,"unsigned":false},{"name":"description","type":"string","args":[],"defaultTo":null,"notNullable":false,"unsigned":false}]},{"name":"components_shared_seos","indexes":[],"foreignKeys":[],"columns":[{"name":"id","type":"increments","args":[{"primary":true,"primaryKey":true}],"defaultTo":null,"notNullable":true,"unsigned":false},{"name":"meta_title","type":"string","args":[],"defaultTo":null,"notNullable":false,"unsigned":false},{"name":"meta_description","type":"string","args":[],"defaultTo":null,"notNullable":false,"unsigned":false},{"name":"keywords","type":"text","args":["longtext"],"defaultTo":null,"notNullable":false,"unsigned":false},{"name":"meta_robots","type":"string","args":[],"defaultTo":null,"notNullable":false,"unsigned":false},{"name":"structured_data","type":"jsonb","args":[],"defaultTo":null,"notNullable":false,"unsigned":false},{"name":"meta_viewport","type":"string","args":[],"defaultTo":null,"notNullable":false,"unsigned":false},{"name":"canonical_url","type":"string","args":[],"defaultTo":null,"notNullable":false,"unsigned":false}]},{"name":"admin_permissions_role_links","indexes":[{"name":"admin_permissions_role_links_fk","columns":["permission_id"]},{"name":"admin_permissions_role_links_inv_fk","columns":["role_id"]}],"foreignKeys":[{"name":"admin_permissions_role_links_fk","columns":["permission_id"],"referencedColumns":["id"],"referencedTable":"admin_permissions","onDelete":"CASCADE"},{"name":"admin_permissions_role_links_inv_fk","columns":["role_id"],"referencedColumns":["id"],"referencedTable":"admin_roles","onDelete":"CASCADE"}],"columns":[{"name":"permission_id","type":"integer","args":[],"defaultTo":null,"notNullable":false,"unsigned":true},{"name":"role_id","type":"integer","args":[],"defaultTo":null,"notNullable":false,"unsigned":true}]},{"name":"admin_users_roles_links","indexes":[{"name":"admin_users_roles_links_fk","columns":["user_id"]},{"name":"admin_users_roles_links_inv_fk","columns":["role_id"]}],"foreignKeys":[{"name":"admin_users_roles_links_fk","columns":["user_id"],"referencedColumns":["id"],"referencedTable":"admin_users","onDelete":"CASCADE"},{"name":"admin_users_roles_links_inv_fk","columns":["role_id"],"referencedColumns":["id"],"referencedTable":"admin_roles","onDelete":"CASCADE"}],"columns":[{"name":"user_id","type":"integer","args":[],"defaultTo":null,"notNullable":false,"unsigned":true},{"name":"role_id","type":"integer","args":[],"defaultTo":null,"notNullable":false,"unsigned":true}]},{"name":"homes_components","indexes":[{"name":"homes_field_index","columns":["field"],"type":null},{"name":"homes_component_type_index","columns":["component_type"],"type":null},{"name":"homes_entity_fk","columns":["entity_id"]}],"foreignKeys":[{"name":"homes_entity_fk","columns":["entity_id"],"referencedColumns":["id"],"referencedTable":"homes","onDelete":"CASCADE"}],"columns":[{"name":"id","type":"increments","args":[{"primary":true,"primaryKey":true}],"defaultTo":null,"notNullable":true,"unsigned":false},{"name":"entity_id","type":"integer","args":[],"defaultTo":null,"notNullable":false,"unsigned":true},{"name":"component_id","type":"integer","args":[],"defaultTo":null,"notNullable":false,"unsigned":true},{"name":"component_type","type":"string","args":[],"defaultTo":null,"notNullable":false,"unsigned":false},{"name":"field","type":"string","args":[],"defaultTo":null,"notNullable":false,"unsigned":false},{"name":"order","type":"integer","args":[],"defaultTo":0,"notNullable":false,"unsigned":true}]},{"name":"homes_localizations_links","indexes":[{"name":"homes_localizations_links_fk","columns":["home_id"]},{"name":"homes_localizations_links_inv_fk","columns":["inv_home_id"]}],"foreignKeys":[{"name":"homes_localizations_links_fk","columns":["home_id"],"referencedColumns":["id"],"referencedTable":"homes","onDelete":"CASCADE"},{"name":"homes_localizations_links_inv_fk","columns":["inv_home_id"],"referencedColumns":["id"],"referencedTable":"homes","onDelete":"CASCADE"}],"columns":[{"name":"home_id","type":"integer","args":[],"defaultTo":null,"notNullable":false,"unsigned":true},{"name":"inv_home_id","type":"integer","args":[],"defaultTo":null,"notNullable":false,"unsigned":true}]},{"name":"pages_components","indexes":[{"name":"pages_field_index","columns":["field"],"type":null},{"name":"pages_component_type_index","columns":["component_type"],"type":null},{"name":"pages_entity_fk","columns":["entity_id"]}],"foreignKeys":[{"name":"pages_entity_fk","columns":["entity_id"],"referencedColumns":["id"],"referencedTable":"pages","onDelete":"CASCADE"}],"columns":[{"name":"id","type":"increments","args":[{"primary":true,"primaryKey":true}],"defaultTo":null,"notNullable":true,"unsigned":false},{"name":"entity_id","type":"integer","args":[],"defaultTo":null,"notNullable":false,"unsigned":true},{"name":"component_id","type":"integer","args":[],"defaultTo":null,"notNullable":false,"unsigned":true},{"name":"component_type","type":"string","args":[],"defaultTo":null,"notNullable":false,"unsigned":false},{"name":"field","type":"string","args":[],"defaultTo":null,"notNullable":false,"unsigned":false},{"name":"order","type":"integer","args":[],"defaultTo":0,"notNullable":false,"unsigned":true}]},{"name":"pages_localizations_links","indexes":[{"name":"pages_localizations_links_fk","columns":["page_id"]},{"name":"pages_localizations_links_inv_fk","columns":["inv_page_id"]}],"foreignKeys":[{"name":"pages_localizations_links_fk","columns":["page_id"],"referencedColumns":["id"],"referencedTable":"pages","onDelete":"CASCADE"},{"name":"pages_localizations_links_inv_fk","columns":["inv_page_id"],"referencedColumns":["id"],"referencedTable":"pages","onDelete":"CASCADE"}],"columns":[{"name":"page_id","type":"integer","args":[],"defaultTo":null,"notNullable":false,"unsigned":true},{"name":"inv_page_id","type":"integer","args":[],"defaultTo":null,"notNullable":false,"unsigned":true}]},{"name":"files_related_morphs","indexes":[{"name":"files_related_morphs_fk","columns":["file_id"]}],"foreignKeys":[{"name":"files_related_morphs_fk","columns":["file_id"],"referencedColumns":["id"],"referencedTable":"files","onDelete":"CASCADE"}],"columns":[{"name":"file_id","type":"integer","args":[],"defaultTo":null,"notNullable":false,"unsigned":true},{"name":"related_id","type":"integer","args":[],"defaultTo":null,"notNullable":false,"unsigned":true},{"name":"related_type","type":"string","args":[],"defaultTo":null,"notNullable":false,"unsigned":false},{"name":"field","type":"string","args":[],"defaultTo":null,"notNullable":false,"unsigned":false},{"name":"order","type":"integer","args":[],"defaultTo":null,"notNullable":false,"unsigned":true}]},{"name":"up_permissions_role_links","indexes":[{"name":"up_permissions_role_links_fk","columns":["permission_id"]},{"name":"up_permissions_role_links_inv_fk","columns":["role_id"]}],"foreignKeys":[{"name":"up_permissions_role_links_fk","columns":["permission_id"],"referencedColumns":["id"],"referencedTable":"up_permissions","onDelete":"CASCADE"},{"name":"up_permissions_role_links_inv_fk","columns":["role_id"],"referencedColumns":["id"],"referencedTable":"up_roles","onDelete":"CASCADE"}],"columns":[{"name":"permission_id","type":"integer","args":[],"defaultTo":null,"notNullable":false,"unsigned":true},{"name":"role_id","type":"integer","args":[],"defaultTo":null,"notNullable":false,"unsigned":true}]},{"name":"up_users_role_links","indexes":[{"name":"up_users_role_links_fk","columns":["user_id"]},{"name":"up_users_role_links_inv_fk","columns":["role_id"]}],"foreignKeys":[{"name":"up_users_role_links_fk","columns":["user_id"],"referencedColumns":["id"],"referencedTable":"up_users","onDelete":"CASCADE"},{"name":"up_users_role_links_inv_fk","columns":["role_id"],"referencedColumns":["id"],"referencedTable":"up_roles","onDelete":"CASCADE"}],"columns":[{"name":"user_id","type":"integer","args":[],"defaultTo":null,"notNullable":false,"unsigned":true},{"name":"role_id","type":"integer","args":[],"defaultTo":null,"notNullable":false,"unsigned":true}]},{"name":"navigations_items_links","indexes":[{"name":"navigations_items_links_fk","columns":["navigation_id"]},{"name":"navigations_items_links_inv_fk","columns":["navigation_item_id"]}],"foreignKeys":[{"name":"navigations_items_links_fk","columns":["navigation_id"],"referencedColumns":["id"],"referencedTable":"navigations","onDelete":"CASCADE"},{"name":"navigations_items_links_inv_fk","columns":["navigation_item_id"],"referencedColumns":["id"],"referencedTable":"navigations_items","onDelete":"CASCADE"}],"columns":[{"name":"navigation_id","type":"integer","args":[],"defaultTo":null,"notNullable":false,"unsigned":true},{"name":"navigation_item_id","type":"integer","args":[],"defaultTo":null,"notNullable":false,"unsigned":true}]},{"name":"navigations_localizations_links","indexes":[{"name":"navigations_localizations_links_fk","columns":["navigation_id"]},{"name":"navigations_localizations_links_inv_fk","columns":["inv_navigation_id"]}],"foreignKeys":[{"name":"navigations_localizations_links_fk","columns":["navigation_id"],"referencedColumns":["id"],"referencedTable":"navigations","onDelete":"CASCADE"},{"name":"navigations_localizations_links_inv_fk","columns":["inv_navigation_id"],"referencedColumns":["id"],"referencedTable":"navigations","onDelete":"CASCADE"}],"columns":[{"name":"navigation_id","type":"integer","args":[],"defaultTo":null,"notNullable":false,"unsigned":true},{"name":"inv_navigation_id","type":"integer","args":[],"defaultTo":null,"notNullable":false,"unsigned":true}]},{"name":"navigations_items_related_links","indexes":[{"name":"navigations_items_related_links_fk","columns":["navigation_item_id"]},{"name":"navigations_items_related_links_inv_fk","columns":["navigations_items_related_id"]}],"foreignKeys":[{"name":"navigations_items_related_links_fk","columns":["navigation_item_id"],"referencedColumns":["id"],"referencedTable":"navigations_items","onDelete":"CASCADE"},{"name":"navigations_items_related_links_inv_fk","columns":["navigations_items_related_id"],"referencedColumns":["id"],"referencedTable":"navigations_items_related","onDelete":"CASCADE"}],"columns":[{"name":"navigation_item_id","type":"integer","args":[],"defaultTo":null,"notNullable":false,"unsigned":true},{"name":"navigations_items_related_id","type":"integer","args":[],"defaultTo":null,"notNullable":false,"unsigned":true}]},{"name":"navigations_items_parent_links","indexes":[{"name":"navigations_items_parent_links_fk","columns":["navigation_item_id"]},{"name":"navigations_items_parent_links_inv_fk","columns":["inv_navigation_item_id"]}],"foreignKeys":[{"name":"navigations_items_parent_links_fk","columns":["navigation_item_id"],"referencedColumns":["id"],"referencedTable":"navigations_items","onDelete":"CASCADE"},{"name":"navigations_items_parent_links_inv_fk","columns":["inv_navigation_item_id"],"referencedColumns":["id"],"referencedTable":"navigations_items","onDelete":"CASCADE"}],"columns":[{"name":"navigation_item_id","type":"integer","args":[],"defaultTo":null,"notNullable":false,"unsigned":true},{"name":"inv_navigation_item_id","type":"integer","args":[],"defaultTo":null,"notNullable":false,"unsigned":true}]},{"name":"navigations_items_master_links","indexes":[{"name":"navigations_items_master_links_fk","columns":["navigation_item_id"]},{"name":"navigations_items_master_links_inv_fk","columns":["navigation_id"]}],"foreignKeys":[{"name":"navigations_items_master_links_fk","columns":["navigation_item_id"],"referencedColumns":["id"],"referencedTable":"navigations_items","onDelete":"CASCADE"},{"name":"navigations_items_master_links_inv_fk","columns":["navigation_id"],"referencedColumns":["id"],"referencedTable":"navigations","onDelete":"CASCADE"}],"columns":[{"name":"navigation_item_id","type":"integer","args":[],"defaultTo":null,"notNullable":false,"unsigned":true},{"name":"navigation_id","type":"integer","args":[],"defaultTo":null,"notNullable":false,"unsigned":true}]},{"name":"navigations_items_audience_links","indexes":[{"name":"navigations_items_audience_links_fk","columns":["navigation_item_id"]},{"name":"navigations_items_audience_links_inv_fk","columns":["audience_id"]}],"foreignKeys":[{"name":"navigations_items_audience_links_fk","columns":["navigation_item_id"],"referencedColumns":["id"],"referencedTable":"navigations_items","onDelete":"CASCADE"},{"name":"navigations_items_audience_links_inv_fk","columns":["audience_id"],"referencedColumns":["id"],"referencedTable":"audience","onDelete":"CASCADE"}],"columns":[{"name":"navigation_item_id","type":"integer","args":[],"defaultTo":null,"notNullable":false,"unsigned":true},{"name":"audience_id","type":"integer","args":[],"defaultTo":null,"notNullable":false,"unsigned":true}]},{"name":"components_shared_seos_components","indexes":[{"name":"components_shared_seos_field_index","columns":["field"],"type":null},{"name":"components_shared_seos_component_type_index","columns":["component_type"],"type":null},{"name":"components_shared_seos_entity_fk","columns":["entity_id"]}],"foreignKeys":[{"name":"components_shared_seos_entity_fk","columns":["entity_id"],"referencedColumns":["id"],"referencedTable":"components_shared_seos","onDelete":"CASCADE"}],"columns":[{"name":"id","type":"increments","args":[{"primary":true,"primaryKey":true}],"defaultTo":null,"notNullable":true,"unsigned":false},{"name":"entity_id","type":"integer","args":[],"defaultTo":null,"notNullable":false,"unsigned":true},{"name":"component_id","type":"integer","args":[],"defaultTo":null,"notNullable":false,"unsigned":true},{"name":"component_type","type":"string","args":[],"defaultTo":null,"notNullable":false,"unsigned":false},{"name":"field","type":"string","args":[],"defaultTo":null,"notNullable":false,"unsigned":false},{"name":"order","type":"integer","args":[],"defaultTo":0,"notNullable":false,"unsigned":true}]}]}',1657419566082,'2d15b48970bdfab8224763f724892554');
CREATE TABLE `strapi_core_store_settings` (`id` integer not null primary key autoincrement, `key` varchar(255) null, `value` text null, `type` varchar(255) null, `environment` varchar(255) null, `tag` varchar(255) null);
INSERT INTO strapi_core_store_settings VALUES(1,'strapi_content_types_schema','{"admin::permission":{"collectionName":"admin_permissions","info":{"name":"Permission","description":"","singularName":"permission","pluralName":"permissions","displayName":"Permission"},"options":{},"pluginOptions":{"content-manager":{"visible":false},"content-type-builder":{"visible":false}},"attributes":{"action":{"type":"string","minLength":1,"configurable":false,"required":true},"subject":{"type":"string","minLength":1,"configurable":false,"required":false},"properties":{"type":"json","configurable":false,"required":false,"default":{}},"conditions":{"type":"json","configurable":false,"required":false,"default":[]},"role":{"configurable":false,"type":"relation","relation":"manyToOne","inversedBy":"permissions","target":"admin::role"},"createdAt":{"type":"datetime"},"updatedAt":{"type":"datetime"},"createdBy":{"type":"relation","relation":"oneToOne","target":"admin::user","configurable":false,"writable":false,"visible":false,"useJoinTable":false,"private":true},"updatedBy":{"type":"relation","relation":"oneToOne","target":"admin::user","configurable":false,"writable":false,"visible":false,"useJoinTable":false,"private":true}},"kind":"collectionType","__schema__":{"collectionName":"admin_permissions","info":{"name":"Permission","description":"","singularName":"permission","pluralName":"permissions","displayName":"Permission"},"options":{},"pluginOptions":{"content-manager":{"visible":false},"content-type-builder":{"visible":false}},"attributes":{"action":{"type":"string","minLength":1,"configurable":false,"required":true},"subject":{"type":"string","minLength":1,"configurable":false,"required":false},"properties":{"type":"json","configurable":false,"required":false,"default":{}},"conditions":{"type":"json","configurable":false,"required":false,"default":[]},"role":{"configurable":false,"type":"relation","relation":"manyToOne","inversedBy":"permissions","target":"admin::role"}},"kind":"collectionType"},"modelType":"contentType","modelName":"permission","connection":"default","uid":"admin::permission","plugin":"admin","globalId":"AdminPermission"},"admin::user":{"collectionName":"admin_users","info":{"name":"User","description":"","singularName":"user","pluralName":"users","displayName":"User"},"pluginOptions":{"content-manager":{"visible":false},"content-type-builder":{"visible":false}},"attributes":{"firstname":{"type":"string","unique":false,"minLength":1,"configurable":false,"required":false},"lastname":{"type":"string","unique":false,"minLength":1,"configurable":false,"required":false},"username":{"type":"string","unique":false,"configurable":false,"required":false},"email":{"type":"email","minLength":6,"configurable":false,"required":true,"unique":true,"private":true},"password":{"type":"password","minLength":6,"configurable":false,"required":false,"private":true},"resetPasswordToken":{"type":"string","configurable":false,"private":true},"registrationToken":{"type":"string","configurable":false,"private":true},"isActive":{"type":"boolean","default":false,"configurable":false,"private":true},"roles":{"configurable":false,"private":true,"type":"relation","relation":"manyToMany","inversedBy":"users","target":"admin::role","collectionName":"strapi_users_roles"},"blocked":{"type":"boolean","default":false,"configurable":false,"private":true},"preferedLanguage":{"type":"string","configurable":false,"required":false},"createdAt":{"type":"datetime"},"updatedAt":{"type":"datetime"},"createdBy":{"type":"relation","relation":"oneToOne","target":"admin::user","configurable":false,"writable":false,"visible":false,"useJoinTable":false,"private":true},"updatedBy":{"type":"relation","relation":"oneToOne","target":"admin::user","configurable":false,"writable":false,"visible":false,"useJoinTable":false,"private":true}},"kind":"collectionType","__schema__":{"collectionName":"admin_users","info":{"name":"User","description":"","singularName":"user","pluralName":"users","displayName":"User"},"pluginOptions":{"content-manager":{"visible":false},"content-type-builder":{"visible":false}},"attributes":{"firstname":{"type":"string","unique":false,"minLength":1,"configurable":false,"required":false},"lastname":{"type":"string","unique":false,"minLength":1,"configurable":false,"required":false},"username":{"type":"string","unique":false,"configurable":false,"required":false},"email":{"type":"email","minLength":6,"configurable":false,"required":true,"unique":true,"private":true},"password":{"type":"password","minLength":6,"configurable":false,"required":false,"private":true},"resetPasswordToken":{"type":"string","configurable":false,"private":true},"registrationToken":{"type":"string","configurable":false,"private":true},"isActive":{"type":"boolean","default":false,"configurable":false,"private":true},"roles":{"configurable":false,"private":true,"type":"relation","relation":"manyToMany","inversedBy":"users","target":"admin::role","collectionName":"strapi_users_roles"},"blocked":{"type":"boolean","default":false,"configurable":false,"private":true},"preferedLanguage":{"type":"string","configurable":false,"required":false}},"kind":"collectionType"},"modelType":"contentType","modelName":"user","connection":"default","uid":"admin::user","plugin":"admin","globalId":"AdminUser"},"admin::role":{"collectionName":"admin_roles","info":{"name":"Role","description":"","singularName":"role","pluralName":"roles","displayName":"Role"},"options":{},"pluginOptions":{"content-manager":{"visible":false},"content-type-builder":{"visible":false}},"attributes":{"name":{"type":"string","minLength":1,"unique":true,"configurable":false,"required":true},"code":{"type":"string","minLength":1,"unique":true,"configurable":false,"required":true},"description":{"type":"string","configurable":false},"users":{"configurable":false,"type":"relation","relation":"manyToMany","mappedBy":"roles","target":"admin::user"},"permissions":{"configurable":false,"type":"relation","relation":"oneToMany","mappedBy":"role","target":"admin::permission"},"createdAt":{"type":"datetime"},"updatedAt":{"type":"datetime"},"createdBy":{"type":"relation","relation":"oneToOne","target":"admin::user","configurable":false,"writable":false,"visible":false,"useJoinTable":false,"private":true},"updatedBy":{"type":"relation","relation":"oneToOne","target":"admin::user","configurable":false,"writable":false,"visible":false,"useJoinTable":false,"private":true}},"kind":"collectionType","__schema__":{"collectionName":"admin_roles","info":{"name":"Role","description":"","singularName":"role","pluralName":"roles","displayName":"Role"},"options":{},"pluginOptions":{"content-manager":{"visible":false},"content-type-builder":{"visible":false}},"attributes":{"name":{"type":"string","minLength":1,"unique":true,"configurable":false,"required":true},"code":{"type":"string","minLength":1,"unique":true,"configurable":false,"required":true},"description":{"type":"string","configurable":false},"users":{"configurable":false,"type":"relation","relation":"manyToMany","mappedBy":"roles","target":"admin::user"},"permissions":{"configurable":false,"type":"relation","relation":"oneToMany","mappedBy":"role","target":"admin::permission"}},"kind":"collectionType"},"modelType":"contentType","modelName":"role","connection":"default","uid":"admin::role","plugin":"admin","globalId":"AdminRole"},"admin::api-token":{"collectionName":"strapi_api_tokens","info":{"name":"Api Token","singularName":"api-token","pluralName":"api-tokens","displayName":"Api Token","description":""},"options":{},"pluginOptions":{"content-manager":{"visible":false},"content-type-builder":{"visible":false}},"attributes":{"name":{"type":"string","minLength":1,"configurable":false,"required":true},"description":{"type":"string","minLength":1,"configurable":false,"required":false,"default":""},"type":{"type":"enumeration","enum":["read-only","full-access"],"configurable":false,"required":false,"default":"read-only"},"accessKey":{"type":"string","minLength":1,"configurable":false,"required":true},"createdAt":{"type":"datetime"},"updatedAt":{"type":"datetime"},"createdBy":{"type":"relation","relation":"oneToOne","target":"admin::user","configurable":false,"writable":false,"visible":false,"useJoinTable":false,"private":true},"updatedBy":{"type":"relation","relation":"oneToOne","target":"admin::user","configurable":false,"writable":false,"visible":false,"useJoinTable":false,"private":true}},"kind":"collectionType","__schema__":{"collectionName":"strapi_api_tokens","info":{"name":"Api Token","singularName":"api-token","pluralName":"api-tokens","displayName":"Api Token","description":""},"options":{},"pluginOptions":{"content-manager":{"visible":false},"content-type-builder":{"visible":false}},"attributes":{"name":{"type":"string","minLength":1,"configurable":false,"required":true},"description":{"type":"string","minLength":1,"configurable":false,"required":false,"default":""},"type":{"type":"enumeration","enum":["read-only","full-access"],"configurable":false,"required":false,"default":"read-only"},"accessKey":{"type":"string","minLength":1,"configurable":false,"required":true}},"kind":"collectionType"},"modelType":"contentType","modelName":"api-token","connection":"default","uid":"admin::api-token","plugin":"admin","globalId":"AdminApiToken"},"api::home.home":{"kind":"singleType","collectionName":"homes","info":{"singularName":"home","pluralName":"homes","displayName":"Home","description":""},"options":{"draftAndPublish":true},"pluginOptions":{"i18n":{"localized":true}},"attributes":{"Title":{"pluginOptions":{"i18n":{"localized":true}},"type":"string","required":true},"Description":{"pluginOptions":{"i18n":{"localized":true}},"type":"text"},"slug":{"pluginOptions":{"i18n":{"localized":true}},"type":"uid","targetField":"Title"},"Benefits":{"pluginOptions":{"i18n":{"localized":true}},"type":"richtext"},"SEO":{"type":"component","repeatable":true,"pluginOptions":{"i18n":{"localized":true}},"component":"shared.seo"},"createdAt":{"type":"datetime"},"updatedAt":{"type":"datetime"},"publishedAt":{"type":"datetime","configurable":false,"writable":true,"visible":false},"createdBy":{"type":"relation","relation":"oneToOne","target":"admin::user","configurable":false,"writable":false,"visible":false,"useJoinTable":false,"private":true},"updatedBy":{"type":"relation","relation":"oneToOne","target":"admin::user","configurable":false,"writable":false,"visible":false,"useJoinTable":false,"private":true},"localizations":{"writable":true,"private":false,"configurable":false,"visible":false,"type":"relation","relation":"oneToMany","target":"api::home.home"},"locale":{"writable":true,"private":false,"configurable":false,"visible":false,"type":"string"},"sitemap_exclude":{"writable":true,"private":true,"configurable":false,"visible":false,"default":false,"type":"boolean"}},"__schema__":{"collectionName":"homes","info":{"singularName":"home","pluralName":"homes","displayName":"Home","description":""},"options":{"draftAndPublish":true},"pluginOptions":{"i18n":{"localized":true}},"attributes":{"Title":{"pluginOptions":{"i18n":{"localized":true}},"type":"string","required":true},"Description":{"pluginOptions":{"i18n":{"localized":true}},"type":"text"},"slug":{"pluginOptions":{"i18n":{"localized":true}},"type":"uid","targetField":"Title"},"Benefits":{"pluginOptions":{"i18n":{"localized":true}},"type":"richtext"},"SEO":{"type":"component","repeatable":true,"pluginOptions":{"i18n":{"localized":true}},"component":"shared.seo"}},"kind":"singleType"},"modelType":"contentType","modelName":"home","connection":"default","uid":"api::home.home","apiName":"home","globalId":"Home","actions":{},"lifecycles":{}},"api::page.page":{"kind":"collectionType","collectionName":"pages","info":{"singularName":"page","pluralName":"pages","displayName":"Page","description":""},"options":{"draftAndPublish":true},"pluginOptions":{"i18n":{"localized":true}},"attributes":{"Title":{"pluginOptions":{"i18n":{"localized":true}},"type":"string"},"slug":{"pluginOptions":{"i18n":{"localized":true}},"type":"uid","targetField":"Title"},"Content":{"pluginOptions":{"i18n":{"localized":true}},"type":"richtext"},"SEO":{"type":"component","repeatable":true,"pluginOptions":{"i18n":{"localized":true}},"component":"shared.seo"},"createdAt":{"type":"datetime"},"updatedAt":{"type":"datetime"},"publishedAt":{"type":"datetime","configurable":false,"writable":true,"visible":false},"createdBy":{"type":"relation","relation":"oneToOne","target":"admin::user","configurable":false,"writable":false,"visible":false,"useJoinTable":false,"private":true},"updatedBy":{"type":"relation","relation":"oneToOne","target":"admin::user","configurable":false,"writable":false,"visible":false,"useJoinTable":false,"private":true},"localizations":{"writable":true,"private":false,"configurable":false,"visible":false,"type":"relation","relation":"oneToMany","target":"api::page.page"},"locale":{"writable":true,"private":false,"configurable":false,"visible":false,"type":"string"},"sitemap_exclude":{"writable":true,"private":true,"configurable":false,"visible":false,"default":false,"type":"boolean"}},"__schema__":{"collectionName":"pages","info":{"singularName":"page","pluralName":"pages","displayName":"Page","description":""},"options":{"draftAndPublish":true},"pluginOptions":{"i18n":{"localized":true}},"attributes":{"Title":{"pluginOptions":{"i18n":{"localized":true}},"type":"string"},"slug":{"pluginOptions":{"i18n":{"localized":true}},"type":"uid","targetField":"Title"},"Content":{"pluginOptions":{"i18n":{"localized":true}},"type":"richtext"},"SEO":{"type":"component","repeatable":true,"pluginOptions":{"i18n":{"localized":true}},"component":"shared.seo"}},"kind":"collectionType"},"modelType":"contentType","modelName":"page","connection":"default","uid":"api::page.page","apiName":"page","globalId":"Page","actions":{},"lifecycles":{}},"plugin::upload.file":{"collectionName":"files","info":{"singularName":"file","pluralName":"files","displayName":"File","description":""},"options":{},"pluginOptions":{"content-manager":{"visible":false},"content-type-builder":{"visible":false}},"attributes":{"name":{"type":"string","configurable":false,"required":true},"alternativeText":{"type":"string","configurable":false},"caption":{"type":"string","configurable":false},"width":{"type":"integer","configurable":false},"height":{"type":"integer","configurable":false},"formats":{"type":"json","configurable":false},"hash":{"type":"string","configurable":false,"required":true},"ext":{"type":"string","configurable":false},"mime":{"type":"string","configurable":false,"required":true},"size":{"type":"decimal","configurable":false,"required":true},"url":{"type":"string","configurable":false,"required":true},"previewUrl":{"type":"string","configurable":false},"provider":{"type":"string","configurable":false,"required":true},"provider_metadata":{"type":"json","configurable":false},"related":{"type":"relation","relation":"morphToMany","configurable":false},"createdAt":{"type":"datetime"},"updatedAt":{"type":"datetime"},"createdBy":{"type":"relation","relation":"oneToOne","target":"admin::user","configurable":false,"writable":false,"visible":false,"useJoinTable":false,"private":true},"updatedBy":{"type":"relation","relation":"oneToOne","target":"admin::user","configurable":false,"writable":false,"visible":false,"useJoinTable":false,"private":true},"sitemap_exclude":{"writable":true,"private":true,"configurable":false,"visible":false,"default":false,"type":"boolean"}},"kind":"collectionType","__schema__":{"collectionName":"files","info":{"singularName":"file","pluralName":"files","displayName":"File","description":""},"options":{},"pluginOptions":{"content-manager":{"visible":false},"content-type-builder":{"visible":false}},"attributes":{"name":{"type":"string","configurable":false,"required":true},"alternativeText":{"type":"string","configurable":false},"caption":{"type":"string","configurable":false},"width":{"type":"integer","configurable":false},"height":{"type":"integer","configurable":false},"formats":{"type":"json","configurable":false},"hash":{"type":"string","configurable":false,"required":true},"ext":{"type":"string","configurable":false},"mime":{"type":"string","configurable":false,"required":true},"size":{"type":"decimal","configurable":false,"required":true},"url":{"type":"string","configurable":false,"required":true},"previewUrl":{"type":"string","configurable":false},"provider":{"type":"string","configurable":false,"required":true},"provider_metadata":{"type":"json","configurable":false},"related":{"type":"relation","relation":"morphToMany","configurable":false}},"kind":"collectionType"},"modelType":"contentType","modelName":"file","connection":"default","uid":"plugin::upload.file","plugin":"upload","globalId":"UploadFile"},"plugin::cms-analyzer.analyse":{"kind":"collectionType","collectionName":"cms-analyser-results","info":{"singularName":"analyse","pluralName":"analyses","collectionName":"cms-analyser-results","displayName":"CmsAnalyzerResults","description":"Cms Analyzer results"},"options":{"increments":true,"timestamps":true,"draftAndPublish":false},"pluginOptions":{"content-manager":{"visible":false},"content-type-builder":{"visible":false}},"attributes":{"key":{"type":"string"},"apiName":{"type":"string"},"frontUrl":{"type":"string"},"documentId":{"type":"integer"},"documentFields":{"type":"json"},"seoAnalyse":{"type":"json"},"tags":{"type":"json"},"screenshot":{"type":"string"},"depth":{"type":"integer"},"contentKind":{"type":"string"},"locale":{"type":"string"},"isChecked":{"type":"boolean"},"createdAt":{"type":"datetime"},"updatedAt":{"type":"datetime"},"createdBy":{"type":"relation","relation":"oneToOne","target":"admin::user","configurable":false,"writable":false,"visible":false,"useJoinTable":false,"private":true},"updatedBy":{"type":"relation","relation":"oneToOne","target":"admin::user","configurable":false,"writable":false,"visible":false,"useJoinTable":false,"private":true},"sitemap_exclude":{"writable":true,"private":true,"configurable":false,"visible":false,"default":false,"type":"boolean"}},"__schema__":{"collectionName":"cms-analyser-results","info":{"singularName":"analyse","pluralName":"analyses","collectionName":"cms-analyser-results","displayName":"CmsAnalyzerResults","description":"Cms Analyzer results"},"options":{"increments":true,"timestamps":true,"draftAndPublish":false},"pluginOptions":{"content-manager":{"visible":false},"content-type-builder":{"visible":false}},"attributes":{"key":{"type":"string"},"apiName":{"type":"string"},"frontUrl":{"type":"string"},"documentId":{"type":"integer"},"documentFields":{"type":"json"},"seoAnalyse":{"type":"json"},"tags":{"type":"json"},"screenshot":{"type":"string"},"depth":{"type":"integer"},"contentKind":{"type":"string"},"locale":{"type":"string"},"isChecked":{"type":"boolean"}},"kind":"collectionType"},"modelType":"contentType","modelName":"analyse","connection":"default","uid":"plugin::cms-analyzer.analyse","plugin":"cms-analyzer","globalId":"CmsAnalyzerAnalyse"},"plugin::cms-analyzer.match":{"kind":"collectionType","collectionName":"cms-analyser-matches","info":{"singularName":"match","pluralName":"matches","collectionName":"cms-analyser-matches","displayName":"CmsAnalyzerMatches","description":"Cms Analyzer matches"},"options":{"increments":true,"timestamps":true,"draftAndPublish":false},"pluginOptions":{"content-manager":{"visible":false},"content-type-builder":{"visible":false}},"attributes":{"apiName":{"type":"string"},"fieldName":{"type":"string"},"tagName":{"type":"string"},"componentName":{"type":"string"},"dynamicZoneName":{"type":"string"},"status":{"type":"string"},"isMultipleDoc":{"type":"boolean"},"createdAt":{"type":"datetime"},"updatedAt":{"type":"datetime"},"createdBy":{"type":"relation","relation":"oneToOne","target":"admin::user","configurable":false,"writable":false,"visible":false,"useJoinTable":false,"private":true},"updatedBy":{"type":"relation","relation":"oneToOne","target":"admin::user","configurable":false,"writable":false,"visible":false,"useJoinTable":false,"private":true},"sitemap_exclude":{"writable":true,"private":true,"configurable":false,"visible":false,"default":false,"type":"boolean"}},"__schema__":{"collectionName":"cms-analyser-matches","info":{"singularName":"match","pluralName":"matches","collectionName":"cms-analyser-matches","displayName":"CmsAnalyzerMatches","description":"Cms Analyzer matches"},"options":{"increments":true,"timestamps":true,"draftAndPublish":false},"pluginOptions":{"content-manager":{"visible":false},"content-type-builder":{"visible":false}},"attributes":{"apiName":{"type":"string"},"fieldName":{"type":"string"},"tagName":{"type":"string"},"componentName":{"type":"string"},"dynamicZoneName":{"type":"string"},"status":{"type":"string"},"isMultipleDoc":{"type":"boolean"}},"kind":"collectionType"},"modelType":"contentType","modelName":"match","connection":"default","uid":"plugin::cms-analyzer.match","plugin":"cms-analyzer","globalId":"CmsAnalyzerMatch"},"plugin::cms-analyzer.media":{"kind":"collectionType","collectionName":"cms-analyser-medias","info":{"singularName":"media","pluralName":"medias","collectionName":"cms-analyser-medias","displayName":"CmsAnalyzerMedias","description":"Cms Analyzer Medias"},"options":{"increments":true,"timestamps":true,"draftAndPublish":false},"pluginOptions":{"content-manager":{"visible":false},"content-type-builder":{"visible":false}},"attributes":{"frontUrl":{"type":"string"},"mediaUrl":{"type":"string"},"height":{"type":"integer"},"width":{"type":"integer"},"alt":{"type":"string"},"data":{"type":"json"},"status":{"type":"string"},"createdAt":{"type":"datetime"},"updatedAt":{"type":"datetime"},"createdBy":{"type":"relation","relation":"oneToOne","target":"admin::user","configurable":false,"writable":false,"visible":false,"useJoinTable":false,"private":true},"updatedBy":{"type":"relation","relation":"oneToOne","target":"admin::user","configurable":false,"writable":false,"visible":false,"useJoinTable":false,"private":true},"sitemap_exclude":{"writable":true,"private":true,"configurable":false,"visible":false,"default":false,"type":"boolean"}},"__schema__":{"collectionName":"cms-analyser-medias","info":{"singularName":"media","pluralName":"medias","collectionName":"cms-analyser-medias","displayName":"CmsAnalyzerMedias","description":"Cms Analyzer Medias"},"options":{"increments":true,"timestamps":true,"draftAndPublish":false},"pluginOptions":{"content-manager":{"visible":false},"content-type-builder":{"visible":false}},"attributes":{"frontUrl":{"type":"string"},"mediaUrl":{"type":"string"},"height":{"type":"integer"},"width":{"type":"integer"},"alt":{"type":"string"},"data":{"type":"json"},"status":{"type":"string"}},"kind":"collectionType"},"modelType":"contentType","modelName":"media","connection":"default","uid":"plugin::cms-analyzer.media","plugin":"cms-analyzer","globalId":"CmsAnalyzerMedia"},"plugin::cms-analyzer.summary":{"kind":"collectionType","collectionName":"cms-analyser-summaries","info":{"singularName":"summary","pluralName":"summaries","collectionName":"cms-analyser-summaries","displayName":"CmsAnalyzerSummaries","description":"Cms Analyzer Results summary"},"options":{"increments":true,"timestamps":true,"draftAndPublish":false},"pluginOptions":{"content-manager":{"visible":false},"content-type-builder":{"visible":false}},"attributes":{"frontUrl":{"type":"string"},"nbUrl":{"type":"integer"},"nbErrorLow":{"type":"integer"},"nbErrorHigh":{"type":"integer"},"user":{"type":"string"},"date":{"type":"datetime"},"createdAt":{"type":"datetime"},"updatedAt":{"type":"datetime"},"createdBy":{"type":"relation","relation":"oneToOne","target":"admin::user","configurable":false,"writable":false,"visible":false,"useJoinTable":false,"private":true},"updatedBy":{"type":"relation","relation":"oneToOne","target":"admin::user","configurable":false,"writable":false,"visible":false,"useJoinTable":false,"private":true},"sitemap_exclude":{"writable":true,"private":true,"configurable":false,"visible":false,"default":false,"type":"boolean"}},"__schema__":{"collectionName":"cms-analyser-summaries","info":{"singularName":"summary","pluralName":"summaries","collectionName":"cms-analyser-summaries","displayName":"CmsAnalyzerSummaries","description":"Cms Analyzer Results summary"},"options":{"increments":true,"timestamps":true,"draftAndPublish":false},"pluginOptions":{"content-manager":{"visible":false},"content-type-builder":{"visible":false}},"attributes":{"frontUrl":{"type":"string"},"nbUrl":{"type":"integer"},"nbErrorLow":{"type":"integer"},"nbErrorHigh":{"type":"integer"},"user":{"type":"string"},"date":{"type":"datetime"}},"kind":"collectionType"},"modelType":"contentType","modelName":"summary","connection":"default","uid":"plugin::cms-analyzer.summary","plugin":"cms-analyzer","globalId":"CmsAnalyzerSummary"},"plugin::i18n.locale":{"info":{"singularName":"locale","pluralName":"locales","collectionName":"locales","displayName":"Locale","description":""},"options":{"draftAndPublish":false},"pluginOptions":{"content-manager":{"visible":false},"content-type-builder":{"visible":false}},"attributes":{"name":{"type":"string","min":1,"max":50,"configurable":false},"code":{"type":"string","unique":true,"configurable":false},"createdAt":{"type":"datetime"},"updatedAt":{"type":"datetime"},"createdBy":{"type":"relation","relation":"oneToOne","target":"admin::user","configurable":false,"writable":false,"visible":false,"useJoinTable":false,"private":true},"updatedBy":{"type":"relation","relation":"oneToOne","target":"admin::user","configurable":false,"writable":false,"visible":false,"useJoinTable":false,"private":true}},"kind":"collectionType","__schema__":{"info":{"singularName":"locale","pluralName":"locales","collectionName":"locales","displayName":"Locale","description":""},"options":{"draftAndPublish":false},"pluginOptions":{"content-manager":{"visible":false},"content-type-builder":{"visible":false}},"attributes":{"name":{"type":"string","min":1,"max":50,"configurable":false},"code":{"type":"string","unique":true,"configurable":false}},"kind":"collectionType"},"modelType":"contentType","modelName":"locale","connection":"default","uid":"plugin::i18n.locale","plugin":"i18n","collectionName":"i18n_locale","globalId":"I18NLocale"},"plugin::users-permissions.permission":{"collectionName":"up_permissions","info":{"name":"permission","description":"","singularName":"permission","pluralName":"permissions","displayName":"Permission"},"pluginOptions":{"content-manager":{"visible":false},"content-type-builder":{"visible":false}},"attributes":{"action":{"type":"string","required":true,"configurable":false},"role":{"type":"relation","relation":"manyToOne","target":"plugin::users-permissions.role","inversedBy":"permissions","configurable":false},"createdAt":{"type":"datetime"},"updatedAt":{"type":"datetime"},"createdBy":{"type":"relation","relation":"oneToOne","target":"admin::user","configurable":false,"writable":false,"visible":false,"useJoinTable":false,"private":true},"updatedBy":{"type":"relation","relation":"oneToOne","target":"admin::user","configurable":false,"writable":false,"visible":false,"useJoinTable":false,"private":true}},"kind":"collectionType","__schema__":{"collectionName":"up_permissions","info":{"name":"permission","description":"","singularName":"permission","pluralName":"permissions","displayName":"Permission"},"pluginOptions":{"content-manager":{"visible":false},"content-type-builder":{"visible":false}},"attributes":{"action":{"type":"string","required":true,"configurable":false},"role":{"type":"relation","relation":"manyToOne","target":"plugin::users-permissions.role","inversedBy":"permissions","configurable":false}},"kind":"collectionType"},"modelType":"contentType","modelName":"permission","connection":"default","uid":"plugin::users-permissions.permission","plugin":"users-permissions","globalId":"UsersPermissionsPermission"},"plugin::users-permissions.role":{"collectionName":"up_roles","info":{"name":"role","description":"","singularName":"role","pluralName":"roles","displayName":"Role"},"pluginOptions":{"content-manager":{"visible":false},"content-type-builder":{"visible":false}},"attributes":{"name":{"type":"string","minLength":3,"required":true,"configurable":false},"description":{"type":"string","configurable":false},"type":{"type":"string","unique":true,"configurable":false},"permissions":{"type":"relation","relation":"oneToMany","target":"plugin::users-permissions.permission","mappedBy":"role","configurable":false},"users":{"type":"relation","relation":"oneToMany","target":"plugin::users-permissions.user","mappedBy":"role","configurable":false},"createdAt":{"type":"datetime"},"updatedAt":{"type":"datetime"},"createdBy":{"type":"relation","relation":"oneToOne","target":"admin::user","configurable":false,"writable":false,"visible":false,"useJoinTable":false,"private":true},"updatedBy":{"type":"relation","relation":"oneToOne","target":"admin::user","configurable":false,"writable":false,"visible":false,"useJoinTable":false,"private":true}},"kind":"collectionType","__schema__":{"collectionName":"up_roles","info":{"name":"role","description":"","singularName":"role","pluralName":"roles","displayName":"Role"},"pluginOptions":{"content-manager":{"visible":false},"content-type-builder":{"visible":false}},"attributes":{"name":{"type":"string","minLength":3,"required":true,"configurable":false},"description":{"type":"string","configurable":false},"type":{"type":"string","unique":true,"configurable":false},"permissions":{"type":"relation","relation":"oneToMany","target":"plugin::users-permissions.permission","mappedBy":"role","configurable":false},"users":{"type":"relation","relation":"oneToMany","target":"plugin::users-permissions.user","mappedBy":"role","configurable":false}},"kind":"collectionType"},"modelType":"contentType","modelName":"role","connection":"default","uid":"plugin::users-permissions.role","plugin":"users-permissions","globalId":"UsersPermissionsRole"},"plugin::users-permissions.user":{"collectionName":"up_users","info":{"name":"user","description":"","singularName":"user","pluralName":"users","displayName":"User"},"options":{"draftAndPublish":false,"timestamps":true},"attributes":{"username":{"type":"string","minLength":3,"unique":true,"configurable":false,"required":true},"email":{"type":"email","minLength":6,"configurable":false,"required":true},"provider":{"type":"string","configurable":false},"password":{"type":"password","minLength":6,"configurable":false,"private":true},"resetPasswordToken":{"type":"string","configurable":false,"private":true},"confirmationToken":{"type":"string","configurable":false,"private":true},"confirmed":{"type":"boolean","default":false,"configurable":false},"blocked":{"type":"boolean","default":false,"configurable":false},"role":{"type":"relation","relation":"manyToOne","target":"plugin::users-permissions.role","inversedBy":"users","configurable":false},"createdAt":{"type":"datetime"},"updatedAt":{"type":"datetime"},"createdBy":{"type":"relation","relation":"oneToOne","target":"admin::user","configurable":false,"writable":false,"visible":false,"useJoinTable":false,"private":true},"updatedBy":{"type":"relation","relation":"oneToOne","target":"admin::user","configurable":false,"writable":false,"visible":false,"useJoinTable":false,"private":true},"sitemap_exclude":{"writable":true,"private":true,"configurable":false,"visible":false,"default":false,"type":"boolean"}},"config":{"attributes":{"resetPasswordToken":{"hidden":true},"confirmationToken":{"hidden":true},"provider":{"hidden":true}}},"kind":"collectionType","__schema__":{"collectionName":"up_users","info":{"name":"user","description":"","singularName":"user","pluralName":"users","displayName":"User"},"options":{"draftAndPublish":false,"timestamps":true},"attributes":{"username":{"type":"string","minLength":3,"unique":true,"configurable":false,"required":true},"email":{"type":"email","minLength":6,"configurable":false,"required":true},"provider":{"type":"string","configurable":false},"password":{"type":"password","minLength":6,"configurable":false,"private":true},"resetPasswordToken":{"type":"string","configurable":false,"private":true},"confirmationToken":{"type":"string","configurable":false,"private":true},"confirmed":{"type":"boolean","default":false,"configurable":false},"blocked":{"type":"boolean","default":false,"configurable":false},"role":{"type":"relation","relation":"manyToOne","target":"plugin::users-permissions.role","inversedBy":"users","configurable":false}},"kind":"collectionType"},"modelType":"contentType","modelName":"user","connection":"default","uid":"plugin::users-permissions.user","plugin":"users-permissions","globalId":"UsersPermissionsUser"},"plugin::navigation.audience":{"collectionName":"audience","info":{"singularName":"audience","pluralName":"audiences","displayName":"Audience","name":"audience"},"options":{"increments":true,"comment":"Audience"},"attributes":{"name":{"type":"string","required":true},"key":{"type":"uid","targetField":"name"},"createdAt":{"type":"datetime"},"updatedAt":{"type":"datetime"},"createdBy":{"type":"relation","relation":"oneToOne","target":"admin::user","configurable":false,"writable":false,"visible":false,"useJoinTable":false,"private":true},"updatedBy":{"type":"relation","relation":"oneToOne","target":"admin::user","configurable":false,"writable":false,"visible":false,"useJoinTable":false,"private":true},"sitemap_exclude":{"writable":true,"private":true,"configurable":false,"visible":false,"default":false,"type":"boolean"}},"kind":"collectionType","__schema__":{"collectionName":"audience","info":{"singularName":"audience","pluralName":"audiences","displayName":"Audience","name":"audience"},"options":{"increments":true,"comment":"Audience"},"attributes":{"name":{"type":"string","required":true},"key":{"type":"uid","targetField":"name"}},"kind":"collectionType"},"modelType":"contentType","modelName":"audience","connection":"default","uid":"plugin::navigation.audience","plugin":"navigation","globalId":"NavigationAudience"},"plugin::navigation.navigation":{"collectionName":"navigations","info":{"singularName":"navigation","pluralName":"navigations","displayName":"Navigation","name":"navigation"},"options":{"increments":true,"comment":""},"pluginOptions":{"content-manager":{"visible":false},"content-type-builder":{"visible":false}},"attributes":{"name":{"type":"text","configurable":false,"required":true},"slug":{"type":"uid","target":"name","configurable":false,"required":true},"visible":{"type":"boolean","default":false,"configurable":false},"items":{"type":"relation","relation":"oneToMany","target":"plugin::navigation.navigation-item","configurable":false},"localizations":{"type":"relation","relation":"oneToMany","target":"plugin::navigation.navigation"},"localeCode":{"type":"string"},"createdAt":{"type":"datetime"},"updatedAt":{"type":"datetime"},"createdBy":{"type":"relation","relation":"oneToOne","target":"admin::user","configurable":false,"writable":false,"visible":false,"useJoinTable":false,"private":true},"updatedBy":{"type":"relation","relation":"oneToOne","target":"admin::user","configurable":false,"writable":false,"visible":false,"useJoinTable":false,"private":true},"sitemap_exclude":{"writable":true,"private":true,"configurable":false,"visible":false,"default":false,"type":"boolean"}},"kind":"collectionType","__schema__":{"collectionName":"navigations","info":{"singularName":"navigation","pluralName":"navigations","displayName":"Navigation","name":"navigation"},"options":{"increments":true,"comment":""},"pluginOptions":{"content-manager":{"visible":false},"content-type-builder":{"visible":false}},"attributes":{"name":{"type":"text","configurable":false,"required":true},"slug":{"type":"uid","target":"name","configurable":false,"required":true},"visible":{"type":"boolean","default":false,"configurable":false},"items":{"type":"relation","relation":"oneToMany","target":"plugin::navigation.navigation-item","configurable":false},"localizations":{"type":"relation","relation":"oneToMany","target":"plugin::navigation.navigation"},"localeCode":{"type":"string"}},"kind":"collectionType"},"modelType":"contentType","modelName":"navigation","connection":"default","uid":"plugin::navigation.navigation","plugin":"navigation","globalId":"NavigationNavigation"},"plugin::navigation.navigation-item":{"collectionName":"navigations_items","info":{"singularName":"navigation-item","pluralName":"navigation-items","displayName":"Navigation Item","name":"navigation-item"},"options":{"increments":true,"timestamps":true,"comment":"Navigation Item"},"pluginOptions":{"content-manager":{"visible":false},"content-type-builder":{"visible":false},"i18n":{"localized":false}},"attributes":{"title":{"type":"text","configurable":false,"required":true,"pluginOptions":{"i18n":{"localized":false}}},"type":{"type":"enumeration","enum":["INTERNAL","EXTERNAL","WRAPPER"],"default":"INTERNAL","configurable":false},"path":{"type":"text","targetField":"title","configurable":false},"externalPath":{"type":"text","configurable":false},"uiRouterKey":{"type":"string","configurable":false},"menuAttached":{"type":"boolean","default":false,"configurable":false},"order":{"type":"integer","default":0,"configurable":false},"collapsed":{"type":"boolean","default":false,"configurable":false},"related":{"type":"relation","relation":"oneToOne","target":"plugin::navigation.navigations-items-related","configurable":false},"parent":{"type":"relation","relation":"oneToOne","target":"plugin::navigation.navigation-item","configurable":false,"default":null},"master":{"type":"relation","relation":"manyToOne","target":"plugin::navigation.navigation","configurable":false},"audience":{"type":"relation","relation":"oneToMany","target":"plugin::navigation.audience"},"createdAt":{"type":"datetime"},"updatedAt":{"type":"datetime"},"createdBy":{"type":"relation","relation":"oneToOne","target":"admin::user","configurable":false,"writable":false,"visible":false,"useJoinTable":false,"private":true},"updatedBy":{"type":"relation","relation":"oneToOne","target":"admin::user","configurable":false,"writable":false,"visible":false,"useJoinTable":false,"private":true},"sitemap_exclude":{"writable":true,"private":true,"configurable":false,"visible":false,"default":false,"type":"boolean"}},"kind":"collectionType","__schema__":{"collectionName":"navigations_items","info":{"singularName":"navigation-item","pluralName":"navigation-items","displayName":"Navigation Item","name":"navigation-item"},"options":{"increments":true,"timestamps":true,"comment":"Navigation Item"},"pluginOptions":{"content-manager":{"visible":false},"content-type-builder":{"visible":false},"i18n":{"localized":false}},"attributes":{"title":{"type":"text","configurable":false,"required":true,"pluginOptions":{"i18n":{"localized":false}}},"type":{"type":"enumeration","enum":["INTERNAL","EXTERNAL","WRAPPER"],"default":"INTERNAL","configurable":false},"path":{"type":"text","targetField":"title","configurable":false},"externalPath":{"type":"text","configurable":false},"uiRouterKey":{"type":"string","configurable":false},"menuAttached":{"type":"boolean","default":false,"configurable":false},"order":{"type":"integer","default":0,"configurable":false},"collapsed":{"type":"boolean","default":false,"configurable":false},"related":{"type":"relation","relation":"oneToOne","target":"plugin::navigation.navigations-items-related","configurable":false},"parent":{"type":"relation","relation":"oneToOne","target":"plugin::navigation.navigation-item","configurable":false,"default":null},"master":{"type":"relation","relation":"manyToOne","target":"plugin::navigation.navigation","configurable":false},"audience":{"type":"relation","relation":"oneToMany","target":"plugin::navigation.audience"}},"kind":"collectionType"},"modelType":"contentType","modelName":"navigation-item","connection":"default","uid":"plugin::navigation.navigation-item","plugin":"navigation","globalId":"NavigationNavigationItem"},"plugin::navigation.navigations-items-related":{"collectionName":"navigations_items_related","info":{"singularName":"navigations-items-related","pluralName":"navigations-items-relateds","displayName":"Navigations Items Related","name":"navigations_items_related"},"options":{"increments":true,"timestamps":false,"populateCreatorFields":false},"pluginOptions":{"content-manager":{"visible":false},"content-type-builder":{"visible":false},"i18n":{"localized":false}},"attributes":{"related_id":{"type":"string","required":true},"related_type":{"type":"string","required":true},"field":{"type":"string","required":true},"order":{"type":"integer","required":true},"master":{"type":"string","required":true},"createdAt":{"type":"datetime"},"updatedAt":{"type":"datetime"},"createdBy":{"type":"relation","relation":"oneToOne","target":"admin::user","configurable":false,"writable":false,"visible":false,"useJoinTable":false,"private":true},"updatedBy":{"type":"relation","relation":"oneToOne","target":"admin::user","configurable":false,"writable":false,"visible":false,"useJoinTable":false,"private":true},"sitemap_exclude":{"writable":true,"private":true,"configurable":false,"visible":false,"default":false,"type":"boolean"}},"kind":"collectionType","__schema__":{"collectionName":"navigations_items_related","info":{"singularName":"navigations-items-related","pluralName":"navigations-items-relateds","displayName":"Navigations Items Related","name":"navigations_items_related"},"options":{"increments":true,"timestamps":false,"populateCreatorFields":false},"pluginOptions":{"content-manager":{"visible":false},"content-type-builder":{"visible":false},"i18n":{"localized":false}},"attributes":{"related_id":{"type":"string","required":true},"related_type":{"type":"string","required":true},"field":{"type":"string","required":true},"order":{"type":"integer","required":true},"master":{"type":"string","required":true}},"kind":"collectionType"},"modelType":"contentType","modelName":"navigations-items-related","connection":"default","uid":"plugin::navigation.navigations-items-related","plugin":"navigation","globalId":"NavigationNavigationsItemsRelated"}}','object',NULL,NULL);
INSERT INTO strapi_core_store_settings VALUES(2,'plugin_content_manager_configuration_content_types::admin::permission','{"uid":"admin::permission","settings":{"bulkable":true,"filterable":true,"searchable":true,"pageSize":10,"mainField":"action","defaultSortBy":"action","defaultSortOrder":"ASC"},"metadatas":{"id":{"edit":{},"list":{"label":"id","searchable":true,"sortable":true}},"action":{"edit":{"label":"action","description":"","placeholder":"","visible":true,"editable":true},"list":{"label":"action","searchable":true,"sortable":true}},"subject":{"edit":{"label":"subject","description":"","placeholder":"","visible":true,"editable":true},"list":{"label":"subject","searchable":true,"sortable":true}},"properties":{"edit":{"label":"properties","description":"","placeholder":"","visible":true,"editable":true},"list":{"label":"properties","searchable":false,"sortable":false}},"conditions":{"edit":{"label":"conditions","description":"","placeholder":"","visible":true,"editable":true},"list":{"label":"conditions","searchable":false,"sortable":false}},"role":{"edit":{"label":"role","description":"","placeholder":"","visible":true,"editable":true,"mainField":"name"},"list":{"label":"role","searchable":true,"sortable":true}},"createdAt":{"edit":{"label":"createdAt","description":"","placeholder":"","visible":false,"editable":true},"list":{"label":"createdAt","searchable":true,"sortable":true}},"updatedAt":{"edit":{"label":"updatedAt","description":"","placeholder":"","visible":false,"editable":true},"list":{"label":"updatedAt","searchable":true,"sortable":true}}},"layouts":{"list":["id","action","subject","role"],"editRelations":["role"],"edit":[[{"name":"action","size":6},{"name":"subject","size":6}],[{"name":"properties","size":12}],[{"name":"conditions","size":12}]]}}','object',NULL,NULL);
INSERT INTO strapi_core_store_settings VALUES(3,'plugin_content_manager_configuration_content_types::admin::user','{"uid":"admin::user","settings":{"bulkable":true,"filterable":true,"searchable":true,"pageSize":10,"mainField":"firstname","defaultSortBy":"firstname","defaultSortOrder":"ASC"},"metadatas":{"id":{"edit":{},"list":{"label":"id","searchable":true,"sortable":true}},"firstname":{"edit":{"label":"firstname","description":"","placeholder":"","visible":true,"editable":true},"list":{"label":"firstname","searchable":true,"sortable":true}},"lastname":{"edit":{"label":"lastname","description":"","placeholder":"","visible":true,"editable":true},"list":{"label":"lastname","searchable":true,"sortable":true}},"username":{"edit":{"label":"username","description":"","placeholder":"","visible":true,"editable":true},"list":{"label":"username","searchable":true,"sortable":true}},"email":{"edit":{"label":"email","description":"","placeholder":"","visible":true,"editable":true},"list":{"label":"email","searchable":true,"sortable":true}},"password":{"edit":{"label":"password","description":"","placeholder":"","visible":true,"editable":true},"list":{"label":"password","searchable":true,"sortable":true}},"resetPasswordToken":{"edit":{"label":"resetPasswordToken","description":"","placeholder":"","visible":true,"editable":true},"list":{"label":"resetPasswordToken","searchable":true,"sortable":true}},"registrationToken":{"edit":{"label":"registrationToken","description":"","placeholder":"","visible":true,"editable":true},"list":{"label":"registrationToken","searchable":true,"sortable":true}},"isActive":{"edit":{"label":"isActive","description":"","placeholder":"","visible":true,"editable":true},"list":{"label":"isActive","searchable":true,"sortable":true}},"roles":{"edit":{"label":"roles","description":"","placeholder":"","visible":true,"editable":true,"mainField":"name"},"list":{"label":"roles","searchable":false,"sortable":false}},"blocked":{"edit":{"label":"blocked","description":"","placeholder":"","visible":true,"editable":true},"list":{"label":"blocked","searchable":true,"sortable":true}},"preferedLanguage":{"edit":{"label":"preferedLanguage","description":"","placeholder":"","visible":true,"editable":true},"list":{"label":"preferedLanguage","searchable":true,"sortable":true}},"createdAt":{"edit":{"label":"createdAt","description":"","placeholder":"","visible":false,"editable":true},"list":{"label":"createdAt","searchable":true,"sortable":true}},"updatedAt":{"edit":{"label":"updatedAt","description":"","placeholder":"","visible":false,"editable":true},"list":{"label":"updatedAt","searchable":true,"sortable":true}}},"layouts":{"list":["id","firstname","lastname","username"],"editRelations":["roles"],"edit":[[{"name":"firstname","size":6},{"name":"lastname","size":6}],[{"name":"username","size":6},{"name":"email","size":6}],[{"name":"password","size":6},{"name":"resetPasswordToken","size":6}],[{"name":"registrationToken","size":6},{"name":"isActive","size":4}],[{"name":"blocked","size":4},{"name":"preferedLanguage","size":6}]]}}','object',NULL,NULL);
INSERT INTO strapi_core_store_settings VALUES(4,'plugin_content_manager_configuration_content_types::admin::role','{"uid":"admin::role","settings":{"bulkable":true,"filterable":true,"searchable":true,"pageSize":10,"mainField":"name","defaultSortBy":"name","defaultSortOrder":"ASC"},"metadatas":{"id":{"edit":{},"list":{"label":"id","searchable":true,"sortable":true}},"name":{"edit":{"label":"name","description":"","placeholder":"","visible":true,"editable":true},"list":{"label":"name","searchable":true,"sortable":true}},"code":{"edit":{"label":"code","description":"","placeholder":"","visible":true,"editable":true},"list":{"label":"code","searchable":true,"sortable":true}},"description":{"edit":{"label":"description","description":"","placeholder":"","visible":true,"editable":true},"list":{"label":"description","searchable":true,"sortable":true}},"users":{"edit":{"label":"users","description":"","placeholder":"","visible":true,"editable":true,"mainField":"firstname"},"list":{"label":"users","searchable":false,"sortable":false}},"permissions":{"edit":{"label":"permissions","description":"","placeholder":"","visible":true,"editable":true,"mainField":"action"},"list":{"label":"permissions","searchable":false,"sortable":false}},"createdAt":{"edit":{"label":"createdAt","description":"","placeholder":"","visible":false,"editable":true},"list":{"label":"createdAt","searchable":true,"sortable":true}},"updatedAt":{"edit":{"label":"updatedAt","description":"","placeholder":"","visible":false,"editable":true},"list":{"label":"updatedAt","searchable":true,"sortable":true}}},"layouts":{"list":["id","name","code","description"],"editRelations":["users","permissions"],"edit":[[{"name":"name","size":6},{"name":"code","size":6}],[{"name":"description","size":6}]]}}','object',NULL,NULL);
INSERT INTO strapi_core_store_settings VALUES(5,'plugin_content_manager_configuration_content_types::admin::api-token','{"uid":"admin::api-token","settings":{"bulkable":true,"filterable":true,"searchable":true,"pageSize":10,"mainField":"name","defaultSortBy":"name","defaultSortOrder":"ASC"},"metadatas":{"id":{"edit":{},"list":{"label":"id","searchable":true,"sortable":true}},"name":{"edit":{"label":"name","description":"","placeholder":"","visible":true,"editable":true},"list":{"label":"name","searchable":true,"sortable":true}},"description":{"edit":{"label":"description","description":"","placeholder":"","visible":true,"editable":true},"list":{"label":"description","searchable":true,"sortable":true}},"type":{"edit":{"label":"type","description":"","placeholder":"","visible":true,"editable":true},"list":{"label":"type","searchable":true,"sortable":true}},"accessKey":{"edit":{"label":"accessKey","description":"","placeholder":"","visible":true,"editable":true},"list":{"label":"accessKey","searchable":true,"sortable":true}},"createdAt":{"edit":{"label":"createdAt","description":"","placeholder":"","visible":false,"editable":true},"list":{"label":"createdAt","searchable":true,"sortable":true}},"updatedAt":{"edit":{"label":"updatedAt","description":"","placeholder":"","visible":false,"editable":true},"list":{"label":"updatedAt","searchable":true,"sortable":true}}},"layouts":{"list":["id","name","description","type"],"editRelations":[],"edit":[[{"name":"name","size":6},{"name":"description","size":6}],[{"name":"type","size":6},{"name":"accessKey","size":6}]]}}','object',NULL,NULL);
INSERT INTO strapi_core_store_settings VALUES(6,'plugin_content_manager_configuration_content_types::plugin::upload.file','{"uid":"plugin::upload.file","settings":{"bulkable":true,"filterable":true,"searchable":true,"pageSize":10,"mainField":"name","defaultSortBy":"name","defaultSortOrder":"ASC"},"metadatas":{"id":{"edit":{},"list":{"label":"id","searchable":true,"sortable":true}},"name":{"edit":{"label":"name","description":"","placeholder":"","visible":true,"editable":true},"list":{"label":"name","searchable":true,"sortable":true}},"alternativeText":{"edit":{"label":"alternativeText","description":"","placeholder":"","visible":true,"editable":true},"list":{"label":"alternativeText","searchable":true,"sortable":true}},"caption":{"edit":{"label":"caption","description":"","placeholder":"","visible":true,"editable":true},"list":{"label":"caption","searchable":true,"sortable":true}},"width":{"edit":{"label":"width","description":"","placeholder":"","visible":true,"editable":true},"list":{"label":"width","searchable":true,"sortable":true}},"height":{"edit":{"label":"height","description":"","placeholder":"","visible":true,"editable":true},"list":{"label":"height","searchable":true,"sortable":true}},"formats":{"edit":{"label":"formats","description":"","placeholder":"","visible":true,"editable":true},"list":{"label":"formats","searchable":false,"sortable":false}},"hash":{"edit":{"label":"hash","description":"","placeholder":"","visible":true,"editable":true},"list":{"label":"hash","searchable":true,"sortable":true}},"ext":{"edit":{"label":"ext","description":"","placeholder":"","visible":true,"editable":true},"list":{"label":"ext","searchable":true,"sortable":true}},"mime":{"edit":{"label":"mime","description":"","placeholder":"","visible":true,"editable":true},"list":{"label":"mime","searchable":true,"sortable":true}},"size":{"edit":{"label":"size","description":"","placeholder":"","visible":true,"editable":true},"list":{"label":"size","searchable":true,"sortable":true}},"url":{"edit":{"label":"url","description":"","placeholder":"","visible":true,"editable":true},"list":{"label":"url","searchable":true,"sortable":true}},"previewUrl":{"edit":{"label":"previewUrl","description":"","placeholder":"","visible":true,"editable":true},"list":{"label":"previewUrl","searchable":true,"sortable":true}},"provider":{"edit":{"label":"provider","description":"","placeholder":"","visible":true,"editable":true},"list":{"label":"provider","searchable":true,"sortable":true}},"provider_metadata":{"edit":{"label":"provider_metadata","description":"","placeholder":"","visible":true,"editable":true},"list":{"label":"provider_metadata","searchable":false,"sortable":false}},"createdAt":{"edit":{"label":"createdAt","description":"","placeholder":"","visible":false,"editable":true},"list":{"label":"createdAt","searchable":true,"sortable":true}},"updatedAt":{"edit":{"label":"updatedAt","description":"","placeholder":"","visible":false,"editable":true},"list":{"label":"updatedAt","searchable":true,"sortable":true}}},"layouts":{"list":["id","name","alternativeText","caption"],"editRelations":[],"edit":[[{"name":"name","size":6},{"name":"alternativeText","size":6}],[{"name":"caption","size":6},{"name":"width","size":4}],[{"name":"height","size":4}],[{"name":"formats","size":12}],[{"name":"hash","size":6},{"name":"ext","size":6}],[{"name":"mime","size":6},{"name":"size","size":4}],[{"name":"url","size":6},{"name":"previewUrl","size":6}],[{"name":"provider","size":6}],[{"name":"provider_metadata","size":12}]]}}','object',NULL,NULL);
INSERT INTO strapi_core_store_settings VALUES(7,'plugin_content_manager_configuration_content_types::plugin::users-permissions.permission','{"uid":"plugin::users-permissions.permission","settings":{"bulkable":true,"filterable":true,"searchable":true,"pageSize":10,"mainField":"action","defaultSortBy":"action","defaultSortOrder":"ASC"},"metadatas":{"id":{"edit":{},"list":{"label":"id","searchable":true,"sortable":true}},"action":{"edit":{"label":"action","description":"","placeholder":"","visible":true,"editable":true},"list":{"label":"action","searchable":true,"sortable":true}},"role":{"edit":{"label":"role","description":"","placeholder":"","visible":true,"editable":true,"mainField":"name"},"list":{"label":"role","searchable":true,"sortable":true}},"createdAt":{"edit":{"label":"createdAt","description":"","placeholder":"","visible":false,"editable":true},"list":{"label":"createdAt","searchable":true,"sortable":true}},"updatedAt":{"edit":{"label":"updatedAt","description":"","placeholder":"","visible":false,"editable":true},"list":{"label":"updatedAt","searchable":true,"sortable":true}}},"layouts":{"list":["id","action","role","createdAt"],"editRelations":["role"],"edit":[[{"name":"action","size":6}]]}}','object',NULL,NULL);
INSERT INTO strapi_core_store_settings VALUES(8,'plugin_content_manager_configuration_content_types::plugin::users-permissions.role','{"uid":"plugin::users-permissions.role","settings":{"bulkable":true,"filterable":true,"searchable":true,"pageSize":10,"mainField":"name","defaultSortBy":"name","defaultSortOrder":"ASC"},"metadatas":{"id":{"edit":{},"list":{"label":"id","searchable":true,"sortable":true}},"name":{"edit":{"label":"name","description":"","placeholder":"","visible":true,"editable":true},"list":{"label":"name","searchable":true,"sortable":true}},"description":{"edit":{"label":"description","description":"","placeholder":"","visible":true,"editable":true},"list":{"label":"description","searchable":true,"sortable":true}},"type":{"edit":{"label":"type","description":"","placeholder":"","visible":true,"editable":true},"list":{"label":"type","searchable":true,"sortable":true}},"permissions":{"edit":{"label":"permissions","description":"","placeholder":"","visible":true,"editable":true,"mainField":"action"},"list":{"label":"permissions","searchable":false,"sortable":false}},"users":{"edit":{"label":"users","description":"","placeholder":"","visible":true,"editable":true,"mainField":"username"},"list":{"label":"users","searchable":false,"sortable":false}},"createdAt":{"edit":{"label":"createdAt","description":"","placeholder":"","visible":false,"editable":true},"list":{"label":"createdAt","searchable":true,"sortable":true}},"updatedAt":{"edit":{"label":"updatedAt","description":"","placeholder":"","visible":false,"editable":true},"list":{"label":"updatedAt","searchable":true,"sortable":true}}},"layouts":{"list":["id","name","description","type"],"editRelations":["permissions","users"],"edit":[[{"name":"name","size":6},{"name":"description","size":6}],[{"name":"type","size":6}]]}}','object',NULL,NULL);
INSERT INTO strapi_core_store_settings VALUES(9,'plugin_content_manager_configuration_content_types::plugin::users-permissions.user','{"uid":"plugin::users-permissions.user","settings":{"bulkable":true,"filterable":true,"searchable":true,"pageSize":10,"mainField":"username","defaultSortBy":"username","defaultSortOrder":"ASC"},"metadatas":{"id":{"edit":{},"list":{"label":"id","searchable":true,"sortable":true}},"username":{"edit":{"label":"username","description":"","placeholder":"","visible":true,"editable":true},"list":{"label":"username","searchable":true,"sortable":true}},"email":{"edit":{"label":"email","description":"","placeholder":"","visible":true,"editable":true},"list":{"label":"email","searchable":true,"sortable":true}},"provider":{"edit":{"label":"provider","description":"","placeholder":"","visible":false,"editable":true},"list":{"label":"provider","searchable":true,"sortable":true}},"password":{"edit":{"label":"password","description":"","placeholder":"","visible":true,"editable":true},"list":{"label":"password","searchable":true,"sortable":true}},"resetPasswordToken":{"edit":{"label":"resetPasswordToken","description":"","placeholder":"","visible":false,"editable":true},"list":{"label":"resetPasswordToken","searchable":true,"sortable":true}},"confirmationToken":{"edit":{"label":"confirmationToken","description":"","placeholder":"","visible":false,"editable":true},"list":{"label":"confirmationToken","searchable":true,"sortable":true}},"confirmed":{"edit":{"label":"confirmed","description":"","placeholder":"","visible":true,"editable":true},"list":{"label":"confirmed","searchable":true,"sortable":true}},"blocked":{"edit":{"label":"blocked","description":"","placeholder":"","visible":true,"editable":true},"list":{"label":"blocked","searchable":true,"sortable":true}},"role":{"edit":{"label":"role","description":"","placeholder":"","visible":true,"editable":true,"mainField":"name"},"list":{"label":"role","searchable":true,"sortable":true}},"createdAt":{"edit":{"label":"createdAt","description":"","placeholder":"","visible":false,"editable":true},"list":{"label":"createdAt","searchable":true,"sortable":true}},"updatedAt":{"edit":{"label":"updatedAt","description":"","placeholder":"","visible":false,"editable":true},"list":{"label":"updatedAt","searchable":true,"sortable":true}}},"layouts":{"list":["id","username","email","confirmed"],"editRelations":["role"],"edit":[[{"name":"username","size":6},{"name":"email","size":6}],[{"name":"password","size":6},{"name":"confirmed","size":4}],[{"name":"blocked","size":4}]]}}','object',NULL,NULL);
INSERT INTO strapi_core_store_settings VALUES(10,'plugin_content_manager_configuration_content_types::plugin::i18n.locale','{"uid":"plugin::i18n.locale","settings":{"bulkable":true,"filterable":true,"searchable":true,"pageSize":10,"mainField":"name","defaultSortBy":"name","defaultSortOrder":"ASC"},"metadatas":{"id":{"edit":{},"list":{"label":"id","searchable":true,"sortable":true}},"name":{"edit":{"label":"name","description":"","placeholder":"","visible":true,"editable":true},"list":{"label":"name","searchable":true,"sortable":true}},"code":{"edit":{"label":"code","description":"","placeholder":"","visible":true,"editable":true},"list":{"label":"code","searchable":true,"sortable":true}},"createdAt":{"edit":{"label":"createdAt","description":"","placeholder":"","visible":false,"editable":true},"list":{"label":"createdAt","searchable":true,"sortable":true}},"updatedAt":{"edit":{"label":"updatedAt","description":"","placeholder":"","visible":false,"editable":true},"list":{"label":"updatedAt","searchable":true,"sortable":true}}},"layouts":{"list":["id","name","code","createdAt"],"editRelations":[],"edit":[[{"name":"name","size":6},{"name":"code","size":6}]]}}','object',NULL,NULL);
INSERT INTO strapi_core_store_settings VALUES(11,'plugin_upload_settings','{"sizeOptimization":true,"responsiveDimensions":true,"autoOrientation":false}','object',NULL,NULL);
INSERT INTO strapi_core_store_settings VALUES(12,'plugin_users-permissions_grant','{"email":{"enabled":true,"icon":"envelope"},"discord":{"enabled":false,"icon":"discord","key":"","secret":"","callback":"api/auth/discord/callback","scope":["identify","email"]},"facebook":{"enabled":false,"icon":"facebook-square","key":"","secret":"","callback":"api/auth/facebook/callback","scope":["email"]},"google":{"enabled":false,"icon":"google","key":"","secret":"","callback":"api/auth/google/callback","scope":["email"]},"github":{"enabled":false,"icon":"github","key":"","secret":"","callback":"api/auth/github/callback","scope":["user","user:email"]},"microsoft":{"enabled":false,"icon":"windows","key":"","secret":"","callback":"api/auth/microsoft/callback","scope":["user.read"]},"twitter":{"enabled":false,"icon":"twitter","key":"","secret":"","callback":"api/auth/twitter/callback"},"instagram":{"enabled":false,"icon":"instagram","key":"","secret":"","callback":"api/auth/instagram/callback","scope":["user_profile"]},"vk":{"enabled":false,"icon":"vk","key":"","secret":"","callback":"api/auth/vk/callback","scope":["email"]},"twitch":{"enabled":false,"icon":"twitch","key":"","secret":"","callback":"api/auth/twitch/callback","scope":["user:read:email"]},"linkedin":{"enabled":false,"icon":"linkedin","key":"","secret":"","callback":"api/auth/linkedin/callback","scope":["r_liteprofile","r_emailaddress"]},"cognito":{"enabled":false,"icon":"aws","key":"","secret":"","subdomain":"my.subdomain.com","callback":"api/auth/cognito/callback","scope":["email","openid","profile"]},"reddit":{"enabled":false,"icon":"reddit","key":"","secret":"","state":true,"callback":"api/auth/reddit/callback","scope":["identity"]},"auth0":{"enabled":false,"icon":"","key":"","secret":"","subdomain":"my-tenant.eu","callback":"api/auth/auth0/callback","scope":["openid","email","profile"]},"cas":{"enabled":false,"icon":"book","key":"","secret":"","callback":"api/auth/cas/callback","scope":["openid email"],"subdomain":"my.subdomain.com/cas"}}','object',NULL,NULL);
INSERT INTO strapi_core_store_settings VALUES(13,'plugin_users-permissions_email','{"reset_password":{"display":"Email.template.reset_password","icon":"sync","options":{"from":{"name":"Administration Panel","email":"no-reply@strapi.io"},"response_email":"","object":"Reset password","message":"<p>We heard that you lost your password. Sorry about that!</p>\n\n<p>But dont worry! You can use the following link to reset your password:</p>\n<p><%= URL %>?code=<%= TOKEN %></p>\n\n<p>Thanks.</p>"}},"email_confirmation":{"display":"Email.template.email_confirmation","icon":"check-square","options":{"from":{"name":"Administration Panel","email":"no-reply@strapi.io"},"response_email":"","object":"Account confirmation","message":"<p>Thank you for registering!</p>\n\n<p>You have to confirm your email address. Please click on the link below.</p>\n\n<p><%= URL %>?confirmation=<%= CODE %></p>\n\n<p>Thanks.</p>"}}}','object',NULL,NULL);
INSERT INTO strapi_core_store_settings VALUES(14,'plugin_users-permissions_advanced','{"unique_email":true,"allow_register":true,"email_confirmation":false,"email_reset_password":null,"email_confirmation_redirection":null,"default_role":"authenticated"}','object',NULL,NULL);
INSERT INTO strapi_core_store_settings VALUES(15,'plugin_i18n_default_locale','"en"','string',NULL,NULL);
INSERT INTO strapi_core_store_settings VALUES(16,'core_admin_auth','{"providers":{"autoRegister":false,"defaultRole":null}}','object',NULL,NULL);
INSERT INTO strapi_core_store_settings VALUES(17,'plugin_content_manager_configuration_content_types::plugin::navigation.audience','{"uid":"plugin::navigation.audience","settings":{"bulkable":true,"filterable":true,"searchable":true,"pageSize":10,"mainField":"name","defaultSortBy":"name","defaultSortOrder":"ASC"},"metadatas":{"id":{"edit":{},"list":{"label":"id","searchable":true,"sortable":true}},"name":{"edit":{"label":"name","description":"","placeholder":"","visible":true,"editable":true},"list":{"label":"name","searchable":true,"sortable":true}},"key":{"edit":{"label":"key","description":"","placeholder":"","visible":true,"editable":true},"list":{"label":"key","searchable":true,"sortable":true}},"createdAt":{"edit":{"label":"createdAt","description":"","placeholder":"","visible":false,"editable":true},"list":{"label":"createdAt","searchable":true,"sortable":true}},"updatedAt":{"edit":{"label":"updatedAt","description":"","placeholder":"","visible":false,"editable":true},"list":{"label":"updatedAt","searchable":true,"sortable":true}}},"layouts":{"list":["id","name","key","createdAt"],"editRelations":[],"edit":[[{"name":"name","size":6},{"name":"key","size":6}]]}}','object',NULL,NULL);
INSERT INTO strapi_core_store_settings VALUES(18,'plugin_content_manager_configuration_content_types::plugin::navigation.navigation','{"uid":"plugin::navigation.navigation","settings":{"bulkable":true,"filterable":true,"searchable":true,"pageSize":10,"mainField":"localeCode","defaultSortBy":"localeCode","defaultSortOrder":"ASC"},"metadatas":{"id":{"edit":{},"list":{"label":"id","searchable":true,"sortable":true}},"name":{"edit":{"label":"name","description":"","placeholder":"","visible":true,"editable":true},"list":{"label":"name","searchable":true,"sortable":true}},"slug":{"edit":{"label":"slug","description":"","placeholder":"","visible":true,"editable":true},"list":{"label":"slug","searchable":true,"sortable":true}},"visible":{"edit":{"label":"visible","description":"","placeholder":"","visible":true,"editable":true},"list":{"label":"visible","searchable":true,"sortable":true}},"items":{"edit":{"label":"items","description":"","placeholder":"","visible":true,"editable":true,"mainField":"uiRouterKey"},"list":{"label":"items","searchable":false,"sortable":false}},"localizations":{"edit":{"label":"localizations","description":"","placeholder":"","visible":true,"editable":true,"mainField":"localeCode"},"list":{"label":"localizations","searchable":false,"sortable":false}},"localeCode":{"edit":{"label":"localeCode","description":"","placeholder":"","visible":true,"editable":true},"list":{"label":"localeCode","searchable":true,"sortable":true}},"createdAt":{"edit":{"label":"createdAt","description":"","placeholder":"","visible":false,"editable":true},"list":{"label":"createdAt","searchable":true,"sortable":true}},"updatedAt":{"edit":{"label":"updatedAt","description":"","placeholder":"","visible":false,"editable":true},"list":{"label":"updatedAt","searchable":true,"sortable":true}}},"layouts":{"list":["id","name","slug","visible"],"editRelations":["items","localizations"],"edit":[[{"name":"name","size":6},{"name":"slug","size":6}],[{"name":"visible","size":4},{"name":"localeCode","size":6}]]}}','object',NULL,NULL);
INSERT INTO strapi_core_store_settings VALUES(19,'plugin_content_manager_configuration_content_types::plugin::navigation.navigation-item','{"uid":"plugin::navigation.navigation-item","settings":{"bulkable":true,"filterable":true,"searchable":true,"pageSize":10,"mainField":"uiRouterKey","defaultSortBy":"uiRouterKey","defaultSortOrder":"ASC"},"metadatas":{"id":{"edit":{},"list":{"label":"id","searchable":true,"sortable":true}},"title":{"edit":{"label":"title","description":"","placeholder":"","visible":true,"editable":true},"list":{"label":"title","searchable":true,"sortable":true}},"type":{"edit":{"label":"type","description":"","placeholder":"","visible":true,"editable":true},"list":{"label":"type","searchable":true,"sortable":true}},"path":{"edit":{"label":"path","description":"","placeholder":"","visible":true,"editable":true},"list":{"label":"path","searchable":true,"sortable":true}},"externalPath":{"edit":{"label":"externalPath","description":"","placeholder":"","visible":true,"editable":true},"list":{"label":"externalPath","searchable":true,"sortable":true}},"uiRouterKey":{"edit":{"label":"uiRouterKey","description":"","placeholder":"","visible":true,"editable":true},"list":{"label":"uiRouterKey","searchable":true,"sortable":true}},"menuAttached":{"edit":{"label":"menuAttached","description":"","placeholder":"","visible":true,"editable":true},"list":{"label":"menuAttached","searchable":true,"sortable":true}},"order":{"edit":{"label":"order","description":"","placeholder":"","visible":true,"editable":true},"list":{"label":"order","searchable":true,"sortable":true}},"collapsed":{"edit":{"label":"collapsed","description":"","placeholder":"","visible":true,"editable":true},"list":{"label":"collapsed","searchable":true,"sortable":true}},"related":{"edit":{"label":"related","description":"","placeholder":"","visible":true,"editable":true,"mainField":"related_id"},"list":{"label":"related","searchable":true,"sortable":true}},"parent":{"edit":{"label":"parent","description":"","placeholder":"","visible":true,"editable":true,"mainField":"uiRouterKey"},"list":{"label":"parent","searchable":true,"sortable":true}},"master":{"edit":{"label":"master","description":"","placeholder":"","visible":true,"editable":true,"mainField":"localeCode"},"list":{"label":"master","searchable":true,"sortable":true}},"audience":{"edit":{"label":"audience","description":"","placeholder":"","visible":true,"editable":true,"mainField":"name"},"list":{"label":"audience","searchable":false,"sortable":false}},"createdAt":{"edit":{"label":"createdAt","description":"","placeholder":"","visible":false,"editable":true},"list":{"label":"createdAt","searchable":true,"sortable":true}},"updatedAt":{"edit":{"label":"updatedAt","description":"","placeholder":"","visible":false,"editable":true},"list":{"label":"updatedAt","searchable":true,"sortable":true}}},"layouts":{"list":["id","title","type","path"],"editRelations":["related","parent","master","audience"],"edit":[[{"name":"title","size":6},{"name":"type","size":6}],[{"name":"path","size":6},{"name":"externalPath","size":6}],[{"name":"uiRouterKey","size":6},{"name":"menuAttached","size":4}],[{"name":"order","size":4},{"name":"collapsed","size":4}]]}}','object',NULL,NULL);
INSERT INTO strapi_core_store_settings VALUES(20,'plugin_content_manager_configuration_content_types::plugin::navigation.navigations-items-related','{"uid":"plugin::navigation.navigations-items-related","settings":{"bulkable":true,"filterable":true,"searchable":true,"pageSize":10,"mainField":"related_id","defaultSortBy":"related_id","defaultSortOrder":"ASC"},"metadatas":{"id":{"edit":{},"list":{"label":"id","searchable":true,"sortable":true}},"related_id":{"edit":{"label":"related_id","description":"","placeholder":"","visible":true,"editable":true},"list":{"label":"related_id","searchable":true,"sortable":true}},"related_type":{"edit":{"label":"related_type","description":"","placeholder":"","visible":true,"editable":true},"list":{"label":"related_type","searchable":true,"sortable":true}},"field":{"edit":{"label":"field","description":"","placeholder":"","visible":true,"editable":true},"list":{"label":"field","searchable":true,"sortable":true}},"order":{"edit":{"label":"order","description":"","placeholder":"","visible":true,"editable":true},"list":{"label":"order","searchable":true,"sortable":true}},"master":{"edit":{"label":"master","description":"","placeholder":"","visible":true,"editable":true},"list":{"label":"master","searchable":true,"sortable":true}},"createdAt":{"edit":{"label":"createdAt","description":"","placeholder":"","visible":false,"editable":true},"list":{"label":"createdAt","searchable":true,"sortable":true}},"updatedAt":{"edit":{"label":"updatedAt","description":"","placeholder":"","visible":false,"editable":true},"list":{"label":"updatedAt","searchable":true,"sortable":true}}},"layouts":{"list":["id","related_id","related_type","field"],"editRelations":[],"edit":[[{"name":"related_id","size":6},{"name":"related_type","size":6}],[{"name":"field","size":6},{"name":"order","size":4}],[{"name":"master","size":6}]]}}','object',NULL,NULL);
INSERT INTO strapi_core_store_settings VALUES(21,'plugin_navigation_config','{"additionalFields":["audience"],"contentTypes":["api::page.page","api::home.home","plugin::upload.file"],"contentTypesNameFields":{"default":["title","subject","name"]},"contentTypesPopulate":{},"allowedLevels":2,"gql":{"navigationItemRelated":["Page","Home","UploadFile"]},"i18nEnabled":true,"pruneObsoleteI18nNavigations":false}','object',NULL,NULL);
INSERT INTO strapi_core_store_settings VALUES(24,'plugin_sitemap_settings','{"hostname":"","includeHomepage":true,"excludeDrafts":true,"hostname_overrides":{},"contentTypes":{},"customEntries":{}}','object',NULL,NULL);
INSERT INTO strapi_core_store_settings VALUES(31,'plugin_content_manager_configuration_components::shared.meta-social','{"uid":"shared.meta-social","settings":{"bulkable":true,"filterable":true,"searchable":true,"pageSize":10,"mainField":"title","defaultSortBy":"title","defaultSortOrder":"ASC"},"metadatas":{"id":{"edit":{},"list":{"label":"id","searchable":false,"sortable":false}},"socialNetwork":{"edit":{"label":"socialNetwork","description":"","placeholder":"","visible":true,"editable":true},"list":{"label":"socialNetwork","searchable":true,"sortable":true}},"title":{"edit":{"label":"title","description":"","placeholder":"","visible":true,"editable":true},"list":{"label":"title","searchable":true,"sortable":true}},"description":{"edit":{"label":"description","description":"","placeholder":"","visible":true,"editable":true},"list":{"label":"description","searchable":true,"sortable":true}},"image":{"edit":{"label":"image","description":"","placeholder":"","visible":true,"editable":true},"list":{"label":"image","searchable":false,"sortable":false}}},"layouts":{"list":["id","socialNetwork","title","description"],"edit":[[{"name":"socialNetwork","size":6},{"name":"title","size":6}],[{"name":"description","size":6},{"name":"image","size":6}]],"editRelations":[]},"isComponent":true}','object',NULL,NULL);
INSERT INTO strapi_core_store_settings VALUES(32,'plugin_content_manager_configuration_components::shared.seo','{"uid":"shared.seo","settings":{"bulkable":true,"filterable":true,"searchable":true,"pageSize":10,"mainField":"metaTitle","defaultSortBy":"metaTitle","defaultSortOrder":"ASC"},"metadatas":{"id":{"edit":{},"list":{"label":"id","searchable":false,"sortable":false}},"metaTitle":{"edit":{"label":"metaTitle","description":"","placeholder":"","visible":true,"editable":true},"list":{"label":"metaTitle","searchable":true,"sortable":true}},"metaDescription":{"edit":{"label":"metaDescription","description":"","placeholder":"","visible":true,"editable":true},"list":{"label":"metaDescription","searchable":true,"sortable":true}},"metaImage":{"edit":{"label":"metaImage","description":"","placeholder":"","visible":true,"editable":true},"list":{"label":"metaImage","searchable":false,"sortable":false}},"metaSocial":{"edit":{"label":"metaSocial","description":"","placeholder":"","visible":true,"editable":true},"list":{"label":"metaSocial","searchable":false,"sortable":false}},"keywords":{"edit":{"label":"keywords","description":"","placeholder":"","visible":true,"editable":true},"list":{"label":"keywords","searchable":true,"sortable":true}},"metaRobots":{"edit":{"label":"metaRobots","description":"","placeholder":"","visible":true,"editable":true},"list":{"label":"metaRobots","searchable":true,"sortable":true}},"structuredData":{"edit":{"label":"structuredData","description":"","placeholder":"","visible":true,"editable":true},"list":{"label":"structuredData","searchable":false,"sortable":false}},"metaViewport":{"edit":{"label":"metaViewport","description":"","placeholder":"","visible":true,"editable":true},"list":{"label":"metaViewport","searchable":true,"sortable":true}},"canonicalURL":{"edit":{"label":"canonicalURL","description":"","placeholder":"","visible":true,"editable":true},"list":{"label":"canonicalURL","searchable":true,"sortable":true}}},"layouts":{"list":["id","metaTitle","metaDescription","metaImage"],"edit":[[{"name":"metaTitle","size":6},{"name":"metaDescription","size":6}],[{"name":"metaImage","size":6}],[{"name":"metaSocial","size":12}],[{"name":"keywords","size":6},{"name":"metaRobots","size":6}],[{"name":"structuredData","size":12}],[{"name":"metaViewport","size":6},{"name":"canonicalURL","size":6}]],"editRelations":[]},"isComponent":true}','object',NULL,NULL);
INSERT INTO strapi_core_store_settings VALUES(33,'plugin_content_manager_configuration_content_types::api::home.home','{"uid":"api::home.home","settings":{"bulkable":true,"filterable":true,"searchable":true,"pageSize":10,"mainField":"Title","defaultSortBy":"Title","defaultSortOrder":"ASC"},"metadatas":{"id":{"edit":{},"list":{"label":"id","searchable":true,"sortable":true}},"Title":{"edit":{"label":"Title","description":"","placeholder":"","visible":true,"editable":true},"list":{"label":"Title","searchable":true,"sortable":true}},"Description":{"edit":{"label":"Description","description":"","placeholder":"","visible":true,"editable":true},"list":{"label":"Description","searchable":true,"sortable":true}},"slug":{"edit":{"label":"slug","description":"","placeholder":"","visible":true,"editable":true},"list":{"label":"slug","searchable":true,"sortable":true}},"Benefits":{"edit":{"label":"Benefits","description":"","placeholder":"","visible":true,"editable":true},"list":{"label":"Benefits","searchable":false,"sortable":false}},"SEO":{"edit":{"label":"SEO","description":"","placeholder":"","visible":true,"editable":true},"list":{"label":"SEO","searchable":false,"sortable":false}},"createdAt":{"edit":{"label":"createdAt","description":"","placeholder":"","visible":false,"editable":true},"list":{"label":"createdAt","searchable":true,"sortable":true}},"updatedAt":{"edit":{"label":"updatedAt","description":"","placeholder":"","visible":false,"editable":true},"list":{"label":"updatedAt","searchable":true,"sortable":true}}},"layouts":{"list":["id","Title","Description","slug"],"editRelations":[],"edit":[[{"name":"Title","size":6},{"name":"Description","size":6}],[{"name":"slug","size":6}],[{"name":"Benefits","size":12}],[{"name":"SEO","size":12}]]}}','object',NULL,NULL);
INSERT INTO strapi_core_store_settings VALUES(34,'plugin_content_manager_configuration_content_types::api::page.page','{"uid":"api::page.page","settings":{"bulkable":true,"filterable":true,"searchable":true,"pageSize":10,"mainField":"Title","defaultSortBy":"Title","defaultSortOrder":"ASC"},"metadatas":{"id":{"edit":{},"list":{"label":"id","searchable":true,"sortable":true}},"Title":{"edit":{"label":"Title","description":"","placeholder":"","visible":true,"editable":true},"list":{"label":"Title","searchable":true,"sortable":true}},"slug":{"edit":{"label":"slug","description":"","placeholder":"","visible":true,"editable":true},"list":{"label":"slug","searchable":true,"sortable":true}},"Content":{"edit":{"label":"Content","description":"","placeholder":"","visible":true,"editable":true},"list":{"label":"Content","searchable":false,"sortable":false}},"SEO":{"edit":{"label":"SEO","description":"","placeholder":"","visible":true,"editable":true},"list":{"label":"SEO","searchable":false,"sortable":false}},"createdAt":{"edit":{"label":"createdAt","description":"","placeholder":"","visible":false,"editable":true},"list":{"label":"createdAt","searchable":true,"sortable":true}},"updatedAt":{"edit":{"label":"updatedAt","description":"","placeholder":"","visible":false,"editable":true},"list":{"label":"updatedAt","searchable":true,"sortable":true}}},"layouts":{"list":["id","Title","slug","SEO"],"editRelations":[],"edit":[[{"name":"Title","size":6},{"name":"slug","size":6}],[{"name":"Content","size":12}],[{"name":"SEO","size":12}]]}}','object',NULL,NULL);
INSERT INTO strapi_core_store_settings VALUES(35,'plugin_content_manager_configuration_content_types::plugin::cms-analyzer.analyse','{"uid":"plugin::cms-analyzer.analyse","settings":{"bulkable":true,"filterable":true,"searchable":true,"pageSize":10,"mainField":"key","defaultSortBy":"key","defaultSortOrder":"ASC"},"metadatas":{"id":{"edit":{},"list":{"label":"id","searchable":true,"sortable":true}},"key":{"edit":{"label":"key","description":"","placeholder":"","visible":true,"editable":true},"list":{"label":"key","searchable":true,"sortable":true}},"apiName":{"edit":{"label":"apiName","description":"","placeholder":"","visible":true,"editable":true},"list":{"label":"apiName","searchable":true,"sortable":true}},"frontUrl":{"edit":{"label":"frontUrl","description":"","placeholder":"","visible":true,"editable":true},"list":{"label":"frontUrl","searchable":true,"sortable":true}},"documentId":{"edit":{"label":"documentId","description":"","placeholder":"","visible":true,"editable":true},"list":{"label":"documentId","searchable":true,"sortable":true}},"documentFields":{"edit":{"label":"documentFields","description":"","placeholder":"","visible":true,"editable":true},"list":{"label":"documentFields","searchable":false,"sortable":false}},"seoAnalyse":{"edit":{"label":"seoAnalyse","description":"","placeholder":"","visible":true,"editable":true},"list":{"label":"seoAnalyse","searchable":false,"sortable":false}},"tags":{"edit":{"label":"tags","description":"","placeholder":"","visible":true,"editable":true},"list":{"label":"tags","searchable":false,"sortable":false}},"screenshot":{"edit":{"label":"screenshot","description":"","placeholder":"","visible":true,"editable":true},"list":{"label":"screenshot","searchable":true,"sortable":true}},"depth":{"edit":{"label":"depth","description":"","placeholder":"","visible":true,"editable":true},"list":{"label":"depth","searchable":true,"sortable":true}},"contentKind":{"edit":{"label":"contentKind","description":"","placeholder":"","visible":true,"editable":true},"list":{"label":"contentKind","searchable":true,"sortable":true}},"locale":{"edit":{"label":"locale","description":"","placeholder":"","visible":true,"editable":true},"list":{"label":"locale","searchable":true,"sortable":true}},"isChecked":{"edit":{"label":"isChecked","description":"","placeholder":"","visible":true,"editable":true},"list":{"label":"isChecked","searchable":true,"sortable":true}},"createdAt":{"edit":{"label":"createdAt","description":"","placeholder":"","visible":false,"editable":true},"list":{"label":"createdAt","searchable":true,"sortable":true}},"updatedAt":{"edit":{"label":"updatedAt","description":"","placeholder":"","visible":false,"editable":true},"list":{"label":"updatedAt","searchable":true,"sortable":true}}},"layouts":{"list":["id","key","apiName","frontUrl"],"editRelations":[],"edit":[[{"name":"key","size":6},{"name":"apiName","size":6}],[{"name":"frontUrl","size":6},{"name":"documentId","size":4}],[{"name":"documentFields","size":12}],[{"name":"seoAnalyse","size":12}],[{"name":"tags","size":12}],[{"name":"screenshot","size":6},{"name":"depth","size":4}],[{"name":"contentKind","size":6},{"name":"locale","size":6}],[{"name":"isChecked","size":4}]]}}','object',NULL,NULL);
INSERT INTO strapi_core_store_settings VALUES(36,'plugin_content_manager_configuration_content_types::plugin::cms-analyzer.match','{"uid":"plugin::cms-analyzer.match","settings":{"bulkable":true,"filterable":true,"searchable":true,"pageSize":10,"mainField":"apiName","defaultSortBy":"apiName","defaultSortOrder":"ASC"},"metadatas":{"id":{"edit":{},"list":{"label":"id","searchable":true,"sortable":true}},"apiName":{"edit":{"label":"apiName","description":"","placeholder":"","visible":true,"editable":true},"list":{"label":"apiName","searchable":true,"sortable":true}},"fieldName":{"edit":{"label":"fieldName","description":"","placeholder":"","visible":true,"editable":true},"list":{"label":"fieldName","searchable":true,"sortable":true}},"tagName":{"edit":{"label":"tagName","description":"","placeholder":"","visible":true,"editable":true},"list":{"label":"tagName","searchable":true,"sortable":true}},"componentName":{"edit":{"label":"componentName","description":"","placeholder":"","visible":true,"editable":true},"list":{"label":"componentName","searchable":true,"sortable":true}},"dynamicZoneName":{"edit":{"label":"dynamicZoneName","description":"","placeholder":"","visible":true,"editable":true},"list":{"label":"dynamicZoneName","searchable":true,"sortable":true}},"status":{"edit":{"label":"status","description":"","placeholder":"","visible":true,"editable":true},"list":{"label":"status","searchable":true,"sortable":true}},"isMultipleDoc":{"edit":{"label":"isMultipleDoc","description":"","placeholder":"","visible":true,"editable":true},"list":{"label":"isMultipleDoc","searchable":true,"sortable":true}},"createdAt":{"edit":{"label":"createdAt","description":"","placeholder":"","visible":false,"editable":true},"list":{"label":"createdAt","searchable":true,"sortable":true}},"updatedAt":{"edit":{"label":"updatedAt","description":"","placeholder":"","visible":false,"editable":true},"list":{"label":"updatedAt","searchable":true,"sortable":true}}},"layouts":{"list":["id","apiName","fieldName","tagName"],"editRelations":[],"edit":[[{"name":"apiName","size":6},{"name":"fieldName","size":6}],[{"name":"tagName","size":6},{"name":"componentName","size":6}],[{"name":"dynamicZoneName","size":6},{"name":"status","size":6}],[{"name":"isMultipleDoc","size":4}]]}}','object',NULL,NULL);
INSERT INTO strapi_core_store_settings VALUES(37,'plugin_content_manager_configuration_content_types::plugin::cms-analyzer.media','{"uid":"plugin::cms-analyzer.media","settings":{"bulkable":true,"filterable":true,"searchable":true,"pageSize":10,"mainField":"frontUrl","defaultSortBy":"frontUrl","defaultSortOrder":"ASC"},"metadatas":{"id":{"edit":{},"list":{"label":"id","searchable":true,"sortable":true}},"frontUrl":{"edit":{"label":"frontUrl","description":"","placeholder":"","visible":true,"editable":true},"list":{"label":"frontUrl","searchable":true,"sortable":true}},"mediaUrl":{"edit":{"label":"mediaUrl","description":"","placeholder":"","visible":true,"editable":true},"list":{"label":"mediaUrl","searchable":true,"sortable":true}},"height":{"edit":{"label":"height","description":"","placeholder":"","visible":true,"editable":true},"list":{"label":"height","searchable":true,"sortable":true}},"width":{"edit":{"label":"width","description":"","placeholder":"","visible":true,"editable":true},"list":{"label":"width","searchable":true,"sortable":true}},"alt":{"edit":{"label":"alt","description":"","placeholder":"","visible":true,"editable":true},"list":{"label":"alt","searchable":true,"sortable":true}},"data":{"edit":{"label":"data","description":"","placeholder":"","visible":true,"editable":true},"list":{"label":"data","searchable":false,"sortable":false}},"status":{"edit":{"label":"status","description":"","placeholder":"","visible":true,"editable":true},"list":{"label":"status","searchable":true,"sortable":true}},"createdAt":{"edit":{"label":"createdAt","description":"","placeholder":"","visible":false,"editable":true},"list":{"label":"createdAt","searchable":true,"sortable":true}},"updatedAt":{"edit":{"label":"updatedAt","description":"","placeholder":"","visible":false,"editable":true},"list":{"label":"updatedAt","searchable":true,"sortable":true}}},"layouts":{"list":["id","frontUrl","mediaUrl","height"],"editRelations":[],"edit":[[{"name":"frontUrl","size":6},{"name":"mediaUrl","size":6}],[{"name":"height","size":4},{"name":"width","size":4}],[{"name":"alt","size":6}],[{"name":"data","size":12}],[{"name":"status","size":6}]]}}','object',NULL,NULL);
INSERT INTO strapi_core_store_settings VALUES(38,'plugin_content_manager_configuration_content_types::plugin::cms-analyzer.summary','{"uid":"plugin::cms-analyzer.summary","settings":{"bulkable":true,"filterable":true,"searchable":true,"pageSize":10,"mainField":"frontUrl","defaultSortBy":"frontUrl","defaultSortOrder":"ASC"},"metadatas":{"id":{"edit":{},"list":{"label":"id","searchable":true,"sortable":true}},"frontUrl":{"edit":{"label":"frontUrl","description":"","placeholder":"","visible":true,"editable":true},"list":{"label":"frontUrl","searchable":true,"sortable":true}},"nbUrl":{"edit":{"label":"nbUrl","description":"","placeholder":"","visible":true,"editable":true},"list":{"label":"nbUrl","searchable":true,"sortable":true}},"nbErrorLow":{"edit":{"label":"nbErrorLow","description":"","placeholder":"","visible":true,"editable":true},"list":{"label":"nbErrorLow","searchable":true,"sortable":true}},"nbErrorHigh":{"edit":{"label":"nbErrorHigh","description":"","placeholder":"","visible":true,"editable":true},"list":{"label":"nbErrorHigh","searchable":true,"sortable":true}},"user":{"edit":{"label":"user","description":"","placeholder":"","visible":true,"editable":true},"list":{"label":"user","searchable":true,"sortable":true}},"date":{"edit":{"label":"date","description":"","placeholder":"","visible":true,"editable":true},"list":{"label":"date","searchable":true,"sortable":true}},"createdAt":{"edit":{"label":"createdAt","description":"","placeholder":"","visible":false,"editable":true},"list":{"label":"createdAt","searchable":true,"sortable":true}},"updatedAt":{"edit":{"label":"updatedAt","description":"","placeholder":"","visible":false,"editable":true},"list":{"label":"updatedAt","searchable":true,"sortable":true}}},"layouts":{"list":["id","frontUrl","nbUrl","nbErrorLow"],"editRelations":[],"edit":[[{"name":"frontUrl","size":6},{"name":"nbUrl","size":4}],[{"name":"nbErrorLow","size":4},{"name":"nbErrorHigh","size":4}],[{"name":"user","size":6},{"name":"date","size":6}]]}}','object',NULL,NULL);
CREATE TABLE `strapi_webhooks` (`id` integer not null primary key autoincrement, `name` varchar(255) null, `url` text null, `headers` json null, `events` json null, `enabled` boolean null);
CREATE TABLE IF NOT EXISTS "admin_permissions" (`id` integer PRIMARY KEY AUTOINCREMENT NOT NULL, `action` varchar(255) NULL, `subject` varchar(255) NULL, `properties` json NULL, `conditions` json NULL, `created_at` datetime NULL, `updated_at` datetime NULL, `created_by_id` integer NULL, `updated_by_id` integer NULL, CONSTRAINT `admin_permissions_created_by_id_fk` FOREIGN KEY (`created_by_id`) REFERENCES `admin_users` (`id`) ON DELETE SET NULL, CONSTRAINT `admin_permissions_updated_by_id_fk` FOREIGN KEY (`updated_by_id`) REFERENCES `admin_users` (`id`) ON DELETE SET NULL, CONSTRAINT `admin_permissions_created_by_id_fk` FOREIGN KEY (`created_by_id`) REFERENCES `admin_users` (`id`) ON DELETE SET NULL, CONSTRAINT `admin_permissions_updated_by_id_fk` FOREIGN KEY (`updated_by_id`) REFERENCES `admin_users` (`id`) ON DELETE SET NULL);
INSERT INTO admin_permissions VALUES(1,'plugin::upload.read',NULL,'{}','[]',1656508178008,1656508178008,NULL,NULL);
INSERT INTO admin_permissions VALUES(2,'plugin::upload.assets.create',NULL,'{}','[]',1656508178032,1656508178032,NULL,NULL);
INSERT INTO admin_permissions VALUES(3,'plugin::upload.assets.update',NULL,'{}','[]',1656508178058,1656508178058,NULL,NULL);
INSERT INTO admin_permissions VALUES(4,'plugin::upload.assets.download',NULL,'{}','[]',1656508178083,1656508178083,NULL,NULL);
INSERT INTO admin_permissions VALUES(5,'plugin::upload.assets.copy-link',NULL,'{}','[]',1656508178109,1656508178109,NULL,NULL);
INSERT INTO admin_permissions VALUES(6,'plugin::upload.read',NULL,'{}','["admin::is-creator"]',1656508178143,1656508178143,NULL,NULL);
INSERT INTO admin_permissions VALUES(7,'plugin::upload.assets.create',NULL,'{}','[]',1656508178168,1656508178168,NULL,NULL);
INSERT INTO admin_permissions VALUES(8,'plugin::upload.assets.update',NULL,'{}','["admin::is-creator"]',1656508178191,1656508178191,NULL,NULL);
INSERT INTO admin_permissions VALUES(9,'plugin::upload.assets.download',NULL,'{}','[]',1656508178216,1656508178216,NULL,NULL);
INSERT INTO admin_permissions VALUES(10,'plugin::upload.assets.copy-link',NULL,'{}','[]',1656508178245,1656508178245,NULL,NULL);
INSERT INTO admin_permissions VALUES(11,'plugin::content-manager.explorer.create','plugin::users-permissions.user','{"fields":["username","email","provider","password","resetPasswordToken","confirmationToken","confirmed","blocked","role"]}','[]',1656508178291,1656508178291,NULL,NULL);
INSERT INTO admin_permissions VALUES(12,'plugin::content-manager.explorer.read','plugin::users-permissions.user','{"fields":["username","email","provider","password","resetPasswordToken","confirmationToken","confirmed","blocked","role"]}','[]',1656508178313,1656508178313,NULL,NULL);
INSERT INTO admin_permissions VALUES(13,'plugin::content-manager.explorer.update','plugin::users-permissions.user','{"fields":["username","email","provider","password","resetPasswordToken","confirmationToken","confirmed","blocked","role"]}','[]',1656508178335,1656508178335,NULL,NULL);
INSERT INTO admin_permissions VALUES(14,'plugin::content-manager.explorer.delete','plugin::users-permissions.user','{}','[]',1656508178364,1656508178364,NULL,NULL);
INSERT INTO admin_permissions VALUES(15,'plugin::content-manager.single-types.configure-view',NULL,'{}','[]',1656508178393,1656508178393,NULL,NULL);
INSERT INTO admin_permissions VALUES(16,'plugin::content-manager.collection-types.configure-view',NULL,'{}','[]',1656508178411,1656508178411,NULL,NULL);
INSERT INTO admin_permissions VALUES(17,'plugin::content-manager.components.configure-layout',NULL,'{}','[]',1656508178434,1656508178434,NULL,NULL);
INSERT INTO admin_permissions VALUES(18,'plugin::content-type-builder.read',NULL,'{}','[]',1656508178458,1656508178458,NULL,NULL);
INSERT INTO admin_permissions VALUES(19,'plugin::email.settings.read',NULL,'{}','[]',1656508178484,1656508178484,NULL,NULL);
INSERT INTO admin_permissions VALUES(20,'plugin::upload.read',NULL,'{}','[]',1656508178510,1656508178510,NULL,NULL);
INSERT INTO admin_permissions VALUES(21,'plugin::upload.assets.create',NULL,'{}','[]',1656508178539,1656508178539,NULL,NULL);
INSERT INTO admin_permissions VALUES(22,'plugin::upload.assets.update',NULL,'{}','[]',1656508178566,1656508178566,NULL,NULL);
INSERT INTO admin_permissions VALUES(23,'plugin::upload.assets.download',NULL,'{}','[]',1656508178592,1656508178592,NULL,NULL);
INSERT INTO admin_permissions VALUES(24,'plugin::upload.assets.copy-link',NULL,'{}','[]',1656508178620,1656508178620,NULL,NULL);
INSERT INTO admin_permissions VALUES(25,'plugin::upload.settings.read',NULL,'{}','[]',1656508178646,1656508178646,NULL,NULL);
INSERT INTO admin_permissions VALUES(26,'plugin::users-permissions.roles.create',NULL,'{}','[]',1656508178667,1656508178667,NULL,NULL);
INSERT INTO admin_permissions VALUES(27,'plugin::users-permissions.roles.read',NULL,'{}','[]',1656508178695,1656508178695,NULL,NULL);
INSERT INTO admin_permissions VALUES(28,'plugin::users-permissions.roles.update',NULL,'{}','[]',1656508178719,1656508178719,NULL,NULL);
INSERT INTO admin_permissions VALUES(29,'plugin::users-permissions.roles.delete',NULL,'{}','[]',1656508178747,1656508178747,NULL,NULL);
INSERT INTO admin_permissions VALUES(30,'plugin::users-permissions.providers.read',NULL,'{}','[]',1656508178774,1656508178774,NULL,NULL);
INSERT INTO admin_permissions VALUES(31,'plugin::users-permissions.providers.update',NULL,'{}','[]',1656508178800,1656508178800,NULL,NULL);
INSERT INTO admin_permissions VALUES(32,'plugin::users-permissions.email-templates.read',NULL,'{}','[]',1656508178826,1656508178826,NULL,NULL);
INSERT INTO admin_permissions VALUES(33,'plugin::users-permissions.email-templates.update',NULL,'{}','[]',1656508178854,1656508178854,NULL,NULL);
INSERT INTO admin_permissions VALUES(34,'plugin::users-permissions.advanced-settings.read',NULL,'{}','[]',1656508178879,1656508178879,NULL,NULL);
INSERT INTO admin_permissions VALUES(35,'plugin::users-permissions.advanced-settings.update',NULL,'{}','[]',1656508178907,1656508178907,NULL,NULL);
INSERT INTO admin_permissions VALUES(36,'plugin::i18n.locale.create',NULL,'{}','[]',1656508178943,1656508178943,NULL,NULL);
INSERT INTO admin_permissions VALUES(37,'plugin::i18n.locale.read',NULL,'{}','[]',1656508178964,1656508178964,NULL,NULL);
INSERT INTO admin_permissions VALUES(38,'plugin::i18n.locale.update',NULL,'{}','[]',1656508178993,1656508178993,NULL,NULL);
INSERT INTO admin_permissions VALUES(39,'plugin::i18n.locale.delete',NULL,'{}','[]',1656508179036,1656508179036,NULL,NULL);
INSERT INTO admin_permissions VALUES(40,'admin::marketplace.read',NULL,'{}','[]',1656508179062,1656508179062,NULL,NULL);
INSERT INTO admin_permissions VALUES(41,'admin::marketplace.plugins.install',NULL,'{}','[]',1656508179085,1656508179085,NULL,NULL);
INSERT INTO admin_permissions VALUES(42,'admin::marketplace.plugins.uninstall',NULL,'{}','[]',1656508179117,1656508179117,NULL,NULL);
INSERT INTO admin_permissions VALUES(43,'admin::webhooks.create',NULL,'{}','[]',1656508179138,1656508179138,NULL,NULL);
INSERT INTO admin_permissions VALUES(44,'admin::webhooks.read',NULL,'{}','[]',1656508179154,1656508179154,NULL,NULL);
INSERT INTO admin_permissions VALUES(45,'admin::webhooks.update',NULL,'{}','[]',1656508179170,1656508179170,NULL,NULL);
INSERT INTO admin_permissions VALUES(46,'admin::webhooks.delete',NULL,'{}','[]',1656508179191,1656508179191,NULL,NULL);
INSERT INTO admin_permissions VALUES(47,'admin::users.create',NULL,'{}','[]',1656508179214,1656508179214,NULL,NULL);
INSERT INTO admin_permissions VALUES(48,'admin::users.read',NULL,'{}','[]',1656508179236,1656508179236,NULL,NULL);
INSERT INTO admin_permissions VALUES(49,'admin::users.update',NULL,'{}','[]',1656508179260,1656508179260,NULL,NULL);
INSERT INTO admin_permissions VALUES(50,'admin::users.delete',NULL,'{}','[]',1656508179288,1656508179288,NULL,NULL);
INSERT INTO admin_permissions VALUES(51,'admin::roles.create',NULL,'{}','[]',1656508179311,1656508179311,NULL,NULL);
INSERT INTO admin_permissions VALUES(52,'admin::roles.read',NULL,'{}','[]',1656508179335,1656508179335,NULL,NULL);
INSERT INTO admin_permissions VALUES(53,'admin::roles.update',NULL,'{}','[]',1656508179358,1656508179358,NULL,NULL);
INSERT INTO admin_permissions VALUES(54,'admin::roles.delete',NULL,'{}','[]',1656508179379,1656508179379,NULL,NULL);
INSERT INTO admin_permissions VALUES(55,'admin::api-tokens.create',NULL,'{}','[]',1656508179403,1656508179403,NULL,NULL);
INSERT INTO admin_permissions VALUES(56,'admin::api-tokens.read',NULL,'{}','[]',1656508179427,1656508179427,NULL,NULL);
INSERT INTO admin_permissions VALUES(57,'admin::api-tokens.update',NULL,'{}','[]',1656508179450,1656508179450,NULL,NULL);
INSERT INTO admin_permissions VALUES(58,'admin::api-tokens.delete',NULL,'{}','[]',1656508179478,1656508179478,NULL,NULL);
INSERT INTO admin_permissions VALUES(59,'admin::project-settings.update',NULL,'{}','[]',1656508179500,1656508179500,NULL,NULL);
INSERT INTO admin_permissions VALUES(60,'admin::project-settings.read',NULL,'{}','[]',1656508179523,1656508179523,NULL,NULL);
INSERT INTO admin_permissions VALUES(61,'plugin::content-manager.explorer.create','plugin::navigation.audience','{"fields":["name","key"]}','[]',1656619969251,1656619969251,NULL,NULL);
INSERT INTO admin_permissions VALUES(62,'plugin::content-manager.explorer.read','plugin::navigation.audience','{"fields":["name","key"]}','[]',1656619969276,1656619969276,NULL,NULL);
INSERT INTO admin_permissions VALUES(63,'plugin::content-manager.explorer.update','plugin::navigation.audience','{"fields":["name","key"]}','[]',1656619969308,1656619969308,NULL,NULL);
INSERT INTO admin_permissions VALUES(64,'plugin::content-manager.explorer.delete','plugin::navigation.audience','{}','[]',1656619969333,1656619969333,NULL,NULL);
INSERT INTO admin_permissions VALUES(65,'plugin::navigation.read',NULL,'{}','[]',1656619969359,1656619969359,NULL,NULL);
INSERT INTO admin_permissions VALUES(66,'plugin::navigation.update',NULL,'{}','[]',1656619969389,1656619969389,NULL,NULL);
INSERT INTO admin_permissions VALUES(77,'plugin::sitemap.settings.read',NULL,'{}','[]',1656887828963,1656887828963,NULL,NULL);
INSERT INTO admin_permissions VALUES(78,'plugin::sitemap.menu-link',NULL,'{}','[]',1656887828998,1656887828998,NULL,NULL);
INSERT INTO admin_permissions VALUES(84,'plugin::content-manager.explorer.create','plugin::users-permissions.user','{"fields":["blocked","confirmationToken","confirmed","email","password","provider","resetPasswordToken","role","username"]}','[]',1656933088447,1656933088447,NULL,NULL);
INSERT INTO admin_permissions VALUES(85,'plugin::content-manager.explorer.read','plugin::users-permissions.user','{"fields":["blocked","confirmationToken","confirmed","email","password","provider","resetPasswordToken","role","username"]}','[]',1656933088474,1656933088474,NULL,NULL);
INSERT INTO admin_permissions VALUES(86,'plugin::content-manager.explorer.update','plugin::users-permissions.user','{"fields":["blocked","confirmationToken","confirmed","email","password","provider","resetPasswordToken","role","username"]}','[]',1656933088501,1656933088501,NULL,NULL);
INSERT INTO admin_permissions VALUES(87,'plugin::content-manager.explorer.delete','plugin::users-permissions.user','{}','[]',1656933088531,1656933088531,NULL,NULL);
INSERT INTO admin_permissions VALUES(88,'plugin::content-manager.explorer.create','plugin::navigation.audience','{"fields":["key","name"]}','[]',1656933264274,1656933264274,NULL,NULL);
INSERT INTO admin_permissions VALUES(89,'plugin::content-manager.explorer.read','plugin::navigation.audience','{"fields":["key","name"]}','[]',1656933264302,1656933264302,NULL,NULL);
INSERT INTO admin_permissions VALUES(90,'plugin::content-manager.explorer.update','plugin::navigation.audience','{"fields":["key","name"]}','[]',1656933264327,1656933264327,NULL,NULL);
INSERT INTO admin_permissions VALUES(91,'plugin::content-manager.explorer.delete','plugin::navigation.audience','{}','[]',1656933264355,1656933264355,NULL,NULL);
INSERT INTO admin_permissions VALUES(113,'plugin::content-manager.explorer.create','api::home.home','{"fields":["Title","Description","slug","Benefits","SEO.metaTitle","SEO.metaDescription","SEO.metaImage","SEO.metaSocial.socialNetwork","SEO.metaSocial.title","SEO.metaSocial.description","SEO.metaSocial.image","SEO.keywords","SEO.metaRobots","SEO.structuredData","SEO.metaViewport","SEO.canonicalURL"],"locales":["en"]}','[]',1657377465166,1657377465166,NULL,NULL);
INSERT INTO admin_permissions VALUES(114,'plugin::content-manager.explorer.create','api::page.page','{"fields":["Title","slug","Content","SEO.metaTitle","SEO.metaDescription","SEO.metaImage","SEO.metaSocial.socialNetwork","SEO.metaSocial.title","SEO.metaSocial.description","SEO.metaSocial.image","SEO.keywords","SEO.metaRobots","SEO.structuredData","SEO.metaViewport","SEO.canonicalURL"],"locales":["en"]}','[]',1657377465188,1657377465188,NULL,NULL);
INSERT INTO admin_permissions VALUES(115,'plugin::content-manager.explorer.read','api::home.home','{"fields":["Title","Description","slug","Benefits","SEO.metaTitle","SEO.metaDescription","SEO.metaImage","SEO.metaSocial.socialNetwork","SEO.metaSocial.title","SEO.metaSocial.description","SEO.metaSocial.image","SEO.keywords","SEO.metaRobots","SEO.structuredData","SEO.metaViewport","SEO.canonicalURL"],"locales":["en"]}','[]',1657377465212,1657377465212,NULL,NULL);
INSERT INTO admin_permissions VALUES(116,'plugin::content-manager.explorer.read','api::page.page','{"fields":["Title","slug","Content","SEO.metaTitle","SEO.metaDescription","SEO.metaImage","SEO.metaSocial.socialNetwork","SEO.metaSocial.title","SEO.metaSocial.description","SEO.metaSocial.image","SEO.keywords","SEO.metaRobots","SEO.structuredData","SEO.metaViewport","SEO.canonicalURL"],"locales":["en"]}','[]',1657377465242,1657377465242,NULL,NULL);
INSERT INTO admin_permissions VALUES(117,'plugin::content-manager.explorer.update','api::home.home','{"fields":["Title","Description","slug","Benefits","SEO.metaTitle","SEO.metaDescription","SEO.metaImage","SEO.metaSocial.socialNetwork","SEO.metaSocial.title","SEO.metaSocial.description","SEO.metaSocial.image","SEO.keywords","SEO.metaRobots","SEO.structuredData","SEO.metaViewport","SEO.canonicalURL"],"locales":["en"]}','[]',1657377465272,1657377465272,NULL,NULL);
INSERT INTO admin_permissions VALUES(118,'plugin::content-manager.explorer.update','api::page.page','{"fields":["Title","slug","Content","SEO.metaTitle","SEO.metaDescription","SEO.metaImage","SEO.metaSocial.socialNetwork","SEO.metaSocial.title","SEO.metaSocial.description","SEO.metaSocial.image","SEO.keywords","SEO.metaRobots","SEO.structuredData","SEO.metaViewport","SEO.canonicalURL"],"locales":["en"]}','[]',1657377465298,1657377465298,NULL,NULL);
INSERT INTO admin_permissions VALUES(119,'plugin::content-manager.explorer.delete','api::home.home','{"locales":["en"]}','[]',1657377465331,1657377465331,NULL,NULL);
INSERT INTO admin_permissions VALUES(120,'plugin::content-manager.explorer.delete','api::page.page','{"locales":["en"]}','[]',1657377465361,1657377465361,NULL,NULL);
INSERT INTO admin_permissions VALUES(121,'plugin::content-manager.explorer.publish','api::home.home','{"locales":["en"]}','[]',1657377465386,1657377465386,NULL,NULL);
INSERT INTO admin_permissions VALUES(122,'plugin::content-manager.explorer.publish','api::page.page','{"locales":["en"]}','[]',1657377465429,1657377465429,NULL,NULL);
INSERT INTO admin_permissions VALUES(123,'plugin::cms-analyzer.read',NULL,'{}','[]',1657419566795,1657419566795,NULL,NULL);
INSERT INTO admin_permissions VALUES(124,'plugin::cms-analyzer.settings.read',NULL,'{}','[]',1657419566822,1657419566822,NULL,NULL);
CREATE TABLE IF NOT EXISTS "admin_users" (`id` integer PRIMARY KEY AUTOINCREMENT NOT NULL, `firstname` varchar(255) NULL, `lastname` varchar(255) NULL, `username` varchar(255) NULL, `email` varchar(255) NULL, `password` varchar(255) NULL, `reset_password_token` varchar(255) NULL, `registration_token` varchar(255) NULL, `is_active` boolean NULL, `blocked` boolean NULL, `prefered_language` varchar(255) NULL, `created_at` datetime NULL, `updated_at` datetime NULL, `created_by_id` integer NULL, `updated_by_id` integer NULL, CONSTRAINT `admin_users_created_by_id_fk` FOREIGN KEY (`created_by_id`) REFERENCES `admin_users` (`id`) ON DELETE SET NULL, CONSTRAINT `admin_users_updated_by_id_fk` FOREIGN KEY (`updated_by_id`) REFERENCES `admin_users` (`id`) ON DELETE SET NULL, CONSTRAINT `admin_users_created_by_id_fk` FOREIGN KEY (`created_by_id`) REFERENCES `admin_users` (`id`) ON DELETE SET NULL, CONSTRAINT `admin_users_updated_by_id_fk` FOREIGN KEY (`updated_by_id`) REFERENCES `admin_users` (`id`) ON DELETE SET NULL);
INSERT INTO admin_users VALUES(1,'Test','Test','test@test.test','test@test.test','$2a$10$PDxKVVWb9rZH8TWdST9t0e2JGgNgIo7vcZMnxUMm6MzdiDrBb6tX.',NULL,NULL,1,0,NULL,1656619532995,1657380837332,NULL,NULL);
INSERT INTO admin_users VALUES(2,'Editor','Test','editor@test.com','editor@test.com','$2a$10$dLaI4oNzL9wLAJZrMLCu2umfAm6aTMk4ZCvMaCYi1uD4.mEt1zdWm',NULL,'51f1c8df81ee56fc986de48da7bdf976a885611c',1,0,NULL,1656932891480,1657466704513,NULL,NULL);
CREATE TABLE IF NOT EXISTS "admin_roles" (`id` integer PRIMARY KEY AUTOINCREMENT NOT NULL, `name` varchar(255) NULL, `code` varchar(255) NULL, `description` varchar(255) NULL, `created_at` datetime NULL, `updated_at` datetime NULL, `created_by_id` integer NULL, `updated_by_id` integer NULL, CONSTRAINT `admin_roles_created_by_id_fk` FOREIGN KEY (`created_by_id`) REFERENCES `admin_users` (`id`) ON DELETE SET NULL, CONSTRAINT `admin_roles_updated_by_id_fk` FOREIGN KEY (`updated_by_id`) REFERENCES `admin_users` (`id`) ON DELETE SET NULL, CONSTRAINT `admin_roles_created_by_id_fk` FOREIGN KEY (`created_by_id`) REFERENCES `admin_users` (`id`) ON DELETE SET NULL, CONSTRAINT `admin_roles_updated_by_id_fk` FOREIGN KEY (`updated_by_id`) REFERENCES `admin_users` (`id`) ON DELETE SET NULL);
INSERT INTO admin_roles VALUES(1,'Super Admin','strapi-super-admin','Super Admins can access and manage all features and settings.',1656508177969,1656508177969,NULL,NULL);
INSERT INTO admin_roles VALUES(2,'Editor','strapi-editor','Editors can manage and publish contents including those of other users.',1656508177983,1656933264224,NULL,NULL);
INSERT INTO admin_roles VALUES(3,'Author','strapi-author','Authors can manage the content they have created.',1656508177994,1656508177994,NULL,NULL);
CREATE TABLE IF NOT EXISTS "strapi_api_tokens" (`id` integer PRIMARY KEY AUTOINCREMENT NOT NULL, `name` varchar(255) NULL, `description` varchar(255) NULL, `type` varchar(255) NULL, `access_key` varchar(255) NULL, `created_at` datetime NULL, `updated_at` datetime NULL, `created_by_id` integer NULL, `updated_by_id` integer NULL, CONSTRAINT `strapi_api_tokens_created_by_id_fk` FOREIGN KEY (`created_by_id`) REFERENCES `admin_users` (`id`) ON DELETE SET NULL, CONSTRAINT `strapi_api_tokens_updated_by_id_fk` FOREIGN KEY (`updated_by_id`) REFERENCES `admin_users` (`id`) ON DELETE SET NULL, CONSTRAINT `strapi_api_tokens_created_by_id_fk` FOREIGN KEY (`created_by_id`) REFERENCES `admin_users` (`id`) ON DELETE SET NULL, CONSTRAINT `strapi_api_tokens_updated_by_id_fk` FOREIGN KEY (`updated_by_id`) REFERENCES `admin_users` (`id`) ON DELETE SET NULL);
CREATE TABLE IF NOT EXISTS "files" (`id` integer PRIMARY KEY AUTOINCREMENT NOT NULL, `name` varchar(255) NULL, `alternative_text` varchar(255) NULL, `caption` varchar(255) NULL, `width` integer NULL, `height` integer NULL, `formats` json NULL, `hash` varchar(255) NULL, `ext` varchar(255) NULL, `mime` varchar(255) NULL, `size` float NULL, `url` varchar(255) NULL, `preview_url` varchar(255) NULL, `provider` varchar(255) NULL, `provider_metadata` json NULL, `created_at` datetime NULL, `updated_at` datetime NULL, `created_by_id` integer NULL, `updated_by_id` integer NULL, `sitemap_exclude` boolean null, CONSTRAINT `files_created_by_id_fk` FOREIGN KEY (`created_by_id`) REFERENCES `admin_users` (`id`) ON DELETE SET NULL, CONSTRAINT `files_updated_by_id_fk` FOREIGN KEY (`updated_by_id`) REFERENCES `admin_users` (`id`) ON DELETE SET NULL, CONSTRAINT `files_created_by_id_fk` FOREIGN KEY (`created_by_id`) REFERENCES `admin_users` (`id`) ON DELETE SET NULL, CONSTRAINT `files_updated_by_id_fk` FOREIGN KEY (`updated_by_id`) REFERENCES `admin_users` (`id`) ON DELETE SET NULL);
INSERT INTO files VALUES(1,'9dafcee7fb0afec571e716658c5f79f1.jpg','9dafcee7fb0afec571e716658c5f79f1.jpg','9dafcee7fb0afec571e716658c5f79f1.jpg',400,534,'{"thumbnail":{"name":"thumbnail_9dafcee7fb0afec571e716658c5f79f1.jpg","hash":"thumbnail_9dafcee7fb0afec571e716658c5f79f1_5b0e95f1ff","ext":".jpg","mime":"image/jpeg","path":null,"width":117,"height":156,"size":2.54,"url":"/uploads/thumbnail_9dafcee7fb0afec571e716658c5f79f1_5b0e95f1ff.jpg"},"small":{"name":"small_9dafcee7fb0afec571e716658c5f79f1.jpg","hash":"small_9dafcee7fb0afec571e716658c5f79f1_5b0e95f1ff","ext":".jpg","mime":"image/jpeg","path":null,"width":375,"height":500,"size":16.85,"url":"/uploads/small_9dafcee7fb0afec571e716658c5f79f1_5b0e95f1ff.jpg"}}','9dafcee7fb0afec571e716658c5f79f1_5b0e95f1ff','.jpg','image/jpeg',18.809999999999998721,'/uploads/9dafcee7fb0afec571e716658c5f79f1_5b0e95f1ff.jpg',NULL,'local',NULL,1656621040874,1656621040874,1,1,NULL);
CREATE TABLE IF NOT EXISTS "up_permissions" (`id` integer PRIMARY KEY AUTOINCREMENT NOT NULL, `action` varchar(255) NULL, `created_at` datetime NULL, `updated_at` datetime NULL, `created_by_id` integer NULL, `updated_by_id` integer NULL, CONSTRAINT `up_permissions_created_by_id_fk` FOREIGN KEY (`created_by_id`) REFERENCES `admin_users` (`id`) ON DELETE SET NULL, CONSTRAINT `up_permissions_updated_by_id_fk` FOREIGN KEY (`updated_by_id`) REFERENCES `admin_users` (`id`) ON DELETE SET NULL, CONSTRAINT `up_permissions_created_by_id_fk` FOREIGN KEY (`created_by_id`) REFERENCES `admin_users` (`id`) ON DELETE SET NULL, CONSTRAINT `up_permissions_updated_by_id_fk` FOREIGN KEY (`updated_by_id`) REFERENCES `admin_users` (`id`) ON DELETE SET NULL);
INSERT INTO up_permissions VALUES(1,'plugin::users-permissions.auth.connect',1656508177603,1656508177603,NULL,NULL);
INSERT INTO up_permissions VALUES(2,'plugin::users-permissions.user.me',1656508177603,1656508177603,NULL,NULL);
INSERT INTO up_permissions VALUES(5,'plugin::users-permissions.auth.callback',1656508177655,1656508177655,NULL,NULL);
INSERT INTO up_permissions VALUES(6,'plugin::users-permissions.auth.connect',1656508177655,1656508177655,NULL,NULL);
INSERT INTO up_permissions VALUES(9,'plugin::users-permissions.auth.register',1656508177655,1656508177655,NULL,NULL);
INSERT INTO up_permissions VALUES(11,'plugin::users-permissions.user.me',1656508177655,1656508177655,NULL,NULL);
INSERT INTO up_permissions VALUES(13,'plugin::navigation.client.render',1656627001074,1656627001074,NULL,NULL);
INSERT INTO up_permissions VALUES(14,'plugin::navigation.client.renderChild',1656627248068,1656627248068,NULL,NULL);
INSERT INTO up_permissions VALUES(17,'api::home.home.find',1657380097228,1657380097228,NULL,NULL);
INSERT INTO up_permissions VALUES(18,'api::page.page.find',1657380097228,1657380097228,NULL,NULL);
INSERT INTO up_permissions VALUES(19,'api::page.page.findOne',1657380097228,1657380097228,NULL,NULL);
CREATE TABLE IF NOT EXISTS "up_roles" (`id` integer PRIMARY KEY AUTOINCREMENT NOT NULL, `name` varchar(255) NULL, `description` varchar(255) NULL, `type` varchar(255) NULL, `created_at` datetime NULL, `updated_at` datetime NULL, `created_by_id` integer NULL, `updated_by_id` integer NULL, CONSTRAINT `up_roles_created_by_id_fk` FOREIGN KEY (`created_by_id`) REFERENCES `admin_users` (`id`) ON DELETE SET NULL, CONSTRAINT `up_roles_updated_by_id_fk` FOREIGN KEY (`updated_by_id`) REFERENCES `admin_users` (`id`) ON DELETE SET NULL, CONSTRAINT `up_roles_created_by_id_fk` FOREIGN KEY (`created_by_id`) REFERENCES `admin_users` (`id`) ON DELETE SET NULL, CONSTRAINT `up_roles_updated_by_id_fk` FOREIGN KEY (`updated_by_id`) REFERENCES `admin_users` (`id`) ON DELETE SET NULL);
INSERT INTO up_roles VALUES(1,'Authenticated','Default role given to authenticated user.','authenticated',1656508177565,1656508177565,NULL,NULL);
INSERT INTO up_roles VALUES(2,'Public','Default role given to unauthenticated user.','public',1656508177577,1657380097216,NULL,NULL);
CREATE TABLE IF NOT EXISTS "up_users" (`id` integer PRIMARY KEY AUTOINCREMENT NOT NULL, `username` varchar(255) NULL, `email` varchar(255) NULL, `provider` varchar(255) NULL, `password` varchar(255) NULL, `reset_password_token` varchar(255) NULL, `confirmation_token` varchar(255) NULL, `confirmed` boolean NULL, `blocked` boolean NULL, `created_at` datetime NULL, `updated_at` datetime NULL, `created_by_id` integer NULL, `updated_by_id` integer NULL, `sitemap_exclude` boolean null, CONSTRAINT `up_users_created_by_id_fk` FOREIGN KEY (`created_by_id`) REFERENCES `admin_users` (`id`) ON DELETE SET NULL, CONSTRAINT `up_users_updated_by_id_fk` FOREIGN KEY (`updated_by_id`) REFERENCES `admin_users` (`id`) ON DELETE SET NULL, CONSTRAINT `up_users_created_by_id_fk` FOREIGN KEY (`created_by_id`) REFERENCES `admin_users` (`id`) ON DELETE SET NULL, CONSTRAINT `up_users_updated_by_id_fk` FOREIGN KEY (`updated_by_id`) REFERENCES `admin_users` (`id`) ON DELETE SET NULL);
INSERT INTO up_users VALUES(1,'test','test@test.com','local','$2a$10$Ee8GONTvzEC4/.v22dRmIufi1RHu8lK8HpDjpbUSptp/0EIdB4bTm',NULL,NULL,1,0,1656932704849,1656932817238,1,1,0);
CREATE TABLE IF NOT EXISTS "i18n_locale" (`id` integer PRIMARY KEY AUTOINCREMENT NOT NULL, `name` varchar(255) NULL, `code` varchar(255) NULL, `created_at` datetime NULL, `updated_at` datetime NULL, `created_by_id` integer NULL, `updated_by_id` integer NULL, CONSTRAINT `i18n_locale_created_by_id_fk` FOREIGN KEY (`created_by_id`) REFERENCES `admin_users` (`id`) ON DELETE SET NULL, CONSTRAINT `i18n_locale_updated_by_id_fk` FOREIGN KEY (`updated_by_id`) REFERENCES `admin_users` (`id`) ON DELETE SET NULL, CONSTRAINT `i18n_locale_created_by_id_fk` FOREIGN KEY (`created_by_id`) REFERENCES `admin_users` (`id`) ON DELETE SET NULL, CONSTRAINT `i18n_locale_updated_by_id_fk` FOREIGN KEY (`updated_by_id`) REFERENCES `admin_users` (`id`) ON DELETE SET NULL);
INSERT INTO i18n_locale VALUES(1,'English (en)','en',1656508177883,1656508177883,NULL,NULL);
CREATE TABLE IF NOT EXISTS "admin_permissions_role_links" (`permission_id` integer NULL, `role_id` integer NULL, CONSTRAINT `admin_permissions_role_links_fk` FOREIGN KEY (`permission_id`) REFERENCES `admin_permissions` (`id`) ON DELETE CASCADE, CONSTRAINT `admin_permissions_role_links_inv_fk` FOREIGN KEY (`role_id`) REFERENCES `admin_roles` (`id`) ON DELETE CASCADE, CONSTRAINT `admin_permissions_role_links_fk` FOREIGN KEY (`permission_id`) REFERENCES `admin_permissions` (`id`) ON DELETE CASCADE, CONSTRAINT `admin_permissions_role_links_inv_fk` FOREIGN KEY (`role_id`) REFERENCES `admin_roles` (`id`) ON DELETE CASCADE);
INSERT INTO admin_permissions_role_links VALUES(1,2);
INSERT INTO admin_permissions_role_links VALUES(2,2);
INSERT INTO admin_permissions_role_links VALUES(3,2);
INSERT INTO admin_permissions_role_links VALUES(4,2);
INSERT INTO admin_permissions_role_links VALUES(5,2);
INSERT INTO admin_permissions_role_links VALUES(6,3);
INSERT INTO admin_permissions_role_links VALUES(7,3);
INSERT INTO admin_permissions_role_links VALUES(8,3);
INSERT INTO admin_permissions_role_links VALUES(9,3);
INSERT INTO admin_permissions_role_links VALUES(10,3);
INSERT INTO admin_permissions_role_links VALUES(11,1);
INSERT INTO admin_permissions_role_links VALUES(12,1);
INSERT INTO admin_permissions_role_links VALUES(13,1);
INSERT INTO admin_permissions_role_links VALUES(14,1);
INSERT INTO admin_permissions_role_links VALUES(15,1);
INSERT INTO admin_permissions_role_links VALUES(16,1);
INSERT INTO admin_permissions_role_links VALUES(17,1);
INSERT INTO admin_permissions_role_links VALUES(18,1);
INSERT INTO admin_permissions_role_links VALUES(19,1);
INSERT INTO admin_permissions_role_links VALUES(20,1);
INSERT INTO admin_permissions_role_links VALUES(21,1);
INSERT INTO admin_permissions_role_links VALUES(22,1);
INSERT INTO admin_permissions_role_links VALUES(23,1);
INSERT INTO admin_permissions_role_links VALUES(24,1);
INSERT INTO admin_permissions_role_links VALUES(25,1);
INSERT INTO admin_permissions_role_links VALUES(26,1);
INSERT INTO admin_permissions_role_links VALUES(27,1);
INSERT INTO admin_permissions_role_links VALUES(28,1);
INSERT INTO admin_permissions_role_links VALUES(29,1);
INSERT INTO admin_permissions_role_links VALUES(30,1);
INSERT INTO admin_permissions_role_links VALUES(31,1);
INSERT INTO admin_permissions_role_links VALUES(32,1);
INSERT INTO admin_permissions_role_links VALUES(33,1);
INSERT INTO admin_permissions_role_links VALUES(34,1);
INSERT INTO admin_permissions_role_links VALUES(35,1);
INSERT INTO admin_permissions_role_links VALUES(36,1);
INSERT INTO admin_permissions_role_links VALUES(37,1);
INSERT INTO admin_permissions_role_links VALUES(38,1);
INSERT INTO admin_permissions_role_links VALUES(39,1);
INSERT INTO admin_permissions_role_links VALUES(40,1);
INSERT INTO admin_permissions_role_links VALUES(41,1);
INSERT INTO admin_permissions_role_links VALUES(42,1);
INSERT INTO admin_permissions_role_links VALUES(43,1);
INSERT INTO admin_permissions_role_links VALUES(44,1);
INSERT INTO admin_permissions_role_links VALUES(45,1);
INSERT INTO admin_permissions_role_links VALUES(46,1);
INSERT INTO admin_permissions_role_links VALUES(47,1);
INSERT INTO admin_permissions_role_links VALUES(48,1);
INSERT INTO admin_permissions_role_links VALUES(49,1);
INSERT INTO admin_permissions_role_links VALUES(50,1);
INSERT INTO admin_permissions_role_links VALUES(51,1);
INSERT INTO admin_permissions_role_links VALUES(52,1);
INSERT INTO admin_permissions_role_links VALUES(53,1);
INSERT INTO admin_permissions_role_links VALUES(54,1);
INSERT INTO admin_permissions_role_links VALUES(55,1);
INSERT INTO admin_permissions_role_links VALUES(56,1);
INSERT INTO admin_permissions_role_links VALUES(57,1);
INSERT INTO admin_permissions_role_links VALUES(58,1);
INSERT INTO admin_permissions_role_links VALUES(59,1);
INSERT INTO admin_permissions_role_links VALUES(60,1);
INSERT INTO admin_permissions_role_links VALUES(61,1);
INSERT INTO admin_permissions_role_links VALUES(62,1);
INSERT INTO admin_permissions_role_links VALUES(63,1);
INSERT INTO admin_permissions_role_links VALUES(64,1);
INSERT INTO admin_permissions_role_links VALUES(65,1);
INSERT INTO admin_permissions_role_links VALUES(66,1);
INSERT INTO admin_permissions_role_links VALUES(77,1);
INSERT INTO admin_permissions_role_links VALUES(78,1);
INSERT INTO admin_permissions_role_links VALUES(84,2);
INSERT INTO admin_permissions_role_links VALUES(85,2);
INSERT INTO admin_permissions_role_links VALUES(86,2);
INSERT INTO admin_permissions_role_links VALUES(87,2);
INSERT INTO admin_permissions_role_links VALUES(88,2);
INSERT INTO admin_permissions_role_links VALUES(89,2);
INSERT INTO admin_permissions_role_links VALUES(90,2);
INSERT INTO admin_permissions_role_links VALUES(91,2);
INSERT INTO admin_permissions_role_links VALUES(113,1);
INSERT INTO admin_permissions_role_links VALUES(114,1);
INSERT INTO admin_permissions_role_links VALUES(115,1);
INSERT INTO admin_permissions_role_links VALUES(116,1);
INSERT INTO admin_permissions_role_links VALUES(117,1);
INSERT INTO admin_permissions_role_links VALUES(118,1);
INSERT INTO admin_permissions_role_links VALUES(119,1);
INSERT INTO admin_permissions_role_links VALUES(120,1);
INSERT INTO admin_permissions_role_links VALUES(121,1);
INSERT INTO admin_permissions_role_links VALUES(122,1);
INSERT INTO admin_permissions_role_links VALUES(123,1);
INSERT INTO admin_permissions_role_links VALUES(124,1);
CREATE TABLE IF NOT EXISTS "admin_users_roles_links" (`user_id` integer NULL, `role_id` integer NULL, CONSTRAINT `admin_users_roles_links_fk` FOREIGN KEY (`user_id`) REFERENCES `admin_users` (`id`) ON DELETE CASCADE, CONSTRAINT `admin_users_roles_links_inv_fk` FOREIGN KEY (`role_id`) REFERENCES `admin_roles` (`id`) ON DELETE CASCADE, CONSTRAINT `admin_users_roles_links_fk` FOREIGN KEY (`user_id`) REFERENCES `admin_users` (`id`) ON DELETE CASCADE, CONSTRAINT `admin_users_roles_links_inv_fk` FOREIGN KEY (`role_id`) REFERENCES `admin_roles` (`id`) ON DELETE CASCADE);
INSERT INTO admin_users_roles_links VALUES(1,1);
INSERT INTO admin_users_roles_links VALUES(2,2);
CREATE TABLE IF NOT EXISTS "files_related_morphs" (`file_id` integer NULL, `related_id` integer NULL, `related_type` varchar(255) NULL, `field` varchar(255) NULL, `order` integer NULL, CONSTRAINT `files_related_morphs_fk` FOREIGN KEY (`file_id`) REFERENCES `files` (`id`) ON DELETE CASCADE, CONSTRAINT `files_related_morphs_fk` FOREIGN KEY (`file_id`) REFERENCES `files` (`id`) ON DELETE CASCADE);
CREATE TABLE IF NOT EXISTS "up_permissions_role_links" (`permission_id` integer NULL, `role_id` integer NULL, CONSTRAINT `up_permissions_role_links_fk` FOREIGN KEY (`permission_id`) REFERENCES `up_permissions` (`id`) ON DELETE CASCADE, CONSTRAINT `up_permissions_role_links_inv_fk` FOREIGN KEY (`role_id`) REFERENCES `up_roles` (`id`) ON DELETE CASCADE, CONSTRAINT `up_permissions_role_links_fk` FOREIGN KEY (`permission_id`) REFERENCES `up_permissions` (`id`) ON DELETE CASCADE, CONSTRAINT `up_permissions_role_links_inv_fk` FOREIGN KEY (`role_id`) REFERENCES `up_roles` (`id`) ON DELETE CASCADE);
INSERT INTO up_permissions_role_links VALUES(1,1);
INSERT INTO up_permissions_role_links VALUES(2,1);
INSERT INTO up_permissions_role_links VALUES(5,2);
INSERT INTO up_permissions_role_links VALUES(6,2);
INSERT INTO up_permissions_role_links VALUES(9,2);
INSERT INTO up_permissions_role_links VALUES(11,2);
INSERT INTO up_permissions_role_links VALUES(13,2);
INSERT INTO up_permissions_role_links VALUES(14,2);
INSERT INTO up_permissions_role_links VALUES(17,2);
INSERT INTO up_permissions_role_links VALUES(18,2);
INSERT INTO up_permissions_role_links VALUES(19,2);
CREATE TABLE IF NOT EXISTS "up_users_role_links" (`user_id` integer NULL, `role_id` integer NULL, CONSTRAINT `up_users_role_links_fk` FOREIGN KEY (`user_id`) REFERENCES `up_users` (`id`) ON DELETE CASCADE, CONSTRAINT `up_users_role_links_inv_fk` FOREIGN KEY (`role_id`) REFERENCES `up_roles` (`id`) ON DELETE CASCADE, CONSTRAINT `up_users_role_links_fk` FOREIGN KEY (`user_id`) REFERENCES `up_users` (`id`) ON DELETE CASCADE, CONSTRAINT `up_users_role_links_inv_fk` FOREIGN KEY (`role_id`) REFERENCES `up_roles` (`id`) ON DELETE CASCADE);
INSERT INTO up_users_role_links VALUES(1,1);
CREATE TABLE IF NOT EXISTS "audience" (`id` integer PRIMARY KEY AUTOINCREMENT NOT NULL, `name` varchar(255) NULL, `key` varchar(255) NULL, `created_at` datetime NULL, `updated_at` datetime NULL, `created_by_id` integer NULL, `updated_by_id` integer NULL, `sitemap_exclude` boolean null, CONSTRAINT `audience_created_by_id_fk` FOREIGN KEY (`created_by_id`) REFERENCES `admin_users` (`id`) ON DELETE SET NULL, CONSTRAINT `audience_updated_by_id_fk` FOREIGN KEY (`updated_by_id`) REFERENCES `admin_users` (`id`) ON DELETE SET NULL, CONSTRAINT `audience_created_by_id_fk` FOREIGN KEY (`created_by_id`) REFERENCES `admin_users` (`id`) ON DELETE SET NULL, CONSTRAINT `audience_updated_by_id_fk` FOREIGN KEY (`updated_by_id`) REFERENCES `admin_users` (`id`) ON DELETE SET NULL);
CREATE TABLE IF NOT EXISTS "navigations" (`id` integer PRIMARY KEY AUTOINCREMENT NOT NULL, `name` text NULL, `slug` varchar(255) NULL, `visible` boolean NULL, `locale_code` varchar(255) NULL, `created_at` datetime NULL, `updated_at` datetime NULL, `created_by_id` integer NULL, `updated_by_id` integer NULL, `sitemap_exclude` boolean null, CONSTRAINT `navigations_created_by_id_fk` FOREIGN KEY (`created_by_id`) REFERENCES `admin_users` (`id`) ON DELETE SET NULL, CONSTRAINT `navigations_updated_by_id_fk` FOREIGN KEY (`updated_by_id`) REFERENCES `admin_users` (`id`) ON DELETE SET NULL, CONSTRAINT `navigations_created_by_id_fk` FOREIGN KEY (`created_by_id`) REFERENCES `admin_users` (`id`) ON DELETE SET NULL, CONSTRAINT `navigations_updated_by_id_fk` FOREIGN KEY (`updated_by_id`) REFERENCES `admin_users` (`id`) ON DELETE SET NULL);
INSERT INTO navigations VALUES(1,'Main navigation','main-navigation',1,'en',1656619969190,1657466870456,NULL,NULL,NULL);
INSERT INTO navigations VALUES(2,'Footer','footer',1,'en',1656934212128,1657466870456,NULL,NULL,0);
CREATE TABLE IF NOT EXISTS "navigations_items" (`id` integer PRIMARY KEY AUTOINCREMENT NOT NULL, `title` text NULL, `type` varchar(255) NULL, `path` text NULL, `external_path` text NULL, `ui_router_key` varchar(255) NULL, `menu_attached` boolean NULL, `order` integer NULL, `collapsed` boolean NULL, `created_at` datetime NULL, `updated_at` datetime NULL, `created_by_id` integer NULL, `updated_by_id` integer NULL, `sitemap_exclude` boolean null, CONSTRAINT `navigations_items_created_by_id_fk` FOREIGN KEY (`created_by_id`) REFERENCES `admin_users` (`id`) ON DELETE SET NULL, CONSTRAINT `navigations_items_updated_by_id_fk` FOREIGN KEY (`updated_by_id`) REFERENCES `admin_users` (`id`) ON DELETE SET NULL, CONSTRAINT `navigations_items_created_by_id_fk` FOREIGN KEY (`created_by_id`) REFERENCES `admin_users` (`id`) ON DELETE SET NULL, CONSTRAINT `navigations_items_updated_by_id_fk` FOREIGN KEY (`updated_by_id`) REFERENCES `admin_users` (`id`) ON DELETE SET NULL);
INSERT INTO navigations_items VALUES(1,'Home','INTERNAL','/',NULL,'home',0,1,0,1656627103480,1656627103480,NULL,NULL,NULL);
INSERT INTO navigations_items VALUES(2,'Solutions','INTERNAL','solutions',NULL,'solutions',0,1,0,1656627103522,1657290036423,NULL,NULL,NULL);
INSERT INTO navigations_items VALUES(3,'Terms of use','INTERNAL','terms',NULL,'terms-of-use',0,1,0,1657291961342,1657291961342,NULL,NULL,0);
INSERT INTO navigations_items VALUES(4,'Careers','INTERNAL','careers',NULL,'careers',0,2,0,1657291961349,1657291961349,NULL,NULL,0);
INSERT INTO navigations_items VALUES(5,'Back Office','WRAPPER','/bo/admin',NULL,'back-office',0,3,0,1657297305016,1657297577405,NULL,NULL,0);
CREATE TABLE IF NOT EXISTS "navigations_items_related" (`id` integer PRIMARY KEY AUTOINCREMENT NOT NULL, `related_id` varchar(255) NULL, `related_type` varchar(255) NULL, `field` varchar(255) NULL, `order` integer NULL, `master` varchar(255) NULL, `created_at` datetime NULL, `updated_at` datetime NULL, `created_by_id` integer NULL, `updated_by_id` integer NULL, `sitemap_exclude` boolean null, CONSTRAINT `navigations_items_related_created_by_id_fk` FOREIGN KEY (`created_by_id`) REFERENCES `admin_users` (`id`) ON DELETE SET NULL, CONSTRAINT `navigations_items_related_updated_by_id_fk` FOREIGN KEY (`updated_by_id`) REFERENCES `admin_users` (`id`) ON DELETE SET NULL, CONSTRAINT `navigations_items_related_created_by_id_fk` FOREIGN KEY (`created_by_id`) REFERENCES `admin_users` (`id`) ON DELETE SET NULL, CONSTRAINT `navigations_items_related_updated_by_id_fk` FOREIGN KEY (`updated_by_id`) REFERENCES `admin_users` (`id`) ON DELETE SET NULL);
INSERT INTO navigations_items_related VALUES(1,'1','api::home.home','navigation',1,'1',1656627103468,1656627103468,NULL,NULL,NULL);
INSERT INTO navigations_items_related VALUES(2,'1','api::page.page','navigation',1,'1',1656627103511,1656627103511,NULL,NULL,NULL);
INSERT INTO navigations_items_related VALUES(3,'1','api::page.page','navigation',1,'2',1657291961318,1657291961318,NULL,NULL,0);
INSERT INTO navigations_items_related VALUES(4,'1','plugin::upload.file','navigation',1,'2',1657291961318,1657291961318,NULL,NULL,0);
CREATE TABLE IF NOT EXISTS "navigations_items_links" (`navigation_id` integer NULL, `navigation_item_id` integer NULL, CONSTRAINT `navigations_items_links_fk` FOREIGN KEY (`navigation_id`) REFERENCES `navigations` (`id`) ON DELETE CASCADE, CONSTRAINT `navigations_items_links_inv_fk` FOREIGN KEY (`navigation_item_id`) REFERENCES `navigations_items` (`id`) ON DELETE CASCADE, CONSTRAINT `navigations_items_links_fk` FOREIGN KEY (`navigation_id`) REFERENCES `navigations` (`id`) ON DELETE CASCADE, CONSTRAINT `navigations_items_links_inv_fk` FOREIGN KEY (`navigation_item_id`) REFERENCES `navigations_items` (`id`) ON DELETE CASCADE);
CREATE TABLE IF NOT EXISTS "navigations_localizations_links" (`navigation_id` integer NULL, `inv_navigation_id` integer NULL, CONSTRAINT `navigations_localizations_links_fk` FOREIGN KEY (`navigation_id`) REFERENCES `navigations` (`id`) ON DELETE CASCADE, CONSTRAINT `navigations_localizations_links_inv_fk` FOREIGN KEY (`inv_navigation_id`) REFERENCES `navigations` (`id`) ON DELETE CASCADE, CONSTRAINT `navigations_localizations_links_fk` FOREIGN KEY (`navigation_id`) REFERENCES `navigations` (`id`) ON DELETE CASCADE, CONSTRAINT `navigations_localizations_links_inv_fk` FOREIGN KEY (`inv_navigation_id`) REFERENCES `navigations` (`id`) ON DELETE CASCADE);
CREATE TABLE IF NOT EXISTS "navigations_items_related_links" (`navigation_item_id` integer NULL, `navigations_items_related_id` integer NULL, CONSTRAINT `navigations_items_related_links_fk` FOREIGN KEY (`navigation_item_id`) REFERENCES `navigations_items` (`id`) ON DELETE CASCADE, CONSTRAINT `navigations_items_related_links_inv_fk` FOREIGN KEY (`navigations_items_related_id`) REFERENCES `navigations_items_related` (`id`) ON DELETE CASCADE, CONSTRAINT `navigations_items_related_links_fk` FOREIGN KEY (`navigation_item_id`) REFERENCES `navigations_items` (`id`) ON DELETE CASCADE, CONSTRAINT `navigations_items_related_links_inv_fk` FOREIGN KEY (`navigations_items_related_id`) REFERENCES `navigations_items_related` (`id`) ON DELETE CASCADE);
INSERT INTO navigations_items_related_links VALUES(1,1);
INSERT INTO navigations_items_related_links VALUES(2,2);
INSERT INTO navigations_items_related_links VALUES(3,3);
INSERT INTO navigations_items_related_links VALUES(4,4);
CREATE TABLE IF NOT EXISTS "navigations_items_parent_links" (`navigation_item_id` integer NULL, `inv_navigation_item_id` integer NULL, CONSTRAINT `navigations_items_parent_links_fk` FOREIGN KEY (`navigation_item_id`) REFERENCES `navigations_items` (`id`) ON DELETE CASCADE, CONSTRAINT `navigations_items_parent_links_inv_fk` FOREIGN KEY (`inv_navigation_item_id`) REFERENCES `navigations_items` (`id`) ON DELETE CASCADE, CONSTRAINT `navigations_items_parent_links_fk` FOREIGN KEY (`navigation_item_id`) REFERENCES `navigations_items` (`id`) ON DELETE CASCADE, CONSTRAINT `navigations_items_parent_links_inv_fk` FOREIGN KEY (`inv_navigation_item_id`) REFERENCES `navigations_items` (`id`) ON DELETE CASCADE);
INSERT INTO navigations_items_parent_links VALUES(2,1);
CREATE TABLE IF NOT EXISTS "navigations_items_master_links" (`navigation_item_id` integer NULL, `navigation_id` integer NULL, CONSTRAINT `navigations_items_master_links_fk` FOREIGN KEY (`navigation_item_id`) REFERENCES `navigations_items` (`id`) ON DELETE CASCADE, CONSTRAINT `navigations_items_master_links_inv_fk` FOREIGN KEY (`navigation_id`) REFERENCES `navigations` (`id`) ON DELETE CASCADE, CONSTRAINT `navigations_items_master_links_fk` FOREIGN KEY (`navigation_item_id`) REFERENCES `navigations_items` (`id`) ON DELETE CASCADE, CONSTRAINT `navigations_items_master_links_inv_fk` FOREIGN KEY (`navigation_id`) REFERENCES `navigations` (`id`) ON DELETE CASCADE);
INSERT INTO navigations_items_master_links VALUES(1,1);
INSERT INTO navigations_items_master_links VALUES(2,1);
INSERT INTO navigations_items_master_links VALUES(3,2);
INSERT INTO navigations_items_master_links VALUES(4,2);
INSERT INTO navigations_items_master_links VALUES(5,2);
CREATE TABLE IF NOT EXISTS "navigations_items_audience_links" (`navigation_item_id` integer NULL, `audience_id` integer NULL, CONSTRAINT `navigations_items_audience_links_fk` FOREIGN KEY (`navigation_item_id`) REFERENCES `navigations_items` (`id`) ON DELETE CASCADE, CONSTRAINT `navigations_items_audience_links_inv_fk` FOREIGN KEY (`audience_id`) REFERENCES `audience` (`id`) ON DELETE CASCADE, CONSTRAINT `navigations_items_audience_links_fk` FOREIGN KEY (`navigation_item_id`) REFERENCES `navigations_items` (`id`) ON DELETE CASCADE, CONSTRAINT `navigations_items_audience_links_inv_fk` FOREIGN KEY (`audience_id`) REFERENCES `audience` (`id`) ON DELETE CASCADE);
CREATE TABLE `components_shared_meta_socials` (`id` integer not null primary key autoincrement, `social_network` varchar(255) null, `title` varchar(255) null, `description` varchar(255) null);
CREATE TABLE `components_shared_seos` (`id` integer not null primary key autoincrement, `meta_title` varchar(255) null, `meta_description` varchar(255) null, `keywords` text null, `meta_robots` varchar(255) null, `structured_data` json null, `meta_viewport` varchar(255) null, `canonical_url` varchar(255) null);
CREATE TABLE IF NOT EXISTS "homes" (`id` integer PRIMARY KEY AUTOINCREMENT NOT NULL, `title` varchar(255) NULL, `description` text NULL, `slug` varchar(255) NULL, `benefits` text NULL, `created_at` datetime NULL, `updated_at` datetime NULL, `published_at` datetime NULL, `created_by_id` integer NULL, `updated_by_id` integer NULL, `locale` varchar(255) NULL, `sitemap_exclude` boolean NULL, CONSTRAINT `homes_created_by_id_fk` FOREIGN KEY (`created_by_id`) REFERENCES `admin_users` (`id`) ON DELETE SET NULL, CONSTRAINT `homes_updated_by_id_fk` FOREIGN KEY (`updated_by_id`) REFERENCES `admin_users` (`id`) ON DELETE SET NULL, CONSTRAINT `homes_created_by_id_fk` FOREIGN KEY (`created_by_id`) REFERENCES `admin_users` (`id`) ON DELETE SET NULL, CONSTRAINT `homes_updated_by_id_fk` FOREIGN KEY (`updated_by_id`) REFERENCES `admin_users` (`id`) ON DELETE SET NULL);
INSERT INTO homes VALUES(1,'Home','Baseline','','<p>Things well done</p>',1657378225574,1657379428143,1657379428138,1,1,'en',0);
CREATE TABLE IF NOT EXISTS "pages" (`id` integer PRIMARY KEY AUTOINCREMENT NOT NULL, `title` varchar(255) NULL, `slug` varchar(255) NULL, `content` text NULL, `created_at` datetime NULL, `updated_at` datetime NULL, `published_at` datetime NULL, `created_by_id` integer NULL, `updated_by_id` integer NULL, `locale` varchar(255) NULL, `sitemap_exclude` boolean NULL, CONSTRAINT `pages_created_by_id_fk` FOREIGN KEY (`created_by_id`) REFERENCES `admin_users` (`id`) ON DELETE SET NULL, CONSTRAINT `pages_updated_by_id_fk` FOREIGN KEY (`updated_by_id`) REFERENCES `admin_users` (`id`) ON DELETE SET NULL, CONSTRAINT `pages_created_by_id_fk` FOREIGN KEY (`created_by_id`) REFERENCES `admin_users` (`id`) ON DELETE SET NULL, CONSTRAINT `pages_updated_by_id_fk` FOREIGN KEY (`updated_by_id`) REFERENCES `admin_users` (`id`) ON DELETE SET NULL);
INSERT INTO pages VALUES(1,'Solutions','solutions','<p>Our solutions</p>',1657379481158,1657379489243,1657379489239,1,1,'en',0);
CREATE TABLE IF NOT EXISTS "homes_components" (`id` integer PRIMARY KEY AUTOINCREMENT NOT NULL, `entity_id` integer NULL, `component_id` integer NULL, `component_type` varchar(255) NULL, `field` varchar(255) NULL, `order` integer NULL DEFAULT '0', CONSTRAINT `homes_entity_fk` FOREIGN KEY (`entity_id`) REFERENCES `homes` (`id`) ON DELETE CASCADE, CONSTRAINT `homes_entity_fk` FOREIGN KEY (`entity_id`) REFERENCES `homes` (`id`) ON DELETE CASCADE);
CREATE TABLE IF NOT EXISTS "homes_localizations_links" (`home_id` integer NULL, `inv_home_id` integer NULL, CONSTRAINT `homes_localizations_links_fk` FOREIGN KEY (`home_id`) REFERENCES `homes` (`id`) ON DELETE CASCADE, CONSTRAINT `homes_localizations_links_inv_fk` FOREIGN KEY (`inv_home_id`) REFERENCES `homes` (`id`) ON DELETE CASCADE, CONSTRAINT `homes_localizations_links_fk` FOREIGN KEY (`home_id`) REFERENCES `homes` (`id`) ON DELETE CASCADE, CONSTRAINT `homes_localizations_links_inv_fk` FOREIGN KEY (`inv_home_id`) REFERENCES `homes` (`id`) ON DELETE CASCADE);
CREATE TABLE IF NOT EXISTS "pages_components" (`id` integer PRIMARY KEY AUTOINCREMENT NOT NULL, `entity_id` integer NULL, `component_id` integer NULL, `component_type` varchar(255) NULL, `field` varchar(255) NULL, `order` integer NULL DEFAULT '0', CONSTRAINT `pages_entity_fk` FOREIGN KEY (`entity_id`) REFERENCES `pages` (`id`) ON DELETE CASCADE, CONSTRAINT `pages_entity_fk` FOREIGN KEY (`entity_id`) REFERENCES `pages` (`id`) ON DELETE CASCADE);
CREATE TABLE IF NOT EXISTS "pages_localizations_links" (`page_id` integer NULL, `inv_page_id` integer NULL, CONSTRAINT `pages_localizations_links_fk` FOREIGN KEY (`page_id`) REFERENCES `pages` (`id`) ON DELETE CASCADE, CONSTRAINT `pages_localizations_links_inv_fk` FOREIGN KEY (`inv_page_id`) REFERENCES `pages` (`id`) ON DELETE CASCADE, CONSTRAINT `pages_localizations_links_fk` FOREIGN KEY (`page_id`) REFERENCES `pages` (`id`) ON DELETE CASCADE, CONSTRAINT `pages_localizations_links_inv_fk` FOREIGN KEY (`inv_page_id`) REFERENCES `pages` (`id`) ON DELETE CASCADE);
CREATE TABLE IF NOT EXISTS "components_shared_seos_components" (`id` integer PRIMARY KEY AUTOINCREMENT NOT NULL, `entity_id` integer NULL, `component_id` integer NULL, `component_type` varchar(255) NULL, `field` varchar(255) NULL, `order` integer NULL DEFAULT '0', CONSTRAINT `components_shared_seos_entity_fk` FOREIGN KEY (`entity_id`) REFERENCES `components_shared_seos` (`id`) ON DELETE CASCADE, CONSTRAINT `components_shared_seos_entity_fk` FOREIGN KEY (`entity_id`) REFERENCES `components_shared_seos` (`id`) ON DELETE CASCADE);
CREATE TABLE IF NOT EXISTS "cms-analyser-results" (`id` integer PRIMARY KEY AUTOINCREMENT NOT NULL, `key` varchar(255) NULL, `api_name` varchar(255) NULL, `front_url` varchar(255) NULL, `document_id` integer NULL, `document_fields` json NULL, `seo_analyse` json NULL, `tags` json NULL, `screenshot` varchar(255) NULL, `depth` integer NULL, `content_kind` varchar(255) NULL, `locale` varchar(255) NULL, `is_checked` boolean NULL, `created_at` datetime NULL, `updated_at` datetime NULL, `created_by_id` integer NULL, `updated_by_id` integer NULL, `sitemap_exclude` boolean NULL, CONSTRAINT `cms-analyser-results_created_by_id_fk` FOREIGN KEY (`created_by_id`) REFERENCES `admin_users` (`id`) ON DELETE SET NULL, CONSTRAINT `cms-analyser-results_updated_by_id_fk` FOREIGN KEY (`updated_by_id`) REFERENCES `admin_users` (`id`) ON DELETE SET NULL, CONSTRAINT `cms-analyser-results_created_by_id_fk` FOREIGN KEY (`created_by_id`) REFERENCES `admin_users` (`id`) ON DELETE SET NULL, CONSTRAINT `cms-analyser-results_updated_by_id_fk` FOREIGN KEY (`updated_by_id`) REFERENCES `admin_users` (`id`) ON DELETE SET NULL);
CREATE TABLE IF NOT EXISTS "cms-analyser-matches" (`id` integer PRIMARY KEY AUTOINCREMENT NOT NULL, `api_name` varchar(255) NULL, `field_name` varchar(255) NULL, `tag_name` varchar(255) NULL, `component_name` varchar(255) NULL, `dynamic_zone_name` varchar(255) NULL, `status` varchar(255) NULL, `is_multiple_doc` boolean NULL, `created_at` datetime NULL, `updated_at` datetime NULL, `created_by_id` integer NULL, `updated_by_id` integer NULL, `sitemap_exclude` boolean NULL, CONSTRAINT `cms-analyser-matches_created_by_id_fk` FOREIGN KEY (`created_by_id`) REFERENCES `admin_users` (`id`) ON DELETE SET NULL, CONSTRAINT `cms-analyser-matches_updated_by_id_fk` FOREIGN KEY (`updated_by_id`) REFERENCES `admin_users` (`id`) ON DELETE SET NULL, CONSTRAINT `cms-analyser-matches_created_by_id_fk` FOREIGN KEY (`created_by_id`) REFERENCES `admin_users` (`id`) ON DELETE SET NULL, CONSTRAINT `cms-analyser-matches_updated_by_id_fk` FOREIGN KEY (`updated_by_id`) REFERENCES `admin_users` (`id`) ON DELETE SET NULL);
CREATE TABLE IF NOT EXISTS "cms-analyser-medias" (`id` integer PRIMARY KEY AUTOINCREMENT NOT NULL, `front_url` varchar(255) NULL, `media_url` varchar(255) NULL, `height` integer NULL, `width` integer NULL, `alt` varchar(255) NULL, `data` json NULL, `status` varchar(255) NULL, `created_at` datetime NULL, `updated_at` datetime NULL, `created_by_id` integer NULL, `updated_by_id` integer NULL, `sitemap_exclude` boolean NULL, CONSTRAINT `cms-analyser-medias_created_by_id_fk` FOREIGN KEY (`created_by_id`) REFERENCES `admin_users` (`id`) ON DELETE SET NULL, CONSTRAINT `cms-analyser-medias_updated_by_id_fk` FOREIGN KEY (`updated_by_id`) REFERENCES `admin_users` (`id`) ON DELETE SET NULL, CONSTRAINT `cms-analyser-medias_created_by_id_fk` FOREIGN KEY (`created_by_id`) REFERENCES `admin_users` (`id`) ON DELETE SET NULL, CONSTRAINT `cms-analyser-medias_updated_by_id_fk` FOREIGN KEY (`updated_by_id`) REFERENCES `admin_users` (`id`) ON DELETE SET NULL);
CREATE TABLE IF NOT EXISTS "cms-analyser-summaries" (`id` integer PRIMARY KEY AUTOINCREMENT NOT NULL, `front_url` varchar(255) NULL, `nb_url` integer NULL, `nb_error_low` integer NULL, `nb_error_high` integer NULL, `user` varchar(255) NULL, `date` datetime NULL, `created_at` datetime NULL, `updated_at` datetime NULL, `created_by_id` integer NULL, `updated_by_id` integer NULL, `sitemap_exclude` boolean NULL, CONSTRAINT `cms-analyser-summaries_created_by_id_fk` FOREIGN KEY (`created_by_id`) REFERENCES `admin_users` (`id`) ON DELETE SET NULL, CONSTRAINT `cms-analyser-summaries_updated_by_id_fk` FOREIGN KEY (`updated_by_id`) REFERENCES `admin_users` (`id`) ON DELETE SET NULL, CONSTRAINT `cms-analyser-summaries_created_by_id_fk` FOREIGN KEY (`created_by_id`) REFERENCES `admin_users` (`id`) ON DELETE SET NULL, CONSTRAINT `cms-analyser-summaries_updated_by_id_fk` FOREIGN KEY (`updated_by_id`) REFERENCES `admin_users` (`id`) ON DELETE SET NULL);
DELETE FROM sqlite_sequence;
INSERT INTO sqlite_sequence VALUES('admin_permissions',124);
INSERT INTO sqlite_sequence VALUES('admin_users',2);
INSERT INTO sqlite_sequence VALUES('admin_roles',3);
INSERT INTO sqlite_sequence VALUES('strapi_api_tokens',0);
INSERT INTO sqlite_sequence VALUES('files',1);
INSERT INTO sqlite_sequence VALUES('up_permissions',19);
INSERT INTO sqlite_sequence VALUES('up_roles',2);
INSERT INTO sqlite_sequence VALUES('up_users',1);
INSERT INTO sqlite_sequence VALUES('i18n_locale',1);
INSERT INTO sqlite_sequence VALUES('strapi_database_schema',49);
INSERT INTO sqlite_sequence VALUES('strapi_core_store_settings',38);
INSERT INTO sqlite_sequence VALUES('audience',0);
INSERT INTO sqlite_sequence VALUES('navigations',2);
INSERT INTO sqlite_sequence VALUES('navigations_items',5);
INSERT INTO sqlite_sequence VALUES('navigations_items_related',4);
INSERT INTO sqlite_sequence VALUES('homes',1);
INSERT INTO sqlite_sequence VALUES('pages',1);
INSERT INTO sqlite_sequence VALUES('homes_components',0);
INSERT INTO sqlite_sequence VALUES('pages_components',0);
INSERT INTO sqlite_sequence VALUES('components_shared_seos_components',0);
INSERT INTO sqlite_sequence VALUES('cms-analyser-results',0);
INSERT INTO sqlite_sequence VALUES('cms-analyser-matches',0);
INSERT INTO sqlite_sequence VALUES('cms-analyser-medias',0);
INSERT INTO sqlite_sequence VALUES('cms-analyser-summaries',0);
CREATE INDEX `admin_permissions_created_by_id_fk` on `admin_permissions` (`created_by_id`);
CREATE INDEX `admin_permissions_updated_by_id_fk` on `admin_permissions` (`updated_by_id`);
CREATE INDEX `admin_users_created_by_id_fk` on `admin_users` (`created_by_id`);
CREATE INDEX `admin_users_updated_by_id_fk` on `admin_users` (`updated_by_id`);
CREATE INDEX `admin_roles_created_by_id_fk` on `admin_roles` (`created_by_id`);
CREATE INDEX `admin_roles_updated_by_id_fk` on `admin_roles` (`updated_by_id`);
CREATE INDEX `strapi_api_tokens_created_by_id_fk` on `strapi_api_tokens` (`created_by_id`);
CREATE INDEX `strapi_api_tokens_updated_by_id_fk` on `strapi_api_tokens` (`updated_by_id`);
CREATE INDEX `files_created_by_id_fk` on `files` (`created_by_id`);
CREATE INDEX `files_updated_by_id_fk` on `files` (`updated_by_id`);
CREATE INDEX `up_permissions_created_by_id_fk` on `up_permissions` (`created_by_id`);
CREATE INDEX `up_permissions_updated_by_id_fk` on `up_permissions` (`updated_by_id`);
CREATE INDEX `up_roles_created_by_id_fk` on `up_roles` (`created_by_id`);
CREATE INDEX `up_roles_updated_by_id_fk` on `up_roles` (`updated_by_id`);
CREATE INDEX `up_users_created_by_id_fk` on `up_users` (`created_by_id`);
CREATE INDEX `up_users_updated_by_id_fk` on `up_users` (`updated_by_id`);
CREATE INDEX `i18n_locale_created_by_id_fk` on `i18n_locale` (`created_by_id`);
CREATE INDEX `i18n_locale_updated_by_id_fk` on `i18n_locale` (`updated_by_id`);
CREATE INDEX `admin_permissions_role_links_fk` on `admin_permissions_role_links` (`permission_id`);
CREATE INDEX `admin_permissions_role_links_inv_fk` on `admin_permissions_role_links` (`role_id`);
CREATE INDEX `admin_users_roles_links_fk` on `admin_users_roles_links` (`user_id`);
CREATE INDEX `admin_users_roles_links_inv_fk` on `admin_users_roles_links` (`role_id`);
CREATE INDEX `files_related_morphs_fk` on `files_related_morphs` (`file_id`);
CREATE INDEX `up_permissions_role_links_fk` on `up_permissions_role_links` (`permission_id`);
CREATE INDEX `up_permissions_role_links_inv_fk` on `up_permissions_role_links` (`role_id`);
CREATE INDEX `up_users_role_links_fk` on `up_users_role_links` (`user_id`);
CREATE INDEX `up_users_role_links_inv_fk` on `up_users_role_links` (`role_id`);
CREATE UNIQUE INDEX `audience_key_unique` on `audience` (`key`);
CREATE INDEX `audience_created_by_id_fk` on `audience` (`created_by_id`);
CREATE INDEX `audience_updated_by_id_fk` on `audience` (`updated_by_id`);
CREATE UNIQUE INDEX `navigations_slug_unique` on `navigations` (`slug`);
CREATE INDEX `navigations_created_by_id_fk` on `navigations` (`created_by_id`);
CREATE INDEX `navigations_updated_by_id_fk` on `navigations` (`updated_by_id`);
CREATE INDEX `navigations_items_created_by_id_fk` on `navigations_items` (`created_by_id`);
CREATE INDEX `navigations_items_updated_by_id_fk` on `navigations_items` (`updated_by_id`);
CREATE INDEX `navigations_items_related_created_by_id_fk` on `navigations_items_related` (`created_by_id`);
CREATE INDEX `navigations_items_related_updated_by_id_fk` on `navigations_items_related` (`updated_by_id`);
CREATE INDEX `navigations_items_links_fk` on `navigations_items_links` (`navigation_id`);
CREATE INDEX `navigations_items_links_inv_fk` on `navigations_items_links` (`navigation_item_id`);
CREATE INDEX `navigations_localizations_links_fk` on `navigations_localizations_links` (`navigation_id`);
CREATE INDEX `navigations_localizations_links_inv_fk` on `navigations_localizations_links` (`inv_navigation_id`);
CREATE INDEX `navigations_items_related_links_fk` on `navigations_items_related_links` (`navigation_item_id`);
CREATE INDEX `navigations_items_related_links_inv_fk` on `navigations_items_related_links` (`navigations_items_related_id`);
CREATE INDEX `navigations_items_parent_links_fk` on `navigations_items_parent_links` (`navigation_item_id`);
CREATE INDEX `navigations_items_parent_links_inv_fk` on `navigations_items_parent_links` (`inv_navigation_item_id`);
CREATE INDEX `navigations_items_master_links_fk` on `navigations_items_master_links` (`navigation_item_id`);
CREATE INDEX `navigations_items_master_links_inv_fk` on `navigations_items_master_links` (`navigation_id`);
CREATE INDEX `navigations_items_audience_links_fk` on `navigations_items_audience_links` (`navigation_item_id`);
CREATE INDEX `navigations_items_audience_links_inv_fk` on `navigations_items_audience_links` (`audience_id`);
CREATE UNIQUE INDEX `homes_slug_unique` on `homes` (`slug`);
CREATE INDEX `homes_created_by_id_fk` on `homes` (`created_by_id`);
CREATE INDEX `homes_updated_by_id_fk` on `homes` (`updated_by_id`);
CREATE UNIQUE INDEX `pages_slug_unique` on `pages` (`slug`);
CREATE INDEX `pages_created_by_id_fk` on `pages` (`created_by_id`);
CREATE INDEX `pages_updated_by_id_fk` on `pages` (`updated_by_id`);
CREATE INDEX `homes_field_index` on `homes_components` (`field`);
CREATE INDEX `homes_component_type_index` on `homes_components` (`component_type`);
CREATE INDEX `homes_entity_fk` on `homes_components` (`entity_id`);
CREATE INDEX `homes_localizations_links_fk` on `homes_localizations_links` (`home_id`);
CREATE INDEX `homes_localizations_links_inv_fk` on `homes_localizations_links` (`inv_home_id`);
CREATE INDEX `pages_field_index` on `pages_components` (`field`);
CREATE INDEX `pages_component_type_index` on `pages_components` (`component_type`);
CREATE INDEX `pages_entity_fk` on `pages_components` (`entity_id`);
CREATE INDEX `pages_localizations_links_fk` on `pages_localizations_links` (`page_id`);
CREATE INDEX `pages_localizations_links_inv_fk` on `pages_localizations_links` (`inv_page_id`);
CREATE INDEX `components_shared_seos_field_index` on `components_shared_seos_components` (`field`);
CREATE INDEX `components_shared_seos_component_type_index` on `components_shared_seos_components` (`component_type`);
CREATE INDEX `components_shared_seos_entity_fk` on `components_shared_seos_components` (`entity_id`);
CREATE INDEX `cms-analyser-results_created_by_id_fk` on `cms-analyser-results` (`created_by_id`);
CREATE INDEX `cms-analyser-results_updated_by_id_fk` on `cms-analyser-results` (`updated_by_id`);
CREATE INDEX `cms-analyser-matches_created_by_id_fk` on `cms-analyser-matches` (`created_by_id`);
CREATE INDEX `cms-analyser-matches_updated_by_id_fk` on `cms-analyser-matches` (`updated_by_id`);
CREATE INDEX `cms-analyser-medias_created_by_id_fk` on `cms-analyser-medias` (`created_by_id`);
CREATE INDEX `cms-analyser-medias_updated_by_id_fk` on `cms-analyser-medias` (`updated_by_id`);
CREATE INDEX `cms-analyser-summaries_created_by_id_fk` on `cms-analyser-summaries` (`created_by_id`);
CREATE INDEX `cms-analyser-summaries_updated_by_id_fk` on `cms-analyser-summaries` (`updated_by_id`);
COMMIT;
