PRAGMA foreign_keys=OFF;
BEGIN TRANSACTION;
CREATE TABLE `strapi_migrations` (`id` integer not null primary key autoincrement, `name` varchar(255), `time` datetime);
CREATE TABLE `strapi_database_schema` (`id` integer not null primary key autoincrement, `schema` json, `time` datetime, `hash` varchar(255));
INSERT INTO strapi_database_schema VALUES(104,'{"tables":[{"name":"strapi_core_store_settings","indexes":[],"foreignKeys":[],"columns":[{"name":"id","type":"increments","args":[{"primary":true,"primaryKey":true}],"defaultTo":null,"notNullable":true,"unsigned":false},{"name":"key","type":"string","args":[],"defaultTo":null,"notNullable":false,"unsigned":false},{"name":"value","type":"text","args":["longtext"],"defaultTo":null,"notNullable":false,"unsigned":false},{"name":"type","type":"string","args":[],"defaultTo":null,"notNullable":false,"unsigned":false},{"name":"environment","type":"string","args":[],"defaultTo":null,"notNullable":false,"unsigned":false},{"name":"tag","type":"string","args":[],"defaultTo":null,"notNullable":false,"unsigned":false}]},{"name":"strapi_webhooks","indexes":[],"foreignKeys":[],"columns":[{"name":"id","type":"increments","args":[{"primary":true,"primaryKey":true}],"defaultTo":null,"notNullable":true,"unsigned":false},{"name":"name","type":"string","args":[],"defaultTo":null,"notNullable":false,"unsigned":false},{"name":"url","type":"text","args":["longtext"],"defaultTo":null,"notNullable":false,"unsigned":false},{"name":"headers","type":"jsonb","args":[],"defaultTo":null,"notNullable":false,"unsigned":false},{"name":"events","type":"jsonb","args":[],"defaultTo":null,"notNullable":false,"unsigned":false},{"name":"enabled","type":"boolean","args":[],"defaultTo":null,"notNullable":false,"unsigned":false}]},{"name":"admin_permissions","indexes":[{"name":"admin_permissions_created_by_id_fk","columns":["created_by_id"]},{"name":"admin_permissions_updated_by_id_fk","columns":["updated_by_id"]}],"foreignKeys":[{"name":"admin_permissions_created_by_id_fk","columns":["created_by_id"],"referencedTable":"admin_users","referencedColumns":["id"],"onDelete":"SET NULL"},{"name":"admin_permissions_updated_by_id_fk","columns":["updated_by_id"],"referencedTable":"admin_users","referencedColumns":["id"],"onDelete":"SET NULL"}],"columns":[{"name":"id","type":"increments","args":[{"primary":true,"primaryKey":true}],"defaultTo":null,"notNullable":true,"unsigned":false},{"name":"action","type":"string","args":[],"defaultTo":null,"notNullable":false,"unsigned":false},{"name":"subject","type":"string","args":[],"defaultTo":null,"notNullable":false,"unsigned":false},{"name":"properties","type":"jsonb","args":[],"defaultTo":null,"notNullable":false,"unsigned":false},{"name":"conditions","type":"jsonb","args":[],"defaultTo":null,"notNullable":false,"unsigned":false},{"name":"created_at","type":"datetime","args":[{"useTz":false,"precision":6}],"defaultTo":null,"notNullable":false,"unsigned":false},{"name":"updated_at","type":"datetime","args":[{"useTz":false,"precision":6}],"defaultTo":null,"notNullable":false,"unsigned":false},{"name":"created_by_id","type":"integer","args":[],"defaultTo":null,"notNullable":false,"unsigned":true},{"name":"updated_by_id","type":"integer","args":[],"defaultTo":null,"notNullable":false,"unsigned":true}]},{"name":"admin_users","indexes":[{"name":"admin_users_created_by_id_fk","columns":["created_by_id"]},{"name":"admin_users_updated_by_id_fk","columns":["updated_by_id"]}],"foreignKeys":[{"name":"admin_users_created_by_id_fk","columns":["created_by_id"],"referencedTable":"admin_users","referencedColumns":["id"],"onDelete":"SET NULL"},{"name":"admin_users_updated_by_id_fk","columns":["updated_by_id"],"referencedTable":"admin_users","referencedColumns":["id"],"onDelete":"SET NULL"}],"columns":[{"name":"id","type":"increments","args":[{"primary":true,"primaryKey":true}],"defaultTo":null,"notNullable":true,"unsigned":false},{"name":"firstname","type":"string","args":[],"defaultTo":null,"notNullable":false,"unsigned":false},{"name":"lastname","type":"string","args":[],"defaultTo":null,"notNullable":false,"unsigned":false},{"name":"username","type":"string","args":[],"defaultTo":null,"notNullable":false,"unsigned":false},{"name":"email","type":"string","args":[],"defaultTo":null,"notNullable":false,"unsigned":false},{"name":"password","type":"string","args":[],"defaultTo":null,"notNullable":false,"unsigned":false},{"name":"reset_password_token","type":"string","args":[],"defaultTo":null,"notNullable":false,"unsigned":false},{"name":"registration_token","type":"string","args":[],"defaultTo":null,"notNullable":false,"unsigned":false},{"name":"is_active","type":"boolean","args":[],"defaultTo":null,"notNullable":false,"unsigned":false},{"name":"blocked","type":"boolean","args":[],"defaultTo":null,"notNullable":false,"unsigned":false},{"name":"prefered_language","type":"string","args":[],"defaultTo":null,"notNullable":false,"unsigned":false},{"name":"created_at","type":"datetime","args":[{"useTz":false,"precision":6}],"defaultTo":null,"notNullable":false,"unsigned":false},{"name":"updated_at","type":"datetime","args":[{"useTz":false,"precision":6}],"defaultTo":null,"notNullable":false,"unsigned":false},{"name":"created_by_id","type":"integer","args":[],"defaultTo":null,"notNullable":false,"unsigned":true},{"name":"updated_by_id","type":"integer","args":[],"defaultTo":null,"notNullable":false,"unsigned":true}]},{"name":"admin_roles","indexes":[{"name":"admin_roles_created_by_id_fk","columns":["created_by_id"]},{"name":"admin_roles_updated_by_id_fk","columns":["updated_by_id"]}],"foreignKeys":[{"name":"admin_roles_created_by_id_fk","columns":["created_by_id"],"referencedTable":"admin_users","referencedColumns":["id"],"onDelete":"SET NULL"},{"name":"admin_roles_updated_by_id_fk","columns":["updated_by_id"],"referencedTable":"admin_users","referencedColumns":["id"],"onDelete":"SET NULL"}],"columns":[{"name":"id","type":"increments","args":[{"primary":true,"primaryKey":true}],"defaultTo":null,"notNullable":true,"unsigned":false},{"name":"name","type":"string","args":[],"defaultTo":null,"notNullable":false,"unsigned":false},{"name":"code","type":"string","args":[],"defaultTo":null,"notNullable":false,"unsigned":false},{"name":"description","type":"string","args":[],"defaultTo":null,"notNullable":false,"unsigned":false},{"name":"created_at","type":"datetime","args":[{"useTz":false,"precision":6}],"defaultTo":null,"notNullable":false,"unsigned":false},{"name":"updated_at","type":"datetime","args":[{"useTz":false,"precision":6}],"defaultTo":null,"notNullable":false,"unsigned":false},{"name":"created_by_id","type":"integer","args":[],"defaultTo":null,"notNullable":false,"unsigned":true},{"name":"updated_by_id","type":"integer","args":[],"defaultTo":null,"notNullable":false,"unsigned":true}]},{"name":"strapi_api_tokens","indexes":[{"name":"strapi_api_tokens_created_by_id_fk","columns":["created_by_id"]},{"name":"strapi_api_tokens_updated_by_id_fk","columns":["updated_by_id"]}],"foreignKeys":[{"name":"strapi_api_tokens_created_by_id_fk","columns":["created_by_id"],"referencedTable":"admin_users","referencedColumns":["id"],"onDelete":"SET NULL"},{"name":"strapi_api_tokens_updated_by_id_fk","columns":["updated_by_id"],"referencedTable":"admin_users","referencedColumns":["id"],"onDelete":"SET NULL"}],"columns":[{"name":"id","type":"increments","args":[{"primary":true,"primaryKey":true}],"defaultTo":null,"notNullable":true,"unsigned":false},{"name":"name","type":"string","args":[],"defaultTo":null,"notNullable":false,"unsigned":false},{"name":"description","type":"string","args":[],"defaultTo":null,"notNullable":false,"unsigned":false},{"name":"type","type":"string","args":[],"defaultTo":null,"notNullable":false,"unsigned":false},{"name":"access_key","type":"string","args":[],"defaultTo":null,"notNullable":false,"unsigned":false},{"name":"created_at","type":"datetime","args":[{"useTz":false,"precision":6}],"defaultTo":null,"notNullable":false,"unsigned":false},{"name":"updated_at","type":"datetime","args":[{"useTz":false,"precision":6}],"defaultTo":null,"notNullable":false,"unsigned":false},{"name":"created_by_id","type":"integer","args":[],"defaultTo":null,"notNullable":false,"unsigned":true},{"name":"updated_by_id","type":"integer","args":[],"defaultTo":null,"notNullable":false,"unsigned":true}]},{"name":"pages","indexes":[{"type":"unique","name":"pages_slug_unique","columns":["slug"]},{"name":"pages_created_by_id_fk","columns":["created_by_id"]},{"name":"pages_updated_by_id_fk","columns":["updated_by_id"]}],"foreignKeys":[{"name":"pages_created_by_id_fk","columns":["created_by_id"],"referencedTable":"admin_users","referencedColumns":["id"],"onDelete":"SET NULL"},{"name":"pages_updated_by_id_fk","columns":["updated_by_id"],"referencedTable":"admin_users","referencedColumns":["id"],"onDelete":"SET NULL"}],"columns":[{"name":"id","type":"increments","args":[{"primary":true,"primaryKey":true}],"defaultTo":null,"notNullable":true,"unsigned":false},{"name":"title","type":"string","args":[],"defaultTo":null,"notNullable":false,"unsigned":false},{"name":"slug","type":"string","args":[],"defaultTo":null,"notNullable":false,"unsigned":false,"unique":true},{"name":"created_at","type":"datetime","args":[{"useTz":false,"precision":6}],"defaultTo":null,"notNullable":false,"unsigned":false},{"name":"updated_at","type":"datetime","args":[{"useTz":false,"precision":6}],"defaultTo":null,"notNullable":false,"unsigned":false},{"name":"published_at","type":"datetime","args":[{"useTz":false,"precision":6}],"defaultTo":null,"notNullable":false,"unsigned":false},{"name":"created_by_id","type":"integer","args":[],"defaultTo":null,"notNullable":false,"unsigned":true},{"name":"updated_by_id","type":"integer","args":[],"defaultTo":null,"notNullable":false,"unsigned":true},{"name":"locale","type":"string","args":[],"defaultTo":null,"notNullable":false,"unsigned":false},{"name":"sitemap_exclude","type":"boolean","args":[],"defaultTo":null,"notNullable":false,"unsigned":false}]},{"name":"posts","indexes":[{"type":"unique","name":"posts_slug_unique","columns":["slug"]},{"name":"posts_created_by_id_fk","columns":["created_by_id"]},{"name":"posts_updated_by_id_fk","columns":["updated_by_id"]}],"foreignKeys":[{"name":"posts_created_by_id_fk","columns":["created_by_id"],"referencedTable":"admin_users","referencedColumns":["id"],"onDelete":"SET NULL"},{"name":"posts_updated_by_id_fk","columns":["updated_by_id"],"referencedTable":"admin_users","referencedColumns":["id"],"onDelete":"SET NULL"}],"columns":[{"name":"id","type":"increments","args":[{"primary":true,"primaryKey":true}],"defaultTo":null,"notNullable":true,"unsigned":false},{"name":"title","type":"string","args":[],"defaultTo":null,"notNullable":false,"unsigned":false},{"name":"description","type":"text","args":["longtext"],"defaultTo":null,"notNullable":false,"unsigned":false},{"name":"content","type":"text","args":["longtext"],"defaultTo":null,"notNullable":false,"unsigned":false},{"name":"slug","type":"string","args":[],"defaultTo":null,"notNullable":false,"unsigned":false,"unique":true},{"name":"created_at","type":"datetime","args":[{"useTz":false,"precision":6}],"defaultTo":null,"notNullable":false,"unsigned":false},{"name":"updated_at","type":"datetime","args":[{"useTz":false,"precision":6}],"defaultTo":null,"notNullable":false,"unsigned":false},{"name":"published_at","type":"datetime","args":[{"useTz":false,"precision":6}],"defaultTo":null,"notNullable":false,"unsigned":false},{"name":"created_by_id","type":"integer","args":[],"defaultTo":null,"notNullable":false,"unsigned":true},{"name":"updated_by_id","type":"integer","args":[],"defaultTo":null,"notNullable":false,"unsigned":true},{"name":"sitemap_exclude","type":"boolean","args":[],"defaultTo":null,"notNullable":false,"unsigned":false}]},{"name":"files","indexes":[{"name":"files_created_by_id_fk","columns":["created_by_id"]},{"name":"files_updated_by_id_fk","columns":["updated_by_id"]}],"foreignKeys":[{"name":"files_created_by_id_fk","columns":["created_by_id"],"referencedTable":"admin_users","referencedColumns":["id"],"onDelete":"SET NULL"},{"name":"files_updated_by_id_fk","columns":["updated_by_id"],"referencedTable":"admin_users","referencedColumns":["id"],"onDelete":"SET NULL"}],"columns":[{"name":"id","type":"increments","args":[{"primary":true,"primaryKey":true}],"defaultTo":null,"notNullable":true,"unsigned":false},{"name":"name","type":"string","args":[],"defaultTo":null,"notNullable":false,"unsigned":false},{"name":"alternative_text","type":"string","args":[],"defaultTo":null,"notNullable":false,"unsigned":false},{"name":"caption","type":"string","args":[],"defaultTo":null,"notNullable":false,"unsigned":false},{"name":"width","type":"integer","args":[],"defaultTo":null,"notNullable":false,"unsigned":false},{"name":"height","type":"integer","args":[],"defaultTo":null,"notNullable":false,"unsigned":false},{"name":"formats","type":"jsonb","args":[],"defaultTo":null,"notNullable":false,"unsigned":false},{"name":"hash","type":"string","args":[],"defaultTo":null,"notNullable":false,"unsigned":false},{"name":"ext","type":"string","args":[],"defaultTo":null,"notNullable":false,"unsigned":false},{"name":"mime","type":"string","args":[],"defaultTo":null,"notNullable":false,"unsigned":false},{"name":"size","type":"decimal","args":[10,2],"defaultTo":null,"notNullable":false,"unsigned":false},{"name":"url","type":"string","args":[],"defaultTo":null,"notNullable":false,"unsigned":false},{"name":"preview_url","type":"string","args":[],"defaultTo":null,"notNullable":false,"unsigned":false},{"name":"provider","type":"string","args":[],"defaultTo":null,"notNullable":false,"unsigned":false},{"name":"provider_metadata","type":"jsonb","args":[],"defaultTo":null,"notNullable":false,"unsigned":false},{"name":"created_at","type":"datetime","args":[{"useTz":false,"precision":6}],"defaultTo":null,"notNullable":false,"unsigned":false},{"name":"updated_at","type":"datetime","args":[{"useTz":false,"precision":6}],"defaultTo":null,"notNullable":false,"unsigned":false},{"name":"created_by_id","type":"integer","args":[],"defaultTo":null,"notNullable":false,"unsigned":true},{"name":"updated_by_id","type":"integer","args":[],"defaultTo":null,"notNullable":false,"unsigned":true},{"name":"sitemap_exclude","type":"boolean","args":[],"defaultTo":null,"notNullable":false,"unsigned":false}]},{"name":"i18n_locale","indexes":[{"name":"i18n_locale_created_by_id_fk","columns":["created_by_id"]},{"name":"i18n_locale_updated_by_id_fk","columns":["updated_by_id"]}],"foreignKeys":[{"name":"i18n_locale_created_by_id_fk","columns":["created_by_id"],"referencedTable":"admin_users","referencedColumns":["id"],"onDelete":"SET NULL"},{"name":"i18n_locale_updated_by_id_fk","columns":["updated_by_id"],"referencedTable":"admin_users","referencedColumns":["id"],"onDelete":"SET NULL"}],"columns":[{"name":"id","type":"increments","args":[{"primary":true,"primaryKey":true}],"defaultTo":null,"notNullable":true,"unsigned":false},{"name":"name","type":"string","args":[],"defaultTo":null,"notNullable":false,"unsigned":false},{"name":"code","type":"string","args":[],"defaultTo":null,"notNullable":false,"unsigned":false},{"name":"created_at","type":"datetime","args":[{"useTz":false,"precision":6}],"defaultTo":null,"notNullable":false,"unsigned":false},{"name":"updated_at","type":"datetime","args":[{"useTz":false,"precision":6}],"defaultTo":null,"notNullable":false,"unsigned":false},{"name":"created_by_id","type":"integer","args":[],"defaultTo":null,"notNullable":false,"unsigned":true},{"name":"updated_by_id","type":"integer","args":[],"defaultTo":null,"notNullable":false,"unsigned":true}]},{"name":"up_permissions","indexes":[{"name":"up_permissions_created_by_id_fk","columns":["created_by_id"]},{"name":"up_permissions_updated_by_id_fk","columns":["updated_by_id"]}],"foreignKeys":[{"name":"up_permissions_created_by_id_fk","columns":["created_by_id"],"referencedTable":"admin_users","referencedColumns":["id"],"onDelete":"SET NULL"},{"name":"up_permissions_updated_by_id_fk","columns":["updated_by_id"],"referencedTable":"admin_users","referencedColumns":["id"],"onDelete":"SET NULL"}],"columns":[{"name":"id","type":"increments","args":[{"primary":true,"primaryKey":true}],"defaultTo":null,"notNullable":true,"unsigned":false},{"name":"action","type":"string","args":[],"defaultTo":null,"notNullable":false,"unsigned":false},{"name":"created_at","type":"datetime","args":[{"useTz":false,"precision":6}],"defaultTo":null,"notNullable":false,"unsigned":false},{"name":"updated_at","type":"datetime","args":[{"useTz":false,"precision":6}],"defaultTo":null,"notNullable":false,"unsigned":false},{"name":"created_by_id","type":"integer","args":[],"defaultTo":null,"notNullable":false,"unsigned":true},{"name":"updated_by_id","type":"integer","args":[],"defaultTo":null,"notNullable":false,"unsigned":true}]},{"name":"up_roles","indexes":[{"name":"up_roles_created_by_id_fk","columns":["created_by_id"]},{"name":"up_roles_updated_by_id_fk","columns":["updated_by_id"]}],"foreignKeys":[{"name":"up_roles_created_by_id_fk","columns":["created_by_id"],"referencedTable":"admin_users","referencedColumns":["id"],"onDelete":"SET NULL"},{"name":"up_roles_updated_by_id_fk","columns":["updated_by_id"],"referencedTable":"admin_users","referencedColumns":["id"],"onDelete":"SET NULL"}],"columns":[{"name":"id","type":"increments","args":[{"primary":true,"primaryKey":true}],"defaultTo":null,"notNullable":true,"unsigned":false},{"name":"name","type":"string","args":[],"defaultTo":null,"notNullable":false,"unsigned":false},{"name":"description","type":"string","args":[],"defaultTo":null,"notNullable":false,"unsigned":false},{"name":"type","type":"string","args":[],"defaultTo":null,"notNullable":false,"unsigned":false},{"name":"created_at","type":"datetime","args":[{"useTz":false,"precision":6}],"defaultTo":null,"notNullable":false,"unsigned":false},{"name":"updated_at","type":"datetime","args":[{"useTz":false,"precision":6}],"defaultTo":null,"notNullable":false,"unsigned":false},{"name":"created_by_id","type":"integer","args":[],"defaultTo":null,"notNullable":false,"unsigned":true},{"name":"updated_by_id","type":"integer","args":[],"defaultTo":null,"notNullable":false,"unsigned":true}]},{"name":"up_users","indexes":[{"name":"up_users_created_by_id_fk","columns":["created_by_id"]},{"name":"up_users_updated_by_id_fk","columns":["updated_by_id"]}],"foreignKeys":[{"name":"up_users_created_by_id_fk","columns":["created_by_id"],"referencedTable":"admin_users","referencedColumns":["id"],"onDelete":"SET NULL"},{"name":"up_users_updated_by_id_fk","columns":["updated_by_id"],"referencedTable":"admin_users","referencedColumns":["id"],"onDelete":"SET NULL"}],"columns":[{"name":"id","type":"increments","args":[{"primary":true,"primaryKey":true}],"defaultTo":null,"notNullable":true,"unsigned":false},{"name":"username","type":"string","args":[],"defaultTo":null,"notNullable":false,"unsigned":false},{"name":"email","type":"string","args":[],"defaultTo":null,"notNullable":false,"unsigned":false},{"name":"provider","type":"string","args":[],"defaultTo":null,"notNullable":false,"unsigned":false},{"name":"password","type":"string","args":[],"defaultTo":null,"notNullable":false,"unsigned":false},{"name":"reset_password_token","type":"string","args":[],"defaultTo":null,"notNullable":false,"unsigned":false},{"name":"confirmation_token","type":"string","args":[],"defaultTo":null,"notNullable":false,"unsigned":false},{"name":"confirmed","type":"boolean","args":[],"defaultTo":null,"notNullable":false,"unsigned":false},{"name":"blocked","type":"boolean","args":[],"defaultTo":null,"notNullable":false,"unsigned":false},{"name":"created_at","type":"datetime","args":[{"useTz":false,"precision":6}],"defaultTo":null,"notNullable":false,"unsigned":false},{"name":"updated_at","type":"datetime","args":[{"useTz":false,"precision":6}],"defaultTo":null,"notNullable":false,"unsigned":false},{"name":"created_by_id","type":"integer","args":[],"defaultTo":null,"notNullable":false,"unsigned":true},{"name":"updated_by_id","type":"integer","args":[],"defaultTo":null,"notNullable":false,"unsigned":true},{"name":"sitemap_exclude","type":"boolean","args":[],"defaultTo":null,"notNullable":false,"unsigned":false}]},{"name":"audience","indexes":[{"type":"unique","name":"audience_key_unique","columns":["key"]},{"name":"audience_created_by_id_fk","columns":["created_by_id"]},{"name":"audience_updated_by_id_fk","columns":["updated_by_id"]}],"foreignKeys":[{"name":"audience_created_by_id_fk","columns":["created_by_id"],"referencedTable":"admin_users","referencedColumns":["id"],"onDelete":"SET NULL"},{"name":"audience_updated_by_id_fk","columns":["updated_by_id"],"referencedTable":"admin_users","referencedColumns":["id"],"onDelete":"SET NULL"}],"columns":[{"name":"id","type":"increments","args":[{"primary":true,"primaryKey":true}],"defaultTo":null,"notNullable":true,"unsigned":false},{"name":"name","type":"string","args":[],"defaultTo":null,"notNullable":false,"unsigned":false},{"name":"key","type":"string","args":[],"defaultTo":null,"notNullable":false,"unsigned":false,"unique":true},{"name":"created_at","type":"datetime","args":[{"useTz":false,"precision":6}],"defaultTo":null,"notNullable":false,"unsigned":false},{"name":"updated_at","type":"datetime","args":[{"useTz":false,"precision":6}],"defaultTo":null,"notNullable":false,"unsigned":false},{"name":"created_by_id","type":"integer","args":[],"defaultTo":null,"notNullable":false,"unsigned":true},{"name":"updated_by_id","type":"integer","args":[],"defaultTo":null,"notNullable":false,"unsigned":true},{"name":"sitemap_exclude","type":"boolean","args":[],"defaultTo":null,"notNullable":false,"unsigned":false}]},{"name":"navigations","indexes":[{"type":"unique","name":"navigations_slug_unique","columns":["slug"]},{"name":"navigations_created_by_id_fk","columns":["created_by_id"]},{"name":"navigations_updated_by_id_fk","columns":["updated_by_id"]}],"foreignKeys":[{"name":"navigations_created_by_id_fk","columns":["created_by_id"],"referencedTable":"admin_users","referencedColumns":["id"],"onDelete":"SET NULL"},{"name":"navigations_updated_by_id_fk","columns":["updated_by_id"],"referencedTable":"admin_users","referencedColumns":["id"],"onDelete":"SET NULL"}],"columns":[{"name":"id","type":"increments","args":[{"primary":true,"primaryKey":true}],"defaultTo":null,"notNullable":true,"unsigned":false},{"name":"name","type":"text","args":["longtext"],"defaultTo":null,"notNullable":false,"unsigned":false},{"name":"slug","type":"string","args":[],"defaultTo":null,"notNullable":false,"unsigned":false,"unique":true},{"name":"visible","type":"boolean","args":[],"defaultTo":null,"notNullable":false,"unsigned":false},{"name":"locale_code","type":"string","args":[],"defaultTo":null,"notNullable":false,"unsigned":false},{"name":"created_at","type":"datetime","args":[{"useTz":false,"precision":6}],"defaultTo":null,"notNullable":false,"unsigned":false},{"name":"updated_at","type":"datetime","args":[{"useTz":false,"precision":6}],"defaultTo":null,"notNullable":false,"unsigned":false},{"name":"created_by_id","type":"integer","args":[],"defaultTo":null,"notNullable":false,"unsigned":true},{"name":"updated_by_id","type":"integer","args":[],"defaultTo":null,"notNullable":false,"unsigned":true},{"name":"sitemap_exclude","type":"boolean","args":[],"defaultTo":null,"notNullable":false,"unsigned":false}]},{"name":"navigations_items","indexes":[{"name":"navigations_items_created_by_id_fk","columns":["created_by_id"]},{"name":"navigations_items_updated_by_id_fk","columns":["updated_by_id"]}],"foreignKeys":[{"name":"navigations_items_created_by_id_fk","columns":["created_by_id"],"referencedTable":"admin_users","referencedColumns":["id"],"onDelete":"SET NULL"},{"name":"navigations_items_updated_by_id_fk","columns":["updated_by_id"],"referencedTable":"admin_users","referencedColumns":["id"],"onDelete":"SET NULL"}],"columns":[{"name":"id","type":"increments","args":[{"primary":true,"primaryKey":true}],"defaultTo":null,"notNullable":true,"unsigned":false},{"name":"title","type":"text","args":["longtext"],"defaultTo":null,"notNullable":false,"unsigned":false},{"name":"type","type":"string","args":[],"defaultTo":null,"notNullable":false,"unsigned":false},{"name":"path","type":"text","args":["longtext"],"defaultTo":null,"notNullable":false,"unsigned":false},{"name":"external_path","type":"text","args":["longtext"],"defaultTo":null,"notNullable":false,"unsigned":false},{"name":"ui_router_key","type":"string","args":[],"defaultTo":null,"notNullable":false,"unsigned":false},{"name":"menu_attached","type":"boolean","args":[],"defaultTo":null,"notNullable":false,"unsigned":false},{"name":"order","type":"integer","args":[],"defaultTo":null,"notNullable":false,"unsigned":false},{"name":"collapsed","type":"boolean","args":[],"defaultTo":null,"notNullable":false,"unsigned":false},{"name":"created_at","type":"datetime","args":[{"useTz":false,"precision":6}],"defaultTo":null,"notNullable":false,"unsigned":false},{"name":"updated_at","type":"datetime","args":[{"useTz":false,"precision":6}],"defaultTo":null,"notNullable":false,"unsigned":false},{"name":"created_by_id","type":"integer","args":[],"defaultTo":null,"notNullable":false,"unsigned":true},{"name":"updated_by_id","type":"integer","args":[],"defaultTo":null,"notNullable":false,"unsigned":true},{"name":"sitemap_exclude","type":"boolean","args":[],"defaultTo":null,"notNullable":false,"unsigned":false}]},{"name":"navigations_items_related","indexes":[{"name":"navigations_items_related_created_by_id_fk","columns":["created_by_id"]},{"name":"navigations_items_related_updated_by_id_fk","columns":["updated_by_id"]}],"foreignKeys":[{"name":"navigations_items_related_created_by_id_fk","columns":["created_by_id"],"referencedTable":"admin_users","referencedColumns":["id"],"onDelete":"SET NULL"},{"name":"navigations_items_related_updated_by_id_fk","columns":["updated_by_id"],"referencedTable":"admin_users","referencedColumns":["id"],"onDelete":"SET NULL"}],"columns":[{"name":"id","type":"increments","args":[{"primary":true,"primaryKey":true}],"defaultTo":null,"notNullable":true,"unsigned":false},{"name":"related_id","type":"string","args":[],"defaultTo":null,"notNullable":false,"unsigned":false},{"name":"related_type","type":"string","args":[],"defaultTo":null,"notNullable":false,"unsigned":false},{"name":"field","type":"string","args":[],"defaultTo":null,"notNullable":false,"unsigned":false},{"name":"order","type":"integer","args":[],"defaultTo":null,"notNullable":false,"unsigned":false},{"name":"master","type":"string","args":[],"defaultTo":null,"notNullable":false,"unsigned":false},{"name":"created_at","type":"datetime","args":[{"useTz":false,"precision":6}],"defaultTo":null,"notNullable":false,"unsigned":false},{"name":"updated_at","type":"datetime","args":[{"useTz":false,"precision":6}],"defaultTo":null,"notNullable":false,"unsigned":false},{"name":"created_by_id","type":"integer","args":[],"defaultTo":null,"notNullable":false,"unsigned":true},{"name":"updated_by_id","type":"integer","args":[],"defaultTo":null,"notNullable":false,"unsigned":true},{"name":"sitemap_exclude","type":"boolean","args":[],"defaultTo":null,"notNullable":false,"unsigned":false}]},{"name":"strapi-stripe_strapi-stripe-product","indexes":[{"type":"unique","name":"strapi-stripe_strapi-stripe-product_slug_unique","columns":["slug"]},{"name":"strapi-stripe_strapi-stripe-product_created_by_id_fk","columns":["created_by_id"]},{"name":"strapi-stripe_strapi-stripe-product_updated_by_id_fk","columns":["updated_by_id"]}],"foreignKeys":[{"name":"strapi-stripe_strapi-stripe-product_created_by_id_fk","columns":["created_by_id"],"referencedTable":"admin_users","referencedColumns":["id"],"onDelete":"SET NULL"},{"name":"strapi-stripe_strapi-stripe-product_updated_by_id_fk","columns":["updated_by_id"],"referencedTable":"admin_users","referencedColumns":["id"],"onDelete":"SET NULL"}],"columns":[{"name":"id","type":"increments","args":[{"primary":true,"primaryKey":true}],"defaultTo":null,"notNullable":true,"unsigned":false},{"name":"title","type":"string","args":[],"defaultTo":null,"notNullable":false,"unsigned":false},{"name":"slug","type":"string","args":[],"defaultTo":null,"notNullable":false,"unsigned":false,"unique":true},{"name":"description","type":"string","args":[],"defaultTo":null,"notNullable":false,"unsigned":false},{"name":"price","type":"decimal","args":[10,2],"defaultTo":null,"notNullable":false,"unsigned":false},{"name":"currency","type":"string","args":[],"defaultTo":null,"notNullable":false,"unsigned":false},{"name":"is_subscription","type":"boolean","args":[],"defaultTo":null,"notNullable":false,"unsigned":false},{"name":"interval","type":"string","args":[],"defaultTo":null,"notNullable":false,"unsigned":false},{"name":"trial_period_days","type":"integer","args":[],"defaultTo":null,"notNullable":false,"unsigned":false},{"name":"stripe_product_id","type":"string","args":[],"defaultTo":null,"notNullable":false,"unsigned":false},{"name":"stripe_price_id","type":"string","args":[],"defaultTo":null,"notNullable":false,"unsigned":false},{"name":"stripe_plan_id","type":"string","args":[],"defaultTo":null,"notNullable":false,"unsigned":false},{"name":"created_at","type":"datetime","args":[{"useTz":false,"precision":6}],"defaultTo":null,"notNullable":false,"unsigned":false},{"name":"updated_at","type":"datetime","args":[{"useTz":false,"precision":6}],"defaultTo":null,"notNullable":false,"unsigned":false},{"name":"created_by_id","type":"integer","args":[],"defaultTo":null,"notNullable":false,"unsigned":true},{"name":"updated_by_id","type":"integer","args":[],"defaultTo":null,"notNullable":false,"unsigned":true},{"name":"sitemap_exclude","type":"boolean","args":[],"defaultTo":null,"notNullable":false,"unsigned":false}]},{"name":"strapi-stripe_strapi-stripe-payment","indexes":[{"name":"strapi-stripe_strapi-stripe-payment_created_by_id_fk","columns":["created_by_id"]},{"name":"strapi-stripe_strapi-stripe-payment_updated_by_id_fk","columns":["updated_by_id"]}],"foreignKeys":[{"name":"strapi-stripe_strapi-stripe-payment_created_by_id_fk","columns":["created_by_id"],"referencedTable":"admin_users","referencedColumns":["id"],"onDelete":"SET NULL"},{"name":"strapi-stripe_strapi-stripe-payment_updated_by_id_fk","columns":["updated_by_id"],"referencedTable":"admin_users","referencedColumns":["id"],"onDelete":"SET NULL"}],"columns":[{"name":"id","type":"increments","args":[{"primary":true,"primaryKey":true}],"defaultTo":null,"notNullable":true,"unsigned":false},{"name":"txn_date","type":"datetime","args":[{"useTz":false,"precision":6}],"defaultTo":null,"notNullable":false,"unsigned":false},{"name":"transaction_id","type":"string","args":[],"defaultTo":null,"notNullable":false,"unsigned":false},{"name":"is_txn_successful","type":"boolean","args":[],"defaultTo":null,"notNullable":false,"unsigned":false},{"name":"txn_message","type":"string","args":[],"defaultTo":null,"notNullable":false,"unsigned":false},{"name":"txn_error_message","type":"string","args":[],"defaultTo":null,"notNullable":false,"unsigned":false},{"name":"txn_amount","type":"decimal","args":[10,2],"defaultTo":null,"notNullable":false,"unsigned":false},{"name":"customer_name","type":"string","args":[],"defaultTo":null,"notNullable":false,"unsigned":false},{"name":"customer_email","type":"string","args":[],"defaultTo":null,"notNullable":false,"unsigned":false},{"name":"created_at","type":"datetime","args":[{"useTz":false,"precision":6}],"defaultTo":null,"notNullable":false,"unsigned":false},{"name":"updated_at","type":"datetime","args":[{"useTz":false,"precision":6}],"defaultTo":null,"notNullable":false,"unsigned":false},{"name":"created_by_id","type":"integer","args":[],"defaultTo":null,"notNullable":false,"unsigned":true},{"name":"updated_by_id","type":"integer","args":[],"defaultTo":null,"notNullable":false,"unsigned":true},{"name":"sitemap_exclude","type":"boolean","args":[],"defaultTo":null,"notNullable":false,"unsigned":false}]},{"name":"components_cards_news_cards","indexes":[],"foreignKeys":[],"columns":[{"name":"id","type":"increments","args":[{"primary":true,"primaryKey":true}],"defaultTo":null,"notNullable":true,"unsigned":false},{"name":"title","type":"string","args":[],"defaultTo":null,"notNullable":false,"unsigned":false},{"name":"description","type":"text","args":["longtext"],"defaultTo":null,"notNullable":false,"unsigned":false}]},{"name":"components_cards_simple_cards","indexes":[],"foreignKeys":[],"columns":[{"name":"id","type":"increments","args":[{"primary":true,"primaryKey":true}],"defaultTo":null,"notNullable":true,"unsigned":false},{"name":"title","type":"string","args":[],"defaultTo":null,"notNullable":false,"unsigned":false},{"name":"description","type":"text","args":["longtext"],"defaultTo":null,"notNullable":false,"unsigned":false},{"name":"css_classes","type":"string","args":[],"defaultTo":null,"notNullable":false,"unsigned":false}]},{"name":"components_links_buttons","indexes":[],"foreignKeys":[],"columns":[{"name":"id","type":"increments","args":[{"primary":true,"primaryKey":true}],"defaultTo":null,"notNullable":true,"unsigned":false},{"name":"url","type":"string","args":[],"defaultTo":null,"notNullable":false,"unsigned":false},{"name":"new_tab","type":"boolean","args":[],"defaultTo":null,"notNullable":false,"unsigned":false},{"name":"text","type":"string","args":[],"defaultTo":null,"notNullable":false,"unsigned":false},{"name":"type","type":"string","args":[],"defaultTo":null,"notNullable":false,"unsigned":false}]},{"name":"components_links_simple_buttons","indexes":[],"foreignKeys":[],"columns":[{"name":"id","type":"increments","args":[{"primary":true,"primaryKey":true}],"defaultTo":null,"notNullable":true,"unsigned":false},{"name":"text","type":"string","args":[],"defaultTo":null,"notNullable":false,"unsigned":false},{"name":"type","type":"string","args":[],"defaultTo":null,"notNullable":false,"unsigned":false}]},{"name":"components_links_links","indexes":[],"foreignKeys":[],"columns":[{"name":"id","type":"increments","args":[{"primary":true,"primaryKey":true}],"defaultTo":null,"notNullable":true,"unsigned":false},{"name":"url","type":"string","args":[],"defaultTo":null,"notNullable":false,"unsigned":false},{"name":"new_tab","type":"boolean","args":[],"defaultTo":null,"notNullable":false,"unsigned":false},{"name":"text","type":"string","args":[],"defaultTo":null,"notNullable":false,"unsigned":false}]},{"name":"components_meta_metadata","indexes":[],"foreignKeys":[],"columns":[{"name":"id","type":"increments","args":[{"primary":true,"primaryKey":true}],"defaultTo":null,"notNullable":true,"unsigned":false},{"name":"meta_title","type":"string","args":[],"defaultTo":null,"notNullable":false,"unsigned":false},{"name":"meta_description","type":"text","args":["longtext"],"defaultTo":null,"notNullable":false,"unsigned":false},{"name":"twitter_card_type","type":"string","args":[],"defaultTo":null,"notNullable":false,"unsigned":false},{"name":"twitter_username","type":"string","args":[],"defaultTo":null,"notNullable":false,"unsigned":false}]},{"name":"components_sections_articles","indexes":[],"foreignKeys":[],"columns":[{"name":"id","type":"increments","args":[{"primary":true,"primaryKey":true}],"defaultTo":null,"notNullable":true,"unsigned":false},{"name":"title","type":"string","args":[],"defaultTo":null,"notNullable":false,"unsigned":false},{"name":"published_on","type":"date","args":[],"defaultTo":null,"notNullable":false,"unsigned":false},{"name":"content","type":"text","args":["longtext"],"defaultTo":null,"notNullable":false,"unsigned":false}]},{"name":"components_slices_heroes","indexes":[],"foreignKeys":[],"columns":[{"name":"id","type":"increments","args":[{"primary":true,"primaryKey":true}],"defaultTo":null,"notNullable":true,"unsigned":false},{"name":"title","type":"string","args":[],"defaultTo":null,"notNullable":false,"unsigned":false},{"name":"label","type":"string","args":[],"defaultTo":null,"notNullable":false,"unsigned":false},{"name":"description","type":"string","args":[],"defaultTo":null,"notNullable":false,"unsigned":false},{"name":"small_text_with_link","type":"text","args":["longtext"],"defaultTo":null,"notNullable":false,"unsigned":false}]},{"name":"components_slices_large_videos","indexes":[],"foreignKeys":[],"columns":[{"name":"id","type":"increments","args":[{"primary":true,"primaryKey":true}],"defaultTo":null,"notNullable":true,"unsigned":false},{"name":"title","type":"string","args":[],"defaultTo":null,"notNullable":false,"unsigned":false},{"name":"description","type":"string","args":[],"defaultTo":null,"notNullable":false,"unsigned":false}]},{"name":"components_sections_lead_forms","indexes":[],"foreignKeys":[],"columns":[{"name":"id","type":"increments","args":[{"primary":true,"primaryKey":true}],"defaultTo":null,"notNullable":true,"unsigned":false},{"name":"title","type":"string","args":[],"defaultTo":null,"notNullable":false,"unsigned":false},{"name":"email_placeholder","type":"string","args":[],"defaultTo":null,"notNullable":false,"unsigned":false},{"name":"location","type":"string","args":[],"defaultTo":null,"notNullable":false,"unsigned":false}]},{"name":"components_sections_news_carrousels","indexes":[],"foreignKeys":[],"columns":[{"name":"id","type":"increments","args":[{"primary":true,"primaryKey":true}],"defaultTo":null,"notNullable":true,"unsigned":false},{"name":"title","type":"string","args":[],"defaultTo":null,"notNullable":false,"unsigned":false}]},{"name":"components_sections_offers_sections","indexes":[],"foreignKeys":[],"columns":[{"name":"id","type":"increments","args":[{"primary":true,"primaryKey":true}],"defaultTo":null,"notNullable":true,"unsigned":false},{"name":"description","type":"text","args":["longtext"],"defaultTo":null,"notNullable":false,"unsigned":false}]},{"name":"components_sections_rich_texts","indexes":[],"foreignKeys":[],"columns":[{"name":"id","type":"increments","args":[{"primary":true,"primaryKey":true}],"defaultTo":null,"notNullable":true,"unsigned":false},{"name":"content","type":"text","args":["longtext"],"defaultTo":null,"notNullable":false,"unsigned":false}]},{"name":"components_shared_meta_socials","indexes":[],"foreignKeys":[],"columns":[{"name":"id","type":"increments","args":[{"primary":true,"primaryKey":true}],"defaultTo":null,"notNullable":true,"unsigned":false},{"name":"social_network","type":"string","args":[],"defaultTo":null,"notNullable":false,"unsigned":false},{"name":"title","type":"string","args":[],"defaultTo":null,"notNullable":false,"unsigned":false},{"name":"description","type":"string","args":[],"defaultTo":null,"notNullable":false,"unsigned":false}]},{"name":"components_shared_seos","indexes":[],"foreignKeys":[],"columns":[{"name":"id","type":"increments","args":[{"primary":true,"primaryKey":true}],"defaultTo":null,"notNullable":true,"unsigned":false},{"name":"meta_title","type":"string","args":[],"defaultTo":null,"notNullable":false,"unsigned":false},{"name":"meta_description","type":"string","args":[],"defaultTo":null,"notNullable":false,"unsigned":false},{"name":"keywords","type":"text","args":["longtext"],"defaultTo":null,"notNullable":false,"unsigned":false},{"name":"meta_robots","type":"string","args":[],"defaultTo":null,"notNullable":false,"unsigned":false},{"name":"structured_data","type":"jsonb","args":[],"defaultTo":null,"notNullable":false,"unsigned":false},{"name":"meta_viewport","type":"string","args":[],"defaultTo":null,"notNullable":false,"unsigned":false},{"name":"canonical_url","type":"string","args":[],"defaultTo":null,"notNullable":false,"unsigned":false}]},{"name":"admin_permissions_role_links","indexes":[{"name":"admin_permissions_role_links_fk","columns":["permission_id"]},{"name":"admin_permissions_role_links_inv_fk","columns":["role_id"]}],"foreignKeys":[{"name":"admin_permissions_role_links_fk","columns":["permission_id"],"referencedColumns":["id"],"referencedTable":"admin_permissions","onDelete":"CASCADE"},{"name":"admin_permissions_role_links_inv_fk","columns":["role_id"],"referencedColumns":["id"],"referencedTable":"admin_roles","onDelete":"CASCADE"}],"columns":[{"name":"permission_id","type":"integer","args":[],"defaultTo":null,"notNullable":false,"unsigned":true},{"name":"role_id","type":"integer","args":[],"defaultTo":null,"notNullable":false,"unsigned":true}]},{"name":"admin_users_roles_links","indexes":[{"name":"admin_users_roles_links_fk","columns":["user_id"]},{"name":"admin_users_roles_links_inv_fk","columns":["role_id"]}],"foreignKeys":[{"name":"admin_users_roles_links_fk","columns":["user_id"],"referencedColumns":["id"],"referencedTable":"admin_users","onDelete":"CASCADE"},{"name":"admin_users_roles_links_inv_fk","columns":["role_id"],"referencedColumns":["id"],"referencedTable":"admin_roles","onDelete":"CASCADE"}],"columns":[{"name":"user_id","type":"integer","args":[],"defaultTo":null,"notNullable":false,"unsigned":true},{"name":"role_id","type":"integer","args":[],"defaultTo":null,"notNullable":false,"unsigned":true}]},{"name":"pages_components","indexes":[{"name":"pages_field_index","columns":["field"],"type":null},{"name":"pages_component_type_index","columns":["component_type"],"type":null},{"name":"pages_entity_fk","columns":["entity_id"]}],"foreignKeys":[{"name":"pages_entity_fk","columns":["entity_id"],"referencedColumns":["id"],"referencedTable":"pages","onDelete":"CASCADE"}],"columns":[{"name":"id","type":"increments","args":[{"primary":true,"primaryKey":true}],"defaultTo":null,"notNullable":true,"unsigned":false},{"name":"entity_id","type":"integer","args":[],"defaultTo":null,"notNullable":false,"unsigned":true},{"name":"component_id","type":"integer","args":[],"defaultTo":null,"notNullable":false,"unsigned":true},{"name":"component_type","type":"string","args":[],"defaultTo":null,"notNullable":false,"unsigned":false},{"name":"field","type":"string","args":[],"defaultTo":null,"notNullable":false,"unsigned":false},{"name":"order","type":"integer","args":[],"defaultTo":0,"notNullable":false,"unsigned":true}]},{"name":"pages_localizations_links","indexes":[{"name":"pages_localizations_links_fk","columns":["page_id"]},{"name":"pages_localizations_links_inv_fk","columns":["inv_page_id"]}],"foreignKeys":[{"name":"pages_localizations_links_fk","columns":["page_id"],"referencedColumns":["id"],"referencedTable":"pages","onDelete":"CASCADE"},{"name":"pages_localizations_links_inv_fk","columns":["inv_page_id"],"referencedColumns":["id"],"referencedTable":"pages","onDelete":"CASCADE"}],"columns":[{"name":"page_id","type":"integer","args":[],"defaultTo":null,"notNullable":false,"unsigned":true},{"name":"inv_page_id","type":"integer","args":[],"defaultTo":null,"notNullable":false,"unsigned":true}]},{"name":"posts_components","indexes":[{"name":"posts_field_index","columns":["field"],"type":null},{"name":"posts_component_type_index","columns":["component_type"],"type":null},{"name":"posts_entity_fk","columns":["entity_id"]}],"foreignKeys":[{"name":"posts_entity_fk","columns":["entity_id"],"referencedColumns":["id"],"referencedTable":"posts","onDelete":"CASCADE"}],"columns":[{"name":"id","type":"increments","args":[{"primary":true,"primaryKey":true}],"defaultTo":null,"notNullable":true,"unsigned":false},{"name":"entity_id","type":"integer","args":[],"defaultTo":null,"notNullable":false,"unsigned":true},{"name":"component_id","type":"integer","args":[],"defaultTo":null,"notNullable":false,"unsigned":true},{"name":"component_type","type":"string","args":[],"defaultTo":null,"notNullable":false,"unsigned":false},{"name":"field","type":"string","args":[],"defaultTo":null,"notNullable":false,"unsigned":false},{"name":"order","type":"integer","args":[],"defaultTo":0,"notNullable":false,"unsigned":true}]},{"name":"posts_author_links","indexes":[{"name":"posts_author_links_fk","columns":["post_id"]},{"name":"posts_author_links_inv_fk","columns":["user_id"]}],"foreignKeys":[{"name":"posts_author_links_fk","columns":["post_id"],"referencedColumns":["id"],"referencedTable":"posts","onDelete":"CASCADE"},{"name":"posts_author_links_inv_fk","columns":["user_id"],"referencedColumns":["id"],"referencedTable":"admin_users","onDelete":"CASCADE"}],"columns":[{"name":"post_id","type":"integer","args":[],"defaultTo":null,"notNullable":false,"unsigned":true},{"name":"user_id","type":"integer","args":[],"defaultTo":null,"notNullable":false,"unsigned":true}]},{"name":"files_related_morphs","indexes":[{"name":"files_related_morphs_fk","columns":["file_id"]}],"foreignKeys":[{"name":"files_related_morphs_fk","columns":["file_id"],"referencedColumns":["id"],"referencedTable":"files","onDelete":"CASCADE"}],"columns":[{"name":"file_id","type":"integer","args":[],"defaultTo":null,"notNullable":false,"unsigned":true},{"name":"related_id","type":"integer","args":[],"defaultTo":null,"notNullable":false,"unsigned":true},{"name":"related_type","type":"string","args":[],"defaultTo":null,"notNullable":false,"unsigned":false},{"name":"field","type":"string","args":[],"defaultTo":null,"notNullable":false,"unsigned":false},{"name":"order","type":"integer","args":[],"defaultTo":null,"notNullable":false,"unsigned":true}]},{"name":"up_permissions_role_links","indexes":[{"name":"up_permissions_role_links_fk","columns":["permission_id"]},{"name":"up_permissions_role_links_inv_fk","columns":["role_id"]}],"foreignKeys":[{"name":"up_permissions_role_links_fk","columns":["permission_id"],"referencedColumns":["id"],"referencedTable":"up_permissions","onDelete":"CASCADE"},{"name":"up_permissions_role_links_inv_fk","columns":["role_id"],"referencedColumns":["id"],"referencedTable":"up_roles","onDelete":"CASCADE"}],"columns":[{"name":"permission_id","type":"integer","args":[],"defaultTo":null,"notNullable":false,"unsigned":true},{"name":"role_id","type":"integer","args":[],"defaultTo":null,"notNullable":false,"unsigned":true}]},{"name":"up_users_role_links","indexes":[{"name":"up_users_role_links_fk","columns":["user_id"]},{"name":"up_users_role_links_inv_fk","columns":["role_id"]}],"foreignKeys":[{"name":"up_users_role_links_fk","columns":["user_id"],"referencedColumns":["id"],"referencedTable":"up_users","onDelete":"CASCADE"},{"name":"up_users_role_links_inv_fk","columns":["role_id"],"referencedColumns":["id"],"referencedTable":"up_roles","onDelete":"CASCADE"}],"columns":[{"name":"user_id","type":"integer","args":[],"defaultTo":null,"notNullable":false,"unsigned":true},{"name":"role_id","type":"integer","args":[],"defaultTo":null,"notNullable":false,"unsigned":true}]},{"name":"navigations_items_links","indexes":[{"name":"navigations_items_links_fk","columns":["navigation_id"]},{"name":"navigations_items_links_inv_fk","columns":["navigation_item_id"]}],"foreignKeys":[{"name":"navigations_items_links_fk","columns":["navigation_id"],"referencedColumns":["id"],"referencedTable":"navigations","onDelete":"CASCADE"},{"name":"navigations_items_links_inv_fk","columns":["navigation_item_id"],"referencedColumns":["id"],"referencedTable":"navigations_items","onDelete":"CASCADE"}],"columns":[{"name":"navigation_id","type":"integer","args":[],"defaultTo":null,"notNullable":false,"unsigned":true},{"name":"navigation_item_id","type":"integer","args":[],"defaultTo":null,"notNullable":false,"unsigned":true}]},{"name":"navigations_localizations_links","indexes":[{"name":"navigations_localizations_links_fk","columns":["navigation_id"]},{"name":"navigations_localizations_links_inv_fk","columns":["inv_navigation_id"]}],"foreignKeys":[{"name":"navigations_localizations_links_fk","columns":["navigation_id"],"referencedColumns":["id"],"referencedTable":"navigations","onDelete":"CASCADE"},{"name":"navigations_localizations_links_inv_fk","columns":["inv_navigation_id"],"referencedColumns":["id"],"referencedTable":"navigations","onDelete":"CASCADE"}],"columns":[{"name":"navigation_id","type":"integer","args":[],"defaultTo":null,"notNullable":false,"unsigned":true},{"name":"inv_navigation_id","type":"integer","args":[],"defaultTo":null,"notNullable":false,"unsigned":true}]},{"name":"navigations_items_related_links","indexes":[{"name":"navigations_items_related_links_fk","columns":["navigation_item_id"]},{"name":"navigations_items_related_links_inv_fk","columns":["navigations_items_related_id"]}],"foreignKeys":[{"name":"navigations_items_related_links_fk","columns":["navigation_item_id"],"referencedColumns":["id"],"referencedTable":"navigations_items","onDelete":"CASCADE"},{"name":"navigations_items_related_links_inv_fk","columns":["navigations_items_related_id"],"referencedColumns":["id"],"referencedTable":"navigations_items_related","onDelete":"CASCADE"}],"columns":[{"name":"navigation_item_id","type":"integer","args":[],"defaultTo":null,"notNullable":false,"unsigned":true},{"name":"navigations_items_related_id","type":"integer","args":[],"defaultTo":null,"notNullable":false,"unsigned":true}]},{"name":"navigations_items_parent_links","indexes":[{"name":"navigations_items_parent_links_fk","columns":["navigation_item_id"]},{"name":"navigations_items_parent_links_inv_fk","columns":["inv_navigation_item_id"]}],"foreignKeys":[{"name":"navigations_items_parent_links_fk","columns":["navigation_item_id"],"referencedColumns":["id"],"referencedTable":"navigations_items","onDelete":"CASCADE"},{"name":"navigations_items_parent_links_inv_fk","columns":["inv_navigation_item_id"],"referencedColumns":["id"],"referencedTable":"navigations_items","onDelete":"CASCADE"}],"columns":[{"name":"navigation_item_id","type":"integer","args":[],"defaultTo":null,"notNullable":false,"unsigned":true},{"name":"inv_navigation_item_id","type":"integer","args":[],"defaultTo":null,"notNullable":false,"unsigned":true}]},{"name":"navigations_items_master_links","indexes":[{"name":"navigations_items_master_links_fk","columns":["navigation_item_id"]},{"name":"navigations_items_master_links_inv_fk","columns":["navigation_id"]}],"foreignKeys":[{"name":"navigations_items_master_links_fk","columns":["navigation_item_id"],"referencedColumns":["id"],"referencedTable":"navigations_items","onDelete":"CASCADE"},{"name":"navigations_items_master_links_inv_fk","columns":["navigation_id"],"referencedColumns":["id"],"referencedTable":"navigations","onDelete":"CASCADE"}],"columns":[{"name":"navigation_item_id","type":"integer","args":[],"defaultTo":null,"notNullable":false,"unsigned":true},{"name":"navigation_id","type":"integer","args":[],"defaultTo":null,"notNullable":false,"unsigned":true}]},{"name":"navigations_items_audience_links","indexes":[{"name":"navigations_items_audience_links_fk","columns":["navigation_item_id"]},{"name":"navigations_items_audience_links_inv_fk","columns":["audience_id"]}],"foreignKeys":[{"name":"navigations_items_audience_links_fk","columns":["navigation_item_id"],"referencedColumns":["id"],"referencedTable":"navigations_items","onDelete":"CASCADE"},{"name":"navigations_items_audience_links_inv_fk","columns":["audience_id"],"referencedColumns":["id"],"referencedTable":"audience","onDelete":"CASCADE"}],"columns":[{"name":"navigation_item_id","type":"integer","args":[],"defaultTo":null,"notNullable":false,"unsigned":true},{"name":"audience_id","type":"integer","args":[],"defaultTo":null,"notNullable":false,"unsigned":true}]},{"name":"strapi_stripe_strapi_stripe_payment_stripe_product_links","indexes":[{"name":"strapi_stripe_strapi_stripe_payment_stripe_product_links_fk","columns":["strapi_stripe_payment_id"]},{"name":"strapi_stripe_strapi_stripe_payment_stripe_product_links_inv_fk","columns":["strapi_stripe_product_id"]}],"foreignKeys":[{"name":"strapi_stripe_strapi_stripe_payment_stripe_product_links_fk","columns":["strapi_stripe_payment_id"],"referencedColumns":["id"],"referencedTable":"strapi-stripe_strapi-stripe-payment","onDelete":"CASCADE"},{"name":"strapi_stripe_strapi_stripe_payment_stripe_product_links_inv_fk","columns":["strapi_stripe_product_id"],"referencedColumns":["id"],"referencedTable":"strapi-stripe_strapi-stripe-product","onDelete":"CASCADE"}],"columns":[{"name":"strapi_stripe_payment_id","type":"integer","args":[],"defaultTo":null,"notNullable":false,"unsigned":true},{"name":"strapi_stripe_product_id","type":"integer","args":[],"defaultTo":null,"notNullable":false,"unsigned":true}]},{"name":"components_cards_news_cards_post_links","indexes":[{"name":"components_cards_news_cards_post_links_fk","columns":["news_card_id"]},{"name":"components_cards_news_cards_post_links_inv_fk","columns":["post_id"]}],"foreignKeys":[{"name":"components_cards_news_cards_post_links_fk","columns":["news_card_id"],"referencedColumns":["id"],"referencedTable":"components_cards_news_cards","onDelete":"CASCADE"},{"name":"components_cards_news_cards_post_links_inv_fk","columns":["post_id"],"referencedColumns":["id"],"referencedTable":"posts","onDelete":"CASCADE"}],"columns":[{"name":"news_card_id","type":"integer","args":[],"defaultTo":null,"notNullable":false,"unsigned":true},{"name":"post_id","type":"integer","args":[],"defaultTo":null,"notNullable":false,"unsigned":true}]},{"name":"components_cards_simple_cards_target_page_links","indexes":[{"name":"components_cards_simple_cards_target_page_links_fk","columns":["simple_card_id"]},{"name":"components_cards_simple_cards_target_page_links_inv_fk","columns":["page_id"]}],"foreignKeys":[{"name":"components_cards_simple_cards_target_page_links_fk","columns":["simple_card_id"],"referencedColumns":["id"],"referencedTable":"components_cards_simple_cards","onDelete":"CASCADE"},{"name":"components_cards_simple_cards_target_page_links_inv_fk","columns":["page_id"],"referencedColumns":["id"],"referencedTable":"pages","onDelete":"CASCADE"}],"columns":[{"name":"simple_card_id","type":"integer","args":[],"defaultTo":null,"notNullable":false,"unsigned":true},{"name":"page_id","type":"integer","args":[],"defaultTo":null,"notNullable":false,"unsigned":true}]},{"name":"components_sections_articles_links_links","indexes":[{"name":"components_sections_articles_links_links_fk","columns":["article_id"]},{"name":"components_sections_articles_links_links_inv_fk","columns":["page_id"]}],"foreignKeys":[{"name":"components_sections_articles_links_links_fk","columns":["article_id"],"referencedColumns":["id"],"referencedTable":"components_sections_articles","onDelete":"CASCADE"},{"name":"components_sections_articles_links_links_inv_fk","columns":["page_id"],"referencedColumns":["id"],"referencedTable":"pages","onDelete":"CASCADE"}],"columns":[{"name":"article_id","type":"integer","args":[],"defaultTo":null,"notNullable":false,"unsigned":true},{"name":"page_id","type":"integer","args":[],"defaultTo":null,"notNullable":false,"unsigned":true}]},{"name":"components_slices_heroes_components","indexes":[{"name":"components_slices_heroes_field_index","columns":["field"],"type":null},{"name":"components_slices_heroes_component_type_index","columns":["component_type"],"type":null},{"name":"components_slices_heroes_entity_fk","columns":["entity_id"]}],"foreignKeys":[{"name":"components_slices_heroes_entity_fk","columns":["entity_id"],"referencedColumns":["id"],"referencedTable":"components_slices_heroes","onDelete":"CASCADE"}],"columns":[{"name":"id","type":"increments","args":[{"primary":true,"primaryKey":true}],"defaultTo":null,"notNullable":true,"unsigned":false},{"name":"entity_id","type":"integer","args":[],"defaultTo":null,"notNullable":false,"unsigned":true},{"name":"component_id","type":"integer","args":[],"defaultTo":null,"notNullable":false,"unsigned":true},{"name":"component_type","type":"string","args":[],"defaultTo":null,"notNullable":false,"unsigned":false},{"name":"field","type":"string","args":[],"defaultTo":null,"notNullable":false,"unsigned":false},{"name":"order","type":"integer","args":[],"defaultTo":0,"notNullable":false,"unsigned":true}]},{"name":"components_sections_lead_forms_components","indexes":[{"name":"components_sections_lead_forms_field_index","columns":["field"],"type":null},{"name":"components_sections_lead_forms_component_type_index","columns":["component_type"],"type":null},{"name":"components_sections_lead_forms_entity_fk","columns":["entity_id"]}],"foreignKeys":[{"name":"components_sections_lead_forms_entity_fk","columns":["entity_id"],"referencedColumns":["id"],"referencedTable":"components_sections_lead_forms","onDelete":"CASCADE"}],"columns":[{"name":"id","type":"increments","args":[{"primary":true,"primaryKey":true}],"defaultTo":null,"notNullable":true,"unsigned":false},{"name":"entity_id","type":"integer","args":[],"defaultTo":null,"notNullable":false,"unsigned":true},{"name":"component_id","type":"integer","args":[],"defaultTo":null,"notNullable":false,"unsigned":true},{"name":"component_type","type":"string","args":[],"defaultTo":null,"notNullable":false,"unsigned":false},{"name":"field","type":"string","args":[],"defaultTo":null,"notNullable":false,"unsigned":false},{"name":"order","type":"integer","args":[],"defaultTo":0,"notNullable":false,"unsigned":true}]},{"name":"components_sections_news_carrousels_components","indexes":[{"name":"components_sections_news_carrousels_field_index","columns":["field"],"type":null},{"name":"components_sections_news_carrousels_component_type_index","columns":["component_type"],"type":null},{"name":"components_sections_news_carrousels_entity_fk","columns":["entity_id"]}],"foreignKeys":[{"name":"components_sections_news_carrousels_entity_fk","columns":["entity_id"],"referencedColumns":["id"],"referencedTable":"components_sections_news_carrousels","onDelete":"CASCADE"}],"columns":[{"name":"id","type":"increments","args":[{"primary":true,"primaryKey":true}],"defaultTo":null,"notNullable":true,"unsigned":false},{"name":"entity_id","type":"integer","args":[],"defaultTo":null,"notNullable":false,"unsigned":true},{"name":"component_id","type":"integer","args":[],"defaultTo":null,"notNullable":false,"unsigned":true},{"name":"component_type","type":"string","args":[],"defaultTo":null,"notNullable":false,"unsigned":false},{"name":"field","type":"string","args":[],"defaultTo":null,"notNullable":false,"unsigned":false},{"name":"order","type":"integer","args":[],"defaultTo":0,"notNullable":false,"unsigned":true}]},{"name":"components_sections_offers_sections_components","indexes":[{"name":"components_sections_offers_sections_field_index","columns":["field"],"type":null},{"name":"components_sections_offers_sections_component_type_index","columns":["component_type"],"type":null},{"name":"components_sections_offers_sections_entity_fk","columns":["entity_id"]}],"foreignKeys":[{"name":"components_sections_offers_sections_entity_fk","columns":["entity_id"],"referencedColumns":["id"],"referencedTable":"components_sections_offers_sections","onDelete":"CASCADE"}],"columns":[{"name":"id","type":"increments","args":[{"primary":true,"primaryKey":true}],"defaultTo":null,"notNullable":true,"unsigned":false},{"name":"entity_id","type":"integer","args":[],"defaultTo":null,"notNullable":false,"unsigned":true},{"name":"component_id","type":"integer","args":[],"defaultTo":null,"notNullable":false,"unsigned":true},{"name":"component_type","type":"string","args":[],"defaultTo":null,"notNullable":false,"unsigned":false},{"name":"field","type":"string","args":[],"defaultTo":null,"notNullable":false,"unsigned":false},{"name":"order","type":"integer","args":[],"defaultTo":0,"notNullable":false,"unsigned":true}]},{"name":"components_shared_seos_components","indexes":[{"name":"components_shared_seos_field_index","columns":["field"],"type":null},{"name":"components_shared_seos_component_type_index","columns":["component_type"],"type":null},{"name":"components_shared_seos_entity_fk","columns":["entity_id"]}],"foreignKeys":[{"name":"components_shared_seos_entity_fk","columns":["entity_id"],"referencedColumns":["id"],"referencedTable":"components_shared_seos","onDelete":"CASCADE"}],"columns":[{"name":"id","type":"increments","args":[{"primary":true,"primaryKey":true}],"defaultTo":null,"notNullable":true,"unsigned":false},{"name":"entity_id","type":"integer","args":[],"defaultTo":null,"notNullable":false,"unsigned":true},{"name":"component_id","type":"integer","args":[],"defaultTo":null,"notNullable":false,"unsigned":true},{"name":"component_type","type":"string","args":[],"defaultTo":null,"notNullable":false,"unsigned":false},{"name":"field","type":"string","args":[],"defaultTo":null,"notNullable":false,"unsigned":false},{"name":"order","type":"integer","args":[],"defaultTo":0,"notNullable":false,"unsigned":true}]}]}',1657889103157,'70d5bf8e7da26e718685da4255865d74');
CREATE TABLE `strapi_core_store_settings` (`id` integer not null primary key autoincrement, `key` varchar(255) null, `value` text null, `type` varchar(255) null, `environment` varchar(255) null, `tag` varchar(255) null);
INSERT INTO strapi_core_store_settings VALUES(1,'strapi_content_types_schema','{"admin::permission":{"collectionName":"admin_permissions","info":{"name":"Permission","description":"","singularName":"permission","pluralName":"permissions","displayName":"Permission"},"options":{},"pluginOptions":{"content-manager":{"visible":false},"content-type-builder":{"visible":false}},"attributes":{"action":{"type":"string","minLength":1,"configurable":false,"required":true},"subject":{"type":"string","minLength":1,"configurable":false,"required":false},"properties":{"type":"json","configurable":false,"required":false,"default":{}},"conditions":{"type":"json","configurable":false,"required":false,"default":[]},"role":{"configurable":false,"type":"relation","relation":"manyToOne","inversedBy":"permissions","target":"admin::role"},"createdAt":{"type":"datetime"},"updatedAt":{"type":"datetime"},"createdBy":{"type":"relation","relation":"oneToOne","target":"admin::user","configurable":false,"writable":false,"visible":false,"useJoinTable":false,"private":true},"updatedBy":{"type":"relation","relation":"oneToOne","target":"admin::user","configurable":false,"writable":false,"visible":false,"useJoinTable":false,"private":true}},"kind":"collectionType","__schema__":{"collectionName":"admin_permissions","info":{"name":"Permission","description":"","singularName":"permission","pluralName":"permissions","displayName":"Permission"},"options":{},"pluginOptions":{"content-manager":{"visible":false},"content-type-builder":{"visible":false}},"attributes":{"action":{"type":"string","minLength":1,"configurable":false,"required":true},"subject":{"type":"string","minLength":1,"configurable":false,"required":false},"properties":{"type":"json","configurable":false,"required":false,"default":{}},"conditions":{"type":"json","configurable":false,"required":false,"default":[]},"role":{"configurable":false,"type":"relation","relation":"manyToOne","inversedBy":"permissions","target":"admin::role"}},"kind":"collectionType"},"modelType":"contentType","modelName":"permission","connection":"default","uid":"admin::permission","plugin":"admin","globalId":"AdminPermission"},"admin::user":{"collectionName":"admin_users","info":{"name":"User","description":"","singularName":"user","pluralName":"users","displayName":"User"},"pluginOptions":{"content-manager":{"visible":false},"content-type-builder":{"visible":false}},"attributes":{"firstname":{"type":"string","unique":false,"minLength":1,"configurable":false,"required":false},"lastname":{"type":"string","unique":false,"minLength":1,"configurable":false,"required":false},"username":{"type":"string","unique":false,"configurable":false,"required":false},"email":{"type":"email","minLength":6,"configurable":false,"required":true,"unique":true,"private":true},"password":{"type":"password","minLength":6,"configurable":false,"required":false,"private":true},"resetPasswordToken":{"type":"string","configurable":false,"private":true},"registrationToken":{"type":"string","configurable":false,"private":true},"isActive":{"type":"boolean","default":false,"configurable":false,"private":true},"roles":{"configurable":false,"private":true,"type":"relation","relation":"manyToMany","inversedBy":"users","target":"admin::role","collectionName":"strapi_users_roles"},"blocked":{"type":"boolean","default":false,"configurable":false,"private":true},"preferedLanguage":{"type":"string","configurable":false,"required":false},"createdAt":{"type":"datetime"},"updatedAt":{"type":"datetime"},"createdBy":{"type":"relation","relation":"oneToOne","target":"admin::user","configurable":false,"writable":false,"visible":false,"useJoinTable":false,"private":true},"updatedBy":{"type":"relation","relation":"oneToOne","target":"admin::user","configurable":false,"writable":false,"visible":false,"useJoinTable":false,"private":true}},"kind":"collectionType","__schema__":{"collectionName":"admin_users","info":{"name":"User","description":"","singularName":"user","pluralName":"users","displayName":"User"},"pluginOptions":{"content-manager":{"visible":false},"content-type-builder":{"visible":false}},"attributes":{"firstname":{"type":"string","unique":false,"minLength":1,"configurable":false,"required":false},"lastname":{"type":"string","unique":false,"minLength":1,"configurable":false,"required":false},"username":{"type":"string","unique":false,"configurable":false,"required":false},"email":{"type":"email","minLength":6,"configurable":false,"required":true,"unique":true,"private":true},"password":{"type":"password","minLength":6,"configurable":false,"required":false,"private":true},"resetPasswordToken":{"type":"string","configurable":false,"private":true},"registrationToken":{"type":"string","configurable":false,"private":true},"isActive":{"type":"boolean","default":false,"configurable":false,"private":true},"roles":{"configurable":false,"private":true,"type":"relation","relation":"manyToMany","inversedBy":"users","target":"admin::role","collectionName":"strapi_users_roles"},"blocked":{"type":"boolean","default":false,"configurable":false,"private":true},"preferedLanguage":{"type":"string","configurable":false,"required":false}},"kind":"collectionType"},"modelType":"contentType","modelName":"user","connection":"default","uid":"admin::user","plugin":"admin","globalId":"AdminUser"},"admin::role":{"collectionName":"admin_roles","info":{"name":"Role","description":"","singularName":"role","pluralName":"roles","displayName":"Role"},"options":{},"pluginOptions":{"content-manager":{"visible":false},"content-type-builder":{"visible":false}},"attributes":{"name":{"type":"string","minLength":1,"unique":true,"configurable":false,"required":true},"code":{"type":"string","minLength":1,"unique":true,"configurable":false,"required":true},"description":{"type":"string","configurable":false},"users":{"configurable":false,"type":"relation","relation":"manyToMany","mappedBy":"roles","target":"admin::user"},"permissions":{"configurable":false,"type":"relation","relation":"oneToMany","mappedBy":"role","target":"admin::permission"},"createdAt":{"type":"datetime"},"updatedAt":{"type":"datetime"},"createdBy":{"type":"relation","relation":"oneToOne","target":"admin::user","configurable":false,"writable":false,"visible":false,"useJoinTable":false,"private":true},"updatedBy":{"type":"relation","relation":"oneToOne","target":"admin::user","configurable":false,"writable":false,"visible":false,"useJoinTable":false,"private":true}},"kind":"collectionType","__schema__":{"collectionName":"admin_roles","info":{"name":"Role","description":"","singularName":"role","pluralName":"roles","displayName":"Role"},"options":{},"pluginOptions":{"content-manager":{"visible":false},"content-type-builder":{"visible":false}},"attributes":{"name":{"type":"string","minLength":1,"unique":true,"configurable":false,"required":true},"code":{"type":"string","minLength":1,"unique":true,"configurable":false,"required":true},"description":{"type":"string","configurable":false},"users":{"configurable":false,"type":"relation","relation":"manyToMany","mappedBy":"roles","target":"admin::user"},"permissions":{"configurable":false,"type":"relation","relation":"oneToMany","mappedBy":"role","target":"admin::permission"}},"kind":"collectionType"},"modelType":"contentType","modelName":"role","connection":"default","uid":"admin::role","plugin":"admin","globalId":"AdminRole"},"admin::api-token":{"collectionName":"strapi_api_tokens","info":{"name":"Api Token","singularName":"api-token","pluralName":"api-tokens","displayName":"Api Token","description":""},"options":{},"pluginOptions":{"content-manager":{"visible":false},"content-type-builder":{"visible":false}},"attributes":{"name":{"type":"string","minLength":1,"configurable":false,"required":true},"description":{"type":"string","minLength":1,"configurable":false,"required":false,"default":""},"type":{"type":"enumeration","enum":["read-only","full-access"],"configurable":false,"required":false,"default":"read-only"},"accessKey":{"type":"string","minLength":1,"configurable":false,"required":true},"createdAt":{"type":"datetime"},"updatedAt":{"type":"datetime"},"createdBy":{"type":"relation","relation":"oneToOne","target":"admin::user","configurable":false,"writable":false,"visible":false,"useJoinTable":false,"private":true},"updatedBy":{"type":"relation","relation":"oneToOne","target":"admin::user","configurable":false,"writable":false,"visible":false,"useJoinTable":false,"private":true}},"kind":"collectionType","__schema__":{"collectionName":"strapi_api_tokens","info":{"name":"Api Token","singularName":"api-token","pluralName":"api-tokens","displayName":"Api Token","description":""},"options":{},"pluginOptions":{"content-manager":{"visible":false},"content-type-builder":{"visible":false}},"attributes":{"name":{"type":"string","minLength":1,"configurable":false,"required":true},"description":{"type":"string","minLength":1,"configurable":false,"required":false,"default":""},"type":{"type":"enumeration","enum":["read-only","full-access"],"configurable":false,"required":false,"default":"read-only"},"accessKey":{"type":"string","minLength":1,"configurable":false,"required":true}},"kind":"collectionType"},"modelType":"contentType","modelName":"api-token","connection":"default","uid":"admin::api-token","plugin":"admin","globalId":"AdminApiToken"},"api::page.page":{"kind":"collectionType","collectionName":"pages","info":{"singularName":"page","pluralName":"pages","displayName":"Page","description":""},"options":{"draftAndPublish":true},"pluginOptions":{"i18n":{"localized":true}},"attributes":{"Title":{"pluginOptions":{"i18n":{"localized":true}},"type":"string"},"slug":{"pluginOptions":{"i18n":{"localized":true}},"type":"uid","targetField":"Title"},"SEO":{"type":"component","repeatable":true,"pluginOptions":{"i18n":{"localized":true}},"component":"shared.seo"},"sections":{"pluginOptions":{"i18n":{"localized":true}},"type":"dynamiczone","components":["sections.article","sections.hero","sections.offers-section","sections.rich-text","sections.news-carrousel"]},"createdAt":{"type":"datetime"},"updatedAt":{"type":"datetime"},"publishedAt":{"type":"datetime","configurable":false,"writable":true,"visible":false},"createdBy":{"type":"relation","relation":"oneToOne","target":"admin::user","configurable":false,"writable":false,"visible":false,"useJoinTable":false,"private":true},"updatedBy":{"type":"relation","relation":"oneToOne","target":"admin::user","configurable":false,"writable":false,"visible":false,"useJoinTable":false,"private":true},"localizations":{"writable":true,"private":false,"configurable":false,"visible":false,"type":"relation","relation":"oneToMany","target":"api::page.page"},"locale":{"writable":true,"private":false,"configurable":false,"visible":false,"type":"string"},"sitemap_exclude":{"writable":true,"private":true,"configurable":false,"visible":false,"default":false,"type":"boolean"}},"__schema__":{"collectionName":"pages","info":{"singularName":"page","pluralName":"pages","displayName":"Page","description":""},"options":{"draftAndPublish":true},"pluginOptions":{"i18n":{"localized":true}},"attributes":{"Title":{"pluginOptions":{"i18n":{"localized":true}},"type":"string"},"slug":{"pluginOptions":{"i18n":{"localized":true}},"type":"uid","targetField":"Title"},"SEO":{"type":"component","repeatable":true,"pluginOptions":{"i18n":{"localized":true}},"component":"shared.seo"},"sections":{"pluginOptions":{"i18n":{"localized":true}},"type":"dynamiczone","components":["sections.article","sections.hero","sections.offers-section","sections.rich-text","sections.news-carrousel"]}},"kind":"collectionType"},"modelType":"contentType","modelName":"page","connection":"default","uid":"api::page.page","apiName":"page","globalId":"Page","actions":{},"lifecycles":{}},"api::post.post":{"kind":"collectionType","collectionName":"posts","info":{"singularName":"post","pluralName":"posts","displayName":"Post","description":""},"options":{"draftAndPublish":true},"pluginOptions":{},"attributes":{"title":{"type":"string"},"description":{"type":"text"},"author":{"type":"relation","relation":"oneToOne","target":"admin::user"},"content":{"type":"richtext"},"seo":{"type":"component","repeatable":false,"component":"shared.seo"},"slug":{"type":"uid","targetField":"title"},"createdAt":{"type":"datetime"},"updatedAt":{"type":"datetime"},"publishedAt":{"type":"datetime","configurable":false,"writable":true,"visible":false},"createdBy":{"type":"relation","relation":"oneToOne","target":"admin::user","configurable":false,"writable":false,"visible":false,"useJoinTable":false,"private":true},"updatedBy":{"type":"relation","relation":"oneToOne","target":"admin::user","configurable":false,"writable":false,"visible":false,"useJoinTable":false,"private":true},"sitemap_exclude":{"writable":true,"private":true,"configurable":false,"visible":false,"default":false,"type":"boolean"}},"__schema__":{"collectionName":"posts","info":{"singularName":"post","pluralName":"posts","displayName":"Post","description":""},"options":{"draftAndPublish":true},"pluginOptions":{},"attributes":{"title":{"type":"string"},"description":{"type":"text"},"author":{"type":"relation","relation":"oneToOne","target":"admin::user"},"content":{"type":"richtext"},"seo":{"type":"component","repeatable":false,"component":"shared.seo"},"slug":{"type":"uid","targetField":"title"}},"kind":"collectionType"},"modelType":"contentType","modelName":"post","connection":"default","uid":"api::post.post","apiName":"post","globalId":"Post","actions":{},"lifecycles":{}},"plugin::upload.file":{"collectionName":"files","info":{"singularName":"file","pluralName":"files","displayName":"File","description":""},"options":{},"pluginOptions":{"content-manager":{"visible":false},"content-type-builder":{"visible":false}},"attributes":{"name":{"type":"string","configurable":false,"required":true},"alternativeText":{"type":"string","configurable":false},"caption":{"type":"string","configurable":false},"width":{"type":"integer","configurable":false},"height":{"type":"integer","configurable":false},"formats":{"type":"json","configurable":false},"hash":{"type":"string","configurable":false,"required":true},"ext":{"type":"string","configurable":false},"mime":{"type":"string","configurable":false,"required":true},"size":{"type":"decimal","configurable":false,"required":true},"url":{"type":"string","configurable":false,"required":true},"previewUrl":{"type":"string","configurable":false},"provider":{"type":"string","configurable":false,"required":true},"provider_metadata":{"type":"json","configurable":false},"related":{"type":"relation","relation":"morphToMany","configurable":false},"createdAt":{"type":"datetime"},"updatedAt":{"type":"datetime"},"createdBy":{"type":"relation","relation":"oneToOne","target":"admin::user","configurable":false,"writable":false,"visible":false,"useJoinTable":false,"private":true},"updatedBy":{"type":"relation","relation":"oneToOne","target":"admin::user","configurable":false,"writable":false,"visible":false,"useJoinTable":false,"private":true},"sitemap_exclude":{"writable":true,"private":true,"configurable":false,"visible":false,"default":false,"type":"boolean"}},"kind":"collectionType","__schema__":{"collectionName":"files","info":{"singularName":"file","pluralName":"files","displayName":"File","description":""},"options":{},"pluginOptions":{"content-manager":{"visible":false},"content-type-builder":{"visible":false}},"attributes":{"name":{"type":"string","configurable":false,"required":true},"alternativeText":{"type":"string","configurable":false},"caption":{"type":"string","configurable":false},"width":{"type":"integer","configurable":false},"height":{"type":"integer","configurable":false},"formats":{"type":"json","configurable":false},"hash":{"type":"string","configurable":false,"required":true},"ext":{"type":"string","configurable":false},"mime":{"type":"string","configurable":false,"required":true},"size":{"type":"decimal","configurable":false,"required":true},"url":{"type":"string","configurable":false,"required":true},"previewUrl":{"type":"string","configurable":false},"provider":{"type":"string","configurable":false,"required":true},"provider_metadata":{"type":"json","configurable":false},"related":{"type":"relation","relation":"morphToMany","configurable":false}},"kind":"collectionType"},"modelType":"contentType","modelName":"file","connection":"default","uid":"plugin::upload.file","plugin":"upload","globalId":"UploadFile"},"plugin::i18n.locale":{"info":{"singularName":"locale","pluralName":"locales","collectionName":"locales","displayName":"Locale","description":""},"options":{"draftAndPublish":false},"pluginOptions":{"content-manager":{"visible":false},"content-type-builder":{"visible":false}},"attributes":{"name":{"type":"string","min":1,"max":50,"configurable":false},"code":{"type":"string","unique":true,"configurable":false},"createdAt":{"type":"datetime"},"updatedAt":{"type":"datetime"},"createdBy":{"type":"relation","relation":"oneToOne","target":"admin::user","configurable":false,"writable":false,"visible":false,"useJoinTable":false,"private":true},"updatedBy":{"type":"relation","relation":"oneToOne","target":"admin::user","configurable":false,"writable":false,"visible":false,"useJoinTable":false,"private":true}},"kind":"collectionType","__schema__":{"info":{"singularName":"locale","pluralName":"locales","collectionName":"locales","displayName":"Locale","description":""},"options":{"draftAndPublish":false},"pluginOptions":{"content-manager":{"visible":false},"content-type-builder":{"visible":false}},"attributes":{"name":{"type":"string","min":1,"max":50,"configurable":false},"code":{"type":"string","unique":true,"configurable":false}},"kind":"collectionType"},"modelType":"contentType","modelName":"locale","connection":"default","uid":"plugin::i18n.locale","plugin":"i18n","collectionName":"i18n_locale","globalId":"I18NLocale"},"plugin::users-permissions.permission":{"collectionName":"up_permissions","info":{"name":"permission","description":"","singularName":"permission","pluralName":"permissions","displayName":"Permission"},"pluginOptions":{"content-manager":{"visible":false},"content-type-builder":{"visible":false}},"attributes":{"action":{"type":"string","required":true,"configurable":false},"role":{"type":"relation","relation":"manyToOne","target":"plugin::users-permissions.role","inversedBy":"permissions","configurable":false},"createdAt":{"type":"datetime"},"updatedAt":{"type":"datetime"},"createdBy":{"type":"relation","relation":"oneToOne","target":"admin::user","configurable":false,"writable":false,"visible":false,"useJoinTable":false,"private":true},"updatedBy":{"type":"relation","relation":"oneToOne","target":"admin::user","configurable":false,"writable":false,"visible":false,"useJoinTable":false,"private":true}},"kind":"collectionType","__schema__":{"collectionName":"up_permissions","info":{"name":"permission","description":"","singularName":"permission","pluralName":"permissions","displayName":"Permission"},"pluginOptions":{"content-manager":{"visible":false},"content-type-builder":{"visible":false}},"attributes":{"action":{"type":"string","required":true,"configurable":false},"role":{"type":"relation","relation":"manyToOne","target":"plugin::users-permissions.role","inversedBy":"permissions","configurable":false}},"kind":"collectionType"},"modelType":"contentType","modelName":"permission","connection":"default","uid":"plugin::users-permissions.permission","plugin":"users-permissions","globalId":"UsersPermissionsPermission"},"plugin::users-permissions.role":{"collectionName":"up_roles","info":{"name":"role","description":"","singularName":"role","pluralName":"roles","displayName":"Role"},"pluginOptions":{"content-manager":{"visible":false},"content-type-builder":{"visible":false}},"attributes":{"name":{"type":"string","minLength":3,"required":true,"configurable":false},"description":{"type":"string","configurable":false},"type":{"type":"string","unique":true,"configurable":false},"permissions":{"type":"relation","relation":"oneToMany","target":"plugin::users-permissions.permission","mappedBy":"role","configurable":false},"users":{"type":"relation","relation":"oneToMany","target":"plugin::users-permissions.user","mappedBy":"role","configurable":false},"createdAt":{"type":"datetime"},"updatedAt":{"type":"datetime"},"createdBy":{"type":"relation","relation":"oneToOne","target":"admin::user","configurable":false,"writable":false,"visible":false,"useJoinTable":false,"private":true},"updatedBy":{"type":"relation","relation":"oneToOne","target":"admin::user","configurable":false,"writable":false,"visible":false,"useJoinTable":false,"private":true}},"kind":"collectionType","__schema__":{"collectionName":"up_roles","info":{"name":"role","description":"","singularName":"role","pluralName":"roles","displayName":"Role"},"pluginOptions":{"content-manager":{"visible":false},"content-type-builder":{"visible":false}},"attributes":{"name":{"type":"string","minLength":3,"required":true,"configurable":false},"description":{"type":"string","configurable":false},"type":{"type":"string","unique":true,"configurable":false},"permissions":{"type":"relation","relation":"oneToMany","target":"plugin::users-permissions.permission","mappedBy":"role","configurable":false},"users":{"type":"relation","relation":"oneToMany","target":"plugin::users-permissions.user","mappedBy":"role","configurable":false}},"kind":"collectionType"},"modelType":"contentType","modelName":"role","connection":"default","uid":"plugin::users-permissions.role","plugin":"users-permissions","globalId":"UsersPermissionsRole"},"plugin::users-permissions.user":{"collectionName":"up_users","info":{"name":"user","description":"","singularName":"user","pluralName":"users","displayName":"User"},"options":{"draftAndPublish":false,"timestamps":true},"attributes":{"username":{"type":"string","minLength":3,"unique":true,"configurable":false,"required":true},"email":{"type":"email","minLength":6,"configurable":false,"required":true},"provider":{"type":"string","configurable":false},"password":{"type":"password","minLength":6,"configurable":false,"private":true},"resetPasswordToken":{"type":"string","configurable":false,"private":true},"confirmationToken":{"type":"string","configurable":false,"private":true},"confirmed":{"type":"boolean","default":false,"configurable":false},"blocked":{"type":"boolean","default":false,"configurable":false},"role":{"type":"relation","relation":"manyToOne","target":"plugin::users-permissions.role","inversedBy":"users","configurable":false},"createdAt":{"type":"datetime"},"updatedAt":{"type":"datetime"},"createdBy":{"type":"relation","relation":"oneToOne","target":"admin::user","configurable":false,"writable":false,"visible":false,"useJoinTable":false,"private":true},"updatedBy":{"type":"relation","relation":"oneToOne","target":"admin::user","configurable":false,"writable":false,"visible":false,"useJoinTable":false,"private":true},"sitemap_exclude":{"writable":true,"private":true,"configurable":false,"visible":false,"default":false,"type":"boolean"}},"config":{"attributes":{"resetPasswordToken":{"hidden":true},"confirmationToken":{"hidden":true},"provider":{"hidden":true}}},"kind":"collectionType","__schema__":{"collectionName":"up_users","info":{"name":"user","description":"","singularName":"user","pluralName":"users","displayName":"User"},"options":{"draftAndPublish":false,"timestamps":true},"attributes":{"username":{"type":"string","minLength":3,"unique":true,"configurable":false,"required":true},"email":{"type":"email","minLength":6,"configurable":false,"required":true},"provider":{"type":"string","configurable":false},"password":{"type":"password","minLength":6,"configurable":false,"private":true},"resetPasswordToken":{"type":"string","configurable":false,"private":true},"confirmationToken":{"type":"string","configurable":false,"private":true},"confirmed":{"type":"boolean","default":false,"configurable":false},"blocked":{"type":"boolean","default":false,"configurable":false},"role":{"type":"relation","relation":"manyToOne","target":"plugin::users-permissions.role","inversedBy":"users","configurable":false}},"kind":"collectionType"},"modelType":"contentType","modelName":"user","connection":"default","uid":"plugin::users-permissions.user","plugin":"users-permissions","globalId":"UsersPermissionsUser"},"plugin::navigation.audience":{"collectionName":"audience","info":{"singularName":"audience","pluralName":"audiences","displayName":"Audience","name":"audience"},"options":{"increments":true,"comment":"Audience"},"attributes":{"name":{"type":"string","required":true},"key":{"type":"uid","targetField":"name"},"createdAt":{"type":"datetime"},"updatedAt":{"type":"datetime"},"createdBy":{"type":"relation","relation":"oneToOne","target":"admin::user","configurable":false,"writable":false,"visible":false,"useJoinTable":false,"private":true},"updatedBy":{"type":"relation","relation":"oneToOne","target":"admin::user","configurable":false,"writable":false,"visible":false,"useJoinTable":false,"private":true},"sitemap_exclude":{"writable":true,"private":true,"configurable":false,"visible":false,"default":false,"type":"boolean"}},"kind":"collectionType","__schema__":{"collectionName":"audience","info":{"singularName":"audience","pluralName":"audiences","displayName":"Audience","name":"audience"},"options":{"increments":true,"comment":"Audience"},"attributes":{"name":{"type":"string","required":true},"key":{"type":"uid","targetField":"name"}},"kind":"collectionType"},"modelType":"contentType","modelName":"audience","connection":"default","uid":"plugin::navigation.audience","plugin":"navigation","globalId":"NavigationAudience"},"plugin::navigation.navigation":{"collectionName":"navigations","info":{"singularName":"navigation","pluralName":"navigations","displayName":"Navigation","name":"navigation"},"options":{"increments":true,"comment":""},"pluginOptions":{"content-manager":{"visible":false},"content-type-builder":{"visible":false}},"attributes":{"name":{"type":"text","configurable":false,"required":true},"slug":{"type":"uid","target":"name","configurable":false,"required":true},"visible":{"type":"boolean","default":false,"configurable":false},"items":{"type":"relation","relation":"oneToMany","target":"plugin::navigation.navigation-item","configurable":false},"localizations":{"type":"relation","relation":"oneToMany","target":"plugin::navigation.navigation"},"localeCode":{"type":"string"},"createdAt":{"type":"datetime"},"updatedAt":{"type":"datetime"},"createdBy":{"type":"relation","relation":"oneToOne","target":"admin::user","configurable":false,"writable":false,"visible":false,"useJoinTable":false,"private":true},"updatedBy":{"type":"relation","relation":"oneToOne","target":"admin::user","configurable":false,"writable":false,"visible":false,"useJoinTable":false,"private":true},"sitemap_exclude":{"writable":true,"private":true,"configurable":false,"visible":false,"default":false,"type":"boolean"}},"kind":"collectionType","__schema__":{"collectionName":"navigations","info":{"singularName":"navigation","pluralName":"navigations","displayName":"Navigation","name":"navigation"},"options":{"increments":true,"comment":""},"pluginOptions":{"content-manager":{"visible":false},"content-type-builder":{"visible":false}},"attributes":{"name":{"type":"text","configurable":false,"required":true},"slug":{"type":"uid","target":"name","configurable":false,"required":true},"visible":{"type":"boolean","default":false,"configurable":false},"items":{"type":"relation","relation":"oneToMany","target":"plugin::navigation.navigation-item","configurable":false},"localizations":{"type":"relation","relation":"oneToMany","target":"plugin::navigation.navigation"},"localeCode":{"type":"string"}},"kind":"collectionType"},"modelType":"contentType","modelName":"navigation","connection":"default","uid":"plugin::navigation.navigation","plugin":"navigation","globalId":"NavigationNavigation"},"plugin::navigation.navigation-item":{"collectionName":"navigations_items","info":{"singularName":"navigation-item","pluralName":"navigation-items","displayName":"Navigation Item","name":"navigation-item"},"options":{"increments":true,"timestamps":true,"comment":"Navigation Item"},"pluginOptions":{"content-manager":{"visible":false},"content-type-builder":{"visible":false},"i18n":{"localized":false}},"attributes":{"title":{"type":"text","configurable":false,"required":true,"pluginOptions":{"i18n":{"localized":false}}},"type":{"type":"enumeration","enum":["INTERNAL","EXTERNAL","WRAPPER"],"default":"INTERNAL","configurable":false},"path":{"type":"text","targetField":"title","configurable":false},"externalPath":{"type":"text","configurable":false},"uiRouterKey":{"type":"string","configurable":false},"menuAttached":{"type":"boolean","default":false,"configurable":false},"order":{"type":"integer","default":0,"configurable":false},"collapsed":{"type":"boolean","default":false,"configurable":false},"related":{"type":"relation","relation":"oneToOne","target":"plugin::navigation.navigations-items-related","configurable":false},"parent":{"type":"relation","relation":"oneToOne","target":"plugin::navigation.navigation-item","configurable":false,"default":null},"master":{"type":"relation","relation":"manyToOne","target":"plugin::navigation.navigation","configurable":false},"audience":{"type":"relation","relation":"oneToMany","target":"plugin::navigation.audience"},"createdAt":{"type":"datetime"},"updatedAt":{"type":"datetime"},"createdBy":{"type":"relation","relation":"oneToOne","target":"admin::user","configurable":false,"writable":false,"visible":false,"useJoinTable":false,"private":true},"updatedBy":{"type":"relation","relation":"oneToOne","target":"admin::user","configurable":false,"writable":false,"visible":false,"useJoinTable":false,"private":true},"sitemap_exclude":{"writable":true,"private":true,"configurable":false,"visible":false,"default":false,"type":"boolean"}},"kind":"collectionType","__schema__":{"collectionName":"navigations_items","info":{"singularName":"navigation-item","pluralName":"navigation-items","displayName":"Navigation Item","name":"navigation-item"},"options":{"increments":true,"timestamps":true,"comment":"Navigation Item"},"pluginOptions":{"content-manager":{"visible":false},"content-type-builder":{"visible":false},"i18n":{"localized":false}},"attributes":{"title":{"type":"text","configurable":false,"required":true,"pluginOptions":{"i18n":{"localized":false}}},"type":{"type":"enumeration","enum":["INTERNAL","EXTERNAL","WRAPPER"],"default":"INTERNAL","configurable":false},"path":{"type":"text","targetField":"title","configurable":false},"externalPath":{"type":"text","configurable":false},"uiRouterKey":{"type":"string","configurable":false},"menuAttached":{"type":"boolean","default":false,"configurable":false},"order":{"type":"integer","default":0,"configurable":false},"collapsed":{"type":"boolean","default":false,"configurable":false},"related":{"type":"relation","relation":"oneToOne","target":"plugin::navigation.navigations-items-related","configurable":false},"parent":{"type":"relation","relation":"oneToOne","target":"plugin::navigation.navigation-item","configurable":false,"default":null},"master":{"type":"relation","relation":"manyToOne","target":"plugin::navigation.navigation","configurable":false},"audience":{"type":"relation","relation":"oneToMany","target":"plugin::navigation.audience"}},"kind":"collectionType"},"modelType":"contentType","modelName":"navigation-item","connection":"default","uid":"plugin::navigation.navigation-item","plugin":"navigation","globalId":"NavigationNavigationItem"},"plugin::navigation.navigations-items-related":{"collectionName":"navigations_items_related","info":{"singularName":"navigations-items-related","pluralName":"navigations-items-relateds","displayName":"Navigations Items Related","name":"navigations_items_related"},"options":{"increments":true,"timestamps":false,"populateCreatorFields":false},"pluginOptions":{"content-manager":{"visible":false},"content-type-builder":{"visible":false},"i18n":{"localized":false}},"attributes":{"related_id":{"type":"string","required":true},"related_type":{"type":"string","required":true},"field":{"type":"string","required":true},"order":{"type":"integer","required":true},"master":{"type":"string","required":true},"createdAt":{"type":"datetime"},"updatedAt":{"type":"datetime"},"createdBy":{"type":"relation","relation":"oneToOne","target":"admin::user","configurable":false,"writable":false,"visible":false,"useJoinTable":false,"private":true},"updatedBy":{"type":"relation","relation":"oneToOne","target":"admin::user","configurable":false,"writable":false,"visible":false,"useJoinTable":false,"private":true},"sitemap_exclude":{"writable":true,"private":true,"configurable":false,"visible":false,"default":false,"type":"boolean"}},"kind":"collectionType","__schema__":{"collectionName":"navigations_items_related","info":{"singularName":"navigations-items-related","pluralName":"navigations-items-relateds","displayName":"Navigations Items Related","name":"navigations_items_related"},"options":{"increments":true,"timestamps":false,"populateCreatorFields":false},"pluginOptions":{"content-manager":{"visible":false},"content-type-builder":{"visible":false},"i18n":{"localized":false}},"attributes":{"related_id":{"type":"string","required":true},"related_type":{"type":"string","required":true},"field":{"type":"string","required":true},"order":{"type":"integer","required":true},"master":{"type":"string","required":true}},"kind":"collectionType"},"modelType":"contentType","modelName":"navigations-items-related","connection":"default","uid":"plugin::navigation.navigations-items-related","plugin":"navigation","globalId":"NavigationNavigationsItemsRelated"},"plugin::strapi-stripe.strapi-stripe-product":{"info":{"tableName":"StrapiStripeProduct","singularName":"strapi-stripe-product","pluralName":"strapi-stripe-products","displayName":"Product","description":"Stripe Products","kind":"collectionType"},"options":{"draftAndPublish":false},"pluginOptions":{"content-manager":{"visible":false},"content-type-builder":{"visible":false}},"attributes":{"title":{"type":"string","min":1,"required":true,"configurable":false},"slug":{"type":"uid","targetField":"title","unique":true,"required":true,"configurable":false},"description":{"type":"string","min":1,"required":true,"configurable":false},"price":{"type":"decimal","required":true,"configurable":false},"currency":{"type":"string","min":1,"required":true,"configurable":false},"productImage":{"type":"media","required":true,"configurable":false},"isSubscription":{"type":"boolean","default":false,"configurable":false},"interval":{"type":"string","configurable":false},"trialPeriodDays":{"type":"integer","configurable":false},"stripeProductId":{"type":"string","min":3,"required":true,"configurable":false},"stripePriceId":{"type":"string","min":3,"configurable":false},"stripePlanId":{"type":"string","min":3,"configurable":false},"stripePayment":{"type":"relation","relation":"oneToMany","target":"plugin::strapi-stripe.strapi-stripe-payment","mappedBy":"stripeProduct","configurable":false},"createdAt":{"type":"datetime"},"updatedAt":{"type":"datetime"},"createdBy":{"type":"relation","relation":"oneToOne","target":"admin::user","configurable":false,"writable":false,"visible":false,"useJoinTable":false,"private":true},"updatedBy":{"type":"relation","relation":"oneToOne","target":"admin::user","configurable":false,"writable":false,"visible":false,"useJoinTable":false,"private":true},"sitemap_exclude":{"writable":true,"private":true,"configurable":false,"visible":false,"default":false,"type":"boolean"}},"kind":"collectionType","__schema__":{"info":{"tableName":"StrapiStripeProduct","singularName":"strapi-stripe-product","pluralName":"strapi-stripe-products","displayName":"Product","description":"Stripe Products","kind":"collectionType"},"options":{"draftAndPublish":false},"pluginOptions":{"content-manager":{"visible":false},"content-type-builder":{"visible":false}},"attributes":{"title":{"type":"string","min":1,"required":true,"configurable":false},"slug":{"type":"uid","targetField":"title","unique":true,"required":true,"configurable":false},"description":{"type":"string","min":1,"required":true,"configurable":false},"price":{"type":"decimal","required":true,"configurable":false},"currency":{"type":"string","min":1,"required":true,"configurable":false},"productImage":{"type":"media","required":true,"configurable":false},"isSubscription":{"type":"boolean","default":false,"configurable":false},"interval":{"type":"string","configurable":false},"trialPeriodDays":{"type":"integer","configurable":false},"stripeProductId":{"type":"string","min":3,"required":true,"configurable":false},"stripePriceId":{"type":"string","min":3,"configurable":false},"stripePlanId":{"type":"string","min":3,"configurable":false},"stripePayment":{"type":"relation","relation":"oneToMany","target":"plugin::strapi-stripe.strapi-stripe-payment","mappedBy":"stripeProduct","configurable":false}},"kind":"collectionType"},"modelType":"contentType","modelName":"strapi-stripe-product","connection":"default","uid":"plugin::strapi-stripe.strapi-stripe-product","plugin":"strapi-stripe","collectionName":"strapi-stripe_strapi-stripe-product","globalId":"StrapiStripeStrapiStripeProduct"},"plugin::strapi-stripe.strapi-stripe-payment":{"info":{"tableName":"StrapiStripePayment","singularName":"strapi-stripe-payment","pluralName":"strapi-stripe-payments","displayName":"Payment","description":"Stripe Payment","kind":"collectionType"},"options":{"draftAndPublish":false},"pluginOptions":{"content-manager":{"visible":false},"content-type-builder":{"visible":false}},"attributes":{"txnDate":{"type":"datetime","required":true,"configurable":false},"transactionId":{"type":"string","maxLength":250,"required":true,"configurable":false},"isTxnSuccessful":{"type":"boolean","default":false,"configurable":false},"txnMessage":{"type":"string","maxLength":5000,"configurable":false},"txnErrorMessage":{"type":"string","maxLength":250,"configurable":false},"txnAmount":{"type":"decimal","required":true,"configurable":false},"customerName":{"type":"string","required":true,"configurable":false},"customerEmail":{"type":"string","required":true,"configurable":false},"stripeProduct":{"type":"relation","relation":"manyToOne","target":"plugin::strapi-stripe.strapi-stripe-product","inversedBy":"stripePayment","configurable":false},"createdAt":{"type":"datetime"},"updatedAt":{"type":"datetime"},"createdBy":{"type":"relation","relation":"oneToOne","target":"admin::user","configurable":false,"writable":false,"visible":false,"useJoinTable":false,"private":true},"updatedBy":{"type":"relation","relation":"oneToOne","target":"admin::user","configurable":false,"writable":false,"visible":false,"useJoinTable":false,"private":true},"sitemap_exclude":{"writable":true,"private":true,"configurable":false,"visible":false,"default":false,"type":"boolean"}},"kind":"collectionType","__schema__":{"info":{"tableName":"StrapiStripePayment","singularName":"strapi-stripe-payment","pluralName":"strapi-stripe-payments","displayName":"Payment","description":"Stripe Payment","kind":"collectionType"},"options":{"draftAndPublish":false},"pluginOptions":{"content-manager":{"visible":false},"content-type-builder":{"visible":false}},"attributes":{"txnDate":{"type":"datetime","required":true,"configurable":false},"transactionId":{"type":"string","maxLength":250,"required":true,"configurable":false},"isTxnSuccessful":{"type":"boolean","default":false,"configurable":false},"txnMessage":{"type":"string","maxLength":5000,"configurable":false},"txnErrorMessage":{"type":"string","maxLength":250,"configurable":false},"txnAmount":{"type":"decimal","required":true,"configurable":false},"customerName":{"type":"string","required":true,"configurable":false},"customerEmail":{"type":"string","required":true,"configurable":false},"stripeProduct":{"type":"relation","relation":"manyToOne","target":"plugin::strapi-stripe.strapi-stripe-product","inversedBy":"stripePayment","configurable":false}},"kind":"collectionType"},"modelType":"contentType","modelName":"strapi-stripe-payment","connection":"default","uid":"plugin::strapi-stripe.strapi-stripe-payment","plugin":"strapi-stripe","collectionName":"strapi-stripe_strapi-stripe-payment","globalId":"StrapiStripeStrapiStripePayment"}}','object',NULL,NULL);
INSERT INTO strapi_core_store_settings VALUES(2,'plugin_content_manager_configuration_content_types::admin::permission','{"uid":"admin::permission","settings":{"bulkable":true,"filterable":true,"searchable":true,"pageSize":10,"mainField":"action","defaultSortBy":"action","defaultSortOrder":"ASC"},"metadatas":{"id":{"edit":{},"list":{"label":"id","searchable":true,"sortable":true}},"action":{"edit":{"label":"action","description":"","placeholder":"","visible":true,"editable":true},"list":{"label":"action","searchable":true,"sortable":true}},"subject":{"edit":{"label":"subject","description":"","placeholder":"","visible":true,"editable":true},"list":{"label":"subject","searchable":true,"sortable":true}},"properties":{"edit":{"label":"properties","description":"","placeholder":"","visible":true,"editable":true},"list":{"label":"properties","searchable":false,"sortable":false}},"conditions":{"edit":{"label":"conditions","description":"","placeholder":"","visible":true,"editable":true},"list":{"label":"conditions","searchable":false,"sortable":false}},"role":{"edit":{"label":"role","description":"","placeholder":"","visible":true,"editable":true,"mainField":"name"},"list":{"label":"role","searchable":true,"sortable":true}},"createdAt":{"edit":{"label":"createdAt","description":"","placeholder":"","visible":false,"editable":true},"list":{"label":"createdAt","searchable":true,"sortable":true}},"updatedAt":{"edit":{"label":"updatedAt","description":"","placeholder":"","visible":false,"editable":true},"list":{"label":"updatedAt","searchable":true,"sortable":true}}},"layouts":{"list":["id","action","subject","role"],"editRelations":["role"],"edit":[[{"name":"action","size":6},{"name":"subject","size":6}],[{"name":"properties","size":12}],[{"name":"conditions","size":12}]]}}','object',NULL,NULL);
INSERT INTO strapi_core_store_settings VALUES(3,'plugin_content_manager_configuration_content_types::admin::user','{"uid":"admin::user","settings":{"bulkable":true,"filterable":true,"searchable":true,"pageSize":10,"mainField":"firstname","defaultSortBy":"firstname","defaultSortOrder":"ASC"},"metadatas":{"id":{"edit":{},"list":{"label":"id","searchable":true,"sortable":true}},"firstname":{"edit":{"label":"firstname","description":"","placeholder":"","visible":true,"editable":true},"list":{"label":"firstname","searchable":true,"sortable":true}},"lastname":{"edit":{"label":"lastname","description":"","placeholder":"","visible":true,"editable":true},"list":{"label":"lastname","searchable":true,"sortable":true}},"username":{"edit":{"label":"username","description":"","placeholder":"","visible":true,"editable":true},"list":{"label":"username","searchable":true,"sortable":true}},"email":{"edit":{"label":"email","description":"","placeholder":"","visible":true,"editable":true},"list":{"label":"email","searchable":true,"sortable":true}},"password":{"edit":{"label":"password","description":"","placeholder":"","visible":true,"editable":true},"list":{"label":"password","searchable":true,"sortable":true}},"resetPasswordToken":{"edit":{"label":"resetPasswordToken","description":"","placeholder":"","visible":true,"editable":true},"list":{"label":"resetPasswordToken","searchable":true,"sortable":true}},"registrationToken":{"edit":{"label":"registrationToken","description":"","placeholder":"","visible":true,"editable":true},"list":{"label":"registrationToken","searchable":true,"sortable":true}},"isActive":{"edit":{"label":"isActive","description":"","placeholder":"","visible":true,"editable":true},"list":{"label":"isActive","searchable":true,"sortable":true}},"roles":{"edit":{"label":"roles","description":"","placeholder":"","visible":true,"editable":true,"mainField":"name"},"list":{"label":"roles","searchable":false,"sortable":false}},"blocked":{"edit":{"label":"blocked","description":"","placeholder":"","visible":true,"editable":true},"list":{"label":"blocked","searchable":true,"sortable":true}},"preferedLanguage":{"edit":{"label":"preferedLanguage","description":"","placeholder":"","visible":true,"editable":true},"list":{"label":"preferedLanguage","searchable":true,"sortable":true}},"createdAt":{"edit":{"label":"createdAt","description":"","placeholder":"","visible":false,"editable":true},"list":{"label":"createdAt","searchable":true,"sortable":true}},"updatedAt":{"edit":{"label":"updatedAt","description":"","placeholder":"","visible":false,"editable":true},"list":{"label":"updatedAt","searchable":true,"sortable":true}}},"layouts":{"list":["id","firstname","lastname","username"],"editRelations":["roles"],"edit":[[{"name":"firstname","size":6},{"name":"lastname","size":6}],[{"name":"username","size":6},{"name":"email","size":6}],[{"name":"password","size":6},{"name":"resetPasswordToken","size":6}],[{"name":"registrationToken","size":6},{"name":"isActive","size":4}],[{"name":"blocked","size":4},{"name":"preferedLanguage","size":6}]]}}','object',NULL,NULL);
INSERT INTO strapi_core_store_settings VALUES(4,'plugin_content_manager_configuration_content_types::admin::role','{"uid":"admin::role","settings":{"bulkable":true,"filterable":true,"searchable":true,"pageSize":10,"mainField":"name","defaultSortBy":"name","defaultSortOrder":"ASC"},"metadatas":{"id":{"edit":{},"list":{"label":"id","searchable":true,"sortable":true}},"name":{"edit":{"label":"name","description":"","placeholder":"","visible":true,"editable":true},"list":{"label":"name","searchable":true,"sortable":true}},"code":{"edit":{"label":"code","description":"","placeholder":"","visible":true,"editable":true},"list":{"label":"code","searchable":true,"sortable":true}},"description":{"edit":{"label":"description","description":"","placeholder":"","visible":true,"editable":true},"list":{"label":"description","searchable":true,"sortable":true}},"users":{"edit":{"label":"users","description":"","placeholder":"","visible":true,"editable":true,"mainField":"firstname"},"list":{"label":"users","searchable":false,"sortable":false}},"permissions":{"edit":{"label":"permissions","description":"","placeholder":"","visible":true,"editable":true,"mainField":"action"},"list":{"label":"permissions","searchable":false,"sortable":false}},"createdAt":{"edit":{"label":"createdAt","description":"","placeholder":"","visible":false,"editable":true},"list":{"label":"createdAt","searchable":true,"sortable":true}},"updatedAt":{"edit":{"label":"updatedAt","description":"","placeholder":"","visible":false,"editable":true},"list":{"label":"updatedAt","searchable":true,"sortable":true}}},"layouts":{"list":["id","name","code","description"],"editRelations":["users","permissions"],"edit":[[{"name":"name","size":6},{"name":"code","size":6}],[{"name":"description","size":6}]]}}','object',NULL,NULL);
INSERT INTO strapi_core_store_settings VALUES(5,'plugin_content_manager_configuration_content_types::admin::api-token','{"uid":"admin::api-token","settings":{"bulkable":true,"filterable":true,"searchable":true,"pageSize":10,"mainField":"name","defaultSortBy":"name","defaultSortOrder":"ASC"},"metadatas":{"id":{"edit":{},"list":{"label":"id","searchable":true,"sortable":true}},"name":{"edit":{"label":"name","description":"","placeholder":"","visible":true,"editable":true},"list":{"label":"name","searchable":true,"sortable":true}},"description":{"edit":{"label":"description","description":"","placeholder":"","visible":true,"editable":true},"list":{"label":"description","searchable":true,"sortable":true}},"type":{"edit":{"label":"type","description":"","placeholder":"","visible":true,"editable":true},"list":{"label":"type","searchable":true,"sortable":true}},"accessKey":{"edit":{"label":"accessKey","description":"","placeholder":"","visible":true,"editable":true},"list":{"label":"accessKey","searchable":true,"sortable":true}},"createdAt":{"edit":{"label":"createdAt","description":"","placeholder":"","visible":false,"editable":true},"list":{"label":"createdAt","searchable":true,"sortable":true}},"updatedAt":{"edit":{"label":"updatedAt","description":"","placeholder":"","visible":false,"editable":true},"list":{"label":"updatedAt","searchable":true,"sortable":true}}},"layouts":{"list":["id","name","description","type"],"editRelations":[],"edit":[[{"name":"name","size":6},{"name":"description","size":6}],[{"name":"type","size":6},{"name":"accessKey","size":6}]]}}','object',NULL,NULL);
INSERT INTO strapi_core_store_settings VALUES(6,'plugin_content_manager_configuration_content_types::plugin::upload.file','{"uid":"plugin::upload.file","settings":{"bulkable":true,"filterable":true,"searchable":true,"pageSize":10,"mainField":"name","defaultSortBy":"name","defaultSortOrder":"ASC"},"metadatas":{"id":{"edit":{},"list":{"label":"id","searchable":true,"sortable":true}},"name":{"edit":{"label":"name","description":"","placeholder":"","visible":true,"editable":true},"list":{"label":"name","searchable":true,"sortable":true}},"alternativeText":{"edit":{"label":"alternativeText","description":"","placeholder":"","visible":true,"editable":true},"list":{"label":"alternativeText","searchable":true,"sortable":true}},"caption":{"edit":{"label":"caption","description":"","placeholder":"","visible":true,"editable":true},"list":{"label":"caption","searchable":true,"sortable":true}},"width":{"edit":{"label":"width","description":"","placeholder":"","visible":true,"editable":true},"list":{"label":"width","searchable":true,"sortable":true}},"height":{"edit":{"label":"height","description":"","placeholder":"","visible":true,"editable":true},"list":{"label":"height","searchable":true,"sortable":true}},"formats":{"edit":{"label":"formats","description":"","placeholder":"","visible":true,"editable":true},"list":{"label":"formats","searchable":false,"sortable":false}},"hash":{"edit":{"label":"hash","description":"","placeholder":"","visible":true,"editable":true},"list":{"label":"hash","searchable":true,"sortable":true}},"ext":{"edit":{"label":"ext","description":"","placeholder":"","visible":true,"editable":true},"list":{"label":"ext","searchable":true,"sortable":true}},"mime":{"edit":{"label":"mime","description":"","placeholder":"","visible":true,"editable":true},"list":{"label":"mime","searchable":true,"sortable":true}},"size":{"edit":{"label":"size","description":"","placeholder":"","visible":true,"editable":true},"list":{"label":"size","searchable":true,"sortable":true}},"url":{"edit":{"label":"url","description":"","placeholder":"","visible":true,"editable":true},"list":{"label":"url","searchable":true,"sortable":true}},"previewUrl":{"edit":{"label":"previewUrl","description":"","placeholder":"","visible":true,"editable":true},"list":{"label":"previewUrl","searchable":true,"sortable":true}},"provider":{"edit":{"label":"provider","description":"","placeholder":"","visible":true,"editable":true},"list":{"label":"provider","searchable":true,"sortable":true}},"provider_metadata":{"edit":{"label":"provider_metadata","description":"","placeholder":"","visible":true,"editable":true},"list":{"label":"provider_metadata","searchable":false,"sortable":false}},"createdAt":{"edit":{"label":"createdAt","description":"","placeholder":"","visible":false,"editable":true},"list":{"label":"createdAt","searchable":true,"sortable":true}},"updatedAt":{"edit":{"label":"updatedAt","description":"","placeholder":"","visible":false,"editable":true},"list":{"label":"updatedAt","searchable":true,"sortable":true}}},"layouts":{"list":["id","name","alternativeText","caption"],"editRelations":[],"edit":[[{"name":"name","size":6},{"name":"alternativeText","size":6}],[{"name":"caption","size":6},{"name":"width","size":4}],[{"name":"height","size":4}],[{"name":"formats","size":12}],[{"name":"hash","size":6},{"name":"ext","size":6}],[{"name":"mime","size":6},{"name":"size","size":4}],[{"name":"url","size":6},{"name":"previewUrl","size":6}],[{"name":"provider","size":6}],[{"name":"provider_metadata","size":12}]]}}','object',NULL,NULL);
INSERT INTO strapi_core_store_settings VALUES(7,'plugin_content_manager_configuration_content_types::plugin::users-permissions.permission','{"uid":"plugin::users-permissions.permission","settings":{"bulkable":true,"filterable":true,"searchable":true,"pageSize":10,"mainField":"action","defaultSortBy":"action","defaultSortOrder":"ASC"},"metadatas":{"id":{"edit":{},"list":{"label":"id","searchable":true,"sortable":true}},"action":{"edit":{"label":"action","description":"","placeholder":"","visible":true,"editable":true},"list":{"label":"action","searchable":true,"sortable":true}},"role":{"edit":{"label":"role","description":"","placeholder":"","visible":true,"editable":true,"mainField":"name"},"list":{"label":"role","searchable":true,"sortable":true}},"createdAt":{"edit":{"label":"createdAt","description":"","placeholder":"","visible":false,"editable":true},"list":{"label":"createdAt","searchable":true,"sortable":true}},"updatedAt":{"edit":{"label":"updatedAt","description":"","placeholder":"","visible":false,"editable":true},"list":{"label":"updatedAt","searchable":true,"sortable":true}}},"layouts":{"list":["id","action","role","createdAt"],"editRelations":["role"],"edit":[[{"name":"action","size":6}]]}}','object',NULL,NULL);
INSERT INTO strapi_core_store_settings VALUES(8,'plugin_content_manager_configuration_content_types::plugin::users-permissions.role','{"uid":"plugin::users-permissions.role","settings":{"bulkable":true,"filterable":true,"searchable":true,"pageSize":10,"mainField":"name","defaultSortBy":"name","defaultSortOrder":"ASC"},"metadatas":{"id":{"edit":{},"list":{"label":"id","searchable":true,"sortable":true}},"name":{"edit":{"label":"name","description":"","placeholder":"","visible":true,"editable":true},"list":{"label":"name","searchable":true,"sortable":true}},"description":{"edit":{"label":"description","description":"","placeholder":"","visible":true,"editable":true},"list":{"label":"description","searchable":true,"sortable":true}},"type":{"edit":{"label":"type","description":"","placeholder":"","visible":true,"editable":true},"list":{"label":"type","searchable":true,"sortable":true}},"permissions":{"edit":{"label":"permissions","description":"","placeholder":"","visible":true,"editable":true,"mainField":"action"},"list":{"label":"permissions","searchable":false,"sortable":false}},"users":{"edit":{"label":"users","description":"","placeholder":"","visible":true,"editable":true,"mainField":"username"},"list":{"label":"users","searchable":false,"sortable":false}},"createdAt":{"edit":{"label":"createdAt","description":"","placeholder":"","visible":false,"editable":true},"list":{"label":"createdAt","searchable":true,"sortable":true}},"updatedAt":{"edit":{"label":"updatedAt","description":"","placeholder":"","visible":false,"editable":true},"list":{"label":"updatedAt","searchable":true,"sortable":true}}},"layouts":{"list":["id","name","description","type"],"editRelations":["permissions","users"],"edit":[[{"name":"name","size":6},{"name":"description","size":6}],[{"name":"type","size":6}]]}}','object',NULL,NULL);
INSERT INTO strapi_core_store_settings VALUES(9,'plugin_content_manager_configuration_content_types::plugin::users-permissions.user','{"uid":"plugin::users-permissions.user","settings":{"bulkable":true,"filterable":true,"searchable":true,"pageSize":10,"mainField":"username","defaultSortBy":"username","defaultSortOrder":"ASC"},"metadatas":{"id":{"edit":{},"list":{"label":"id","searchable":true,"sortable":true}},"username":{"edit":{"label":"username","description":"","placeholder":"","visible":true,"editable":true},"list":{"label":"username","searchable":true,"sortable":true}},"email":{"edit":{"label":"email","description":"","placeholder":"","visible":true,"editable":true},"list":{"label":"email","searchable":true,"sortable":true}},"provider":{"edit":{"label":"provider","description":"","placeholder":"","visible":false,"editable":true},"list":{"label":"provider","searchable":true,"sortable":true}},"password":{"edit":{"label":"password","description":"","placeholder":"","visible":true,"editable":true},"list":{"label":"password","searchable":true,"sortable":true}},"resetPasswordToken":{"edit":{"label":"resetPasswordToken","description":"","placeholder":"","visible":false,"editable":true},"list":{"label":"resetPasswordToken","searchable":true,"sortable":true}},"confirmationToken":{"edit":{"label":"confirmationToken","description":"","placeholder":"","visible":false,"editable":true},"list":{"label":"confirmationToken","searchable":true,"sortable":true}},"confirmed":{"edit":{"label":"confirmed","description":"","placeholder":"","visible":true,"editable":true},"list":{"label":"confirmed","searchable":true,"sortable":true}},"blocked":{"edit":{"label":"blocked","description":"","placeholder":"","visible":true,"editable":true},"list":{"label":"blocked","searchable":true,"sortable":true}},"role":{"edit":{"label":"role","description":"","placeholder":"","visible":true,"editable":true,"mainField":"name"},"list":{"label":"role","searchable":true,"sortable":true}},"createdAt":{"edit":{"label":"createdAt","description":"","placeholder":"","visible":false,"editable":true},"list":{"label":"createdAt","searchable":true,"sortable":true}},"updatedAt":{"edit":{"label":"updatedAt","description":"","placeholder":"","visible":false,"editable":true},"list":{"label":"updatedAt","searchable":true,"sortable":true}}},"layouts":{"list":["id","username","email","confirmed"],"editRelations":["role"],"edit":[[{"name":"username","size":6},{"name":"email","size":6}],[{"name":"password","size":6},{"name":"confirmed","size":4}],[{"name":"blocked","size":4}]]}}','object',NULL,NULL);
INSERT INTO strapi_core_store_settings VALUES(10,'plugin_content_manager_configuration_content_types::plugin::i18n.locale','{"uid":"plugin::i18n.locale","settings":{"bulkable":true,"filterable":true,"searchable":true,"pageSize":10,"mainField":"name","defaultSortBy":"name","defaultSortOrder":"ASC"},"metadatas":{"id":{"edit":{},"list":{"label":"id","searchable":true,"sortable":true}},"name":{"edit":{"label":"name","description":"","placeholder":"","visible":true,"editable":true},"list":{"label":"name","searchable":true,"sortable":true}},"code":{"edit":{"label":"code","description":"","placeholder":"","visible":true,"editable":true},"list":{"label":"code","searchable":true,"sortable":true}},"createdAt":{"edit":{"label":"createdAt","description":"","placeholder":"","visible":false,"editable":true},"list":{"label":"createdAt","searchable":true,"sortable":true}},"updatedAt":{"edit":{"label":"updatedAt","description":"","placeholder":"","visible":false,"editable":true},"list":{"label":"updatedAt","searchable":true,"sortable":true}}},"layouts":{"list":["id","name","code","createdAt"],"editRelations":[],"edit":[[{"name":"name","size":6},{"name":"code","size":6}]]}}','object',NULL,NULL);
INSERT INTO strapi_core_store_settings VALUES(11,'plugin_upload_settings','{"sizeOptimization":true,"responsiveDimensions":true,"autoOrientation":false}','object',NULL,NULL);
INSERT INTO strapi_core_store_settings VALUES(12,'plugin_users-permissions_grant','{"email":{"enabled":true,"icon":"envelope"},"discord":{"enabled":false,"icon":"discord","key":"","secret":"","callback":"api/auth/discord/callback","scope":["identify","email"]},"facebook":{"enabled":false,"icon":"facebook-square","key":"","secret":"","callback":"api/auth/facebook/callback","scope":["email"]},"google":{"enabled":false,"icon":"google","key":"","secret":"","callback":"api/auth/google/callback","scope":["email"]},"github":{"enabled":false,"icon":"github","key":"","secret":"","callback":"api/auth/github/callback","scope":["user","user:email"]},"microsoft":{"enabled":false,"icon":"windows","key":"","secret":"","callback":"api/auth/microsoft/callback","scope":["user.read"]},"twitter":{"enabled":false,"icon":"twitter","key":"","secret":"","callback":"api/auth/twitter/callback"},"instagram":{"enabled":false,"icon":"instagram","key":"","secret":"","callback":"api/auth/instagram/callback","scope":["user_profile"]},"vk":{"enabled":false,"icon":"vk","key":"","secret":"","callback":"api/auth/vk/callback","scope":["email"]},"twitch":{"enabled":false,"icon":"twitch","key":"","secret":"","callback":"api/auth/twitch/callback","scope":["user:read:email"]},"linkedin":{"enabled":false,"icon":"linkedin","key":"","secret":"","callback":"api/auth/linkedin/callback","scope":["r_liteprofile","r_emailaddress"]},"cognito":{"enabled":false,"icon":"aws","key":"","secret":"","subdomain":"my.subdomain.com","callback":"api/auth/cognito/callback","scope":["email","openid","profile"]},"reddit":{"enabled":false,"icon":"reddit","key":"","secret":"","state":true,"callback":"api/auth/reddit/callback","scope":["identity"]},"auth0":{"enabled":false,"icon":"","key":"","secret":"","subdomain":"my-tenant.eu","callback":"api/auth/auth0/callback","scope":["openid","email","profile"]},"cas":{"enabled":false,"icon":"book","key":"","secret":"","callback":"api/auth/cas/callback","scope":["openid email"],"subdomain":"my.subdomain.com/cas"}}','object',NULL,NULL);
INSERT INTO strapi_core_store_settings VALUES(13,'plugin_users-permissions_email','{"reset_password":{"display":"Email.template.reset_password","icon":"sync","options":{"from":{"name":"Administration Panel","email":"no-reply@strapi.io"},"response_email":"","object":"Reset password","message":"<p>We heard that you lost your password. Sorry about that!</p>\n\n<p>But dont worry! You can use the following link to reset your password:</p>\n<p><%= URL %>?code=<%= TOKEN %></p>\n\n<p>Thanks.</p>"}},"email_confirmation":{"display":"Email.template.email_confirmation","icon":"check-square","options":{"from":{"name":"Administration Panel","email":"no-reply@strapi.io"},"response_email":"","object":"Account confirmation","message":"<p>Thank you for registering!</p>\n\n<p>You have to confirm your email address. Please click on the link below.</p>\n\n<p><%= URL %>?confirmation=<%= CODE %></p>\n\n<p>Thanks.</p>"}}}','object',NULL,NULL);
INSERT INTO strapi_core_store_settings VALUES(14,'plugin_users-permissions_advanced','{"unique_email":true,"allow_register":true,"email_confirmation":false,"email_reset_password":null,"email_confirmation_redirection":null,"default_role":"authenticated"}','object',NULL,NULL);
INSERT INTO strapi_core_store_settings VALUES(15,'plugin_i18n_default_locale','"en"','string',NULL,NULL);
INSERT INTO strapi_core_store_settings VALUES(16,'core_admin_auth','{"providers":{"autoRegister":false,"defaultRole":null}}','object',NULL,NULL);
INSERT INTO strapi_core_store_settings VALUES(17,'plugin_content_manager_configuration_content_types::plugin::navigation.audience','{"uid":"plugin::navigation.audience","settings":{"bulkable":true,"filterable":true,"searchable":true,"pageSize":10,"mainField":"name","defaultSortBy":"name","defaultSortOrder":"ASC"},"metadatas":{"id":{"edit":{},"list":{"label":"id","searchable":true,"sortable":true}},"name":{"edit":{"label":"name","description":"","placeholder":"","visible":true,"editable":true},"list":{"label":"name","searchable":true,"sortable":true}},"key":{"edit":{"label":"key","description":"","placeholder":"","visible":true,"editable":true},"list":{"label":"key","searchable":true,"sortable":true}},"createdAt":{"edit":{"label":"createdAt","description":"","placeholder":"","visible":false,"editable":true},"list":{"label":"createdAt","searchable":true,"sortable":true}},"updatedAt":{"edit":{"label":"updatedAt","description":"","placeholder":"","visible":false,"editable":true},"list":{"label":"updatedAt","searchable":true,"sortable":true}}},"layouts":{"list":["id","name","key","createdAt"],"editRelations":[],"edit":[[{"name":"name","size":6},{"name":"key","size":6}]]}}','object',NULL,NULL);
INSERT INTO strapi_core_store_settings VALUES(18,'plugin_content_manager_configuration_content_types::plugin::navigation.navigation','{"uid":"plugin::navigation.navigation","settings":{"bulkable":true,"filterable":true,"searchable":true,"pageSize":10,"mainField":"localeCode","defaultSortBy":"localeCode","defaultSortOrder":"ASC"},"metadatas":{"id":{"edit":{},"list":{"label":"id","searchable":true,"sortable":true}},"name":{"edit":{"label":"name","description":"","placeholder":"","visible":true,"editable":true},"list":{"label":"name","searchable":true,"sortable":true}},"slug":{"edit":{"label":"slug","description":"","placeholder":"","visible":true,"editable":true},"list":{"label":"slug","searchable":true,"sortable":true}},"visible":{"edit":{"label":"visible","description":"","placeholder":"","visible":true,"editable":true},"list":{"label":"visible","searchable":true,"sortable":true}},"items":{"edit":{"label":"items","description":"","placeholder":"","visible":true,"editable":true,"mainField":"uiRouterKey"},"list":{"label":"items","searchable":false,"sortable":false}},"localizations":{"edit":{"label":"localizations","description":"","placeholder":"","visible":true,"editable":true,"mainField":"localeCode"},"list":{"label":"localizations","searchable":false,"sortable":false}},"localeCode":{"edit":{"label":"localeCode","description":"","placeholder":"","visible":true,"editable":true},"list":{"label":"localeCode","searchable":true,"sortable":true}},"createdAt":{"edit":{"label":"createdAt","description":"","placeholder":"","visible":false,"editable":true},"list":{"label":"createdAt","searchable":true,"sortable":true}},"updatedAt":{"edit":{"label":"updatedAt","description":"","placeholder":"","visible":false,"editable":true},"list":{"label":"updatedAt","searchable":true,"sortable":true}}},"layouts":{"list":["id","name","slug","visible"],"editRelations":["items","localizations"],"edit":[[{"name":"name","size":6},{"name":"slug","size":6}],[{"name":"visible","size":4},{"name":"localeCode","size":6}]]}}','object',NULL,NULL);
INSERT INTO strapi_core_store_settings VALUES(19,'plugin_content_manager_configuration_content_types::plugin::navigation.navigation-item','{"uid":"plugin::navigation.navigation-item","settings":{"bulkable":true,"filterable":true,"searchable":true,"pageSize":10,"mainField":"uiRouterKey","defaultSortBy":"uiRouterKey","defaultSortOrder":"ASC"},"metadatas":{"id":{"edit":{},"list":{"label":"id","searchable":true,"sortable":true}},"title":{"edit":{"label":"title","description":"","placeholder":"","visible":true,"editable":true},"list":{"label":"title","searchable":true,"sortable":true}},"type":{"edit":{"label":"type","description":"","placeholder":"","visible":true,"editable":true},"list":{"label":"type","searchable":true,"sortable":true}},"path":{"edit":{"label":"path","description":"","placeholder":"","visible":true,"editable":true},"list":{"label":"path","searchable":true,"sortable":true}},"externalPath":{"edit":{"label":"externalPath","description":"","placeholder":"","visible":true,"editable":true},"list":{"label":"externalPath","searchable":true,"sortable":true}},"uiRouterKey":{"edit":{"label":"uiRouterKey","description":"","placeholder":"","visible":true,"editable":true},"list":{"label":"uiRouterKey","searchable":true,"sortable":true}},"menuAttached":{"edit":{"label":"menuAttached","description":"","placeholder":"","visible":true,"editable":true},"list":{"label":"menuAttached","searchable":true,"sortable":true}},"order":{"edit":{"label":"order","description":"","placeholder":"","visible":true,"editable":true},"list":{"label":"order","searchable":true,"sortable":true}},"collapsed":{"edit":{"label":"collapsed","description":"","placeholder":"","visible":true,"editable":true},"list":{"label":"collapsed","searchable":true,"sortable":true}},"related":{"edit":{"label":"related","description":"","placeholder":"","visible":true,"editable":true,"mainField":"related_id"},"list":{"label":"related","searchable":true,"sortable":true}},"parent":{"edit":{"label":"parent","description":"","placeholder":"","visible":true,"editable":true,"mainField":"uiRouterKey"},"list":{"label":"parent","searchable":true,"sortable":true}},"master":{"edit":{"label":"master","description":"","placeholder":"","visible":true,"editable":true,"mainField":"localeCode"},"list":{"label":"master","searchable":true,"sortable":true}},"audience":{"edit":{"label":"audience","description":"","placeholder":"","visible":true,"editable":true,"mainField":"name"},"list":{"label":"audience","searchable":false,"sortable":false}},"createdAt":{"edit":{"label":"createdAt","description":"","placeholder":"","visible":false,"editable":true},"list":{"label":"createdAt","searchable":true,"sortable":true}},"updatedAt":{"edit":{"label":"updatedAt","description":"","placeholder":"","visible":false,"editable":true},"list":{"label":"updatedAt","searchable":true,"sortable":true}}},"layouts":{"list":["id","title","type","path"],"editRelations":["related","parent","master","audience"],"edit":[[{"name":"title","size":6},{"name":"type","size":6}],[{"name":"path","size":6},{"name":"externalPath","size":6}],[{"name":"uiRouterKey","size":6},{"name":"menuAttached","size":4}],[{"name":"order","size":4},{"name":"collapsed","size":4}]]}}','object',NULL,NULL);
INSERT INTO strapi_core_store_settings VALUES(20,'plugin_content_manager_configuration_content_types::plugin::navigation.navigations-items-related','{"uid":"plugin::navigation.navigations-items-related","settings":{"bulkable":true,"filterable":true,"searchable":true,"pageSize":10,"mainField":"related_id","defaultSortBy":"related_id","defaultSortOrder":"ASC"},"metadatas":{"id":{"edit":{},"list":{"label":"id","searchable":true,"sortable":true}},"related_id":{"edit":{"label":"related_id","description":"","placeholder":"","visible":true,"editable":true},"list":{"label":"related_id","searchable":true,"sortable":true}},"related_type":{"edit":{"label":"related_type","description":"","placeholder":"","visible":true,"editable":true},"list":{"label":"related_type","searchable":true,"sortable":true}},"field":{"edit":{"label":"field","description":"","placeholder":"","visible":true,"editable":true},"list":{"label":"field","searchable":true,"sortable":true}},"order":{"edit":{"label":"order","description":"","placeholder":"","visible":true,"editable":true},"list":{"label":"order","searchable":true,"sortable":true}},"master":{"edit":{"label":"master","description":"","placeholder":"","visible":true,"editable":true},"list":{"label":"master","searchable":true,"sortable":true}},"createdAt":{"edit":{"label":"createdAt","description":"","placeholder":"","visible":false,"editable":true},"list":{"label":"createdAt","searchable":true,"sortable":true}},"updatedAt":{"edit":{"label":"updatedAt","description":"","placeholder":"","visible":false,"editable":true},"list":{"label":"updatedAt","searchable":true,"sortable":true}}},"layouts":{"list":["id","related_id","related_type","field"],"editRelations":[],"edit":[[{"name":"related_id","size":6},{"name":"related_type","size":6}],[{"name":"field","size":6},{"name":"order","size":4}],[{"name":"master","size":6}]]}}','object',NULL,NULL);
INSERT INTO strapi_core_store_settings VALUES(21,'plugin_navigation_config','{"additionalFields":["audience"],"contentTypes":["api::page.page","api::home.home","plugin::upload.file"],"contentTypesNameFields":{"default":["title","subject","name"]},"contentTypesPopulate":{},"allowedLevels":2,"gql":{"navigationItemRelated":["Page","Home","UploadFile"]},"i18nEnabled":true,"pruneObsoleteI18nNavigations":false}','object',NULL,NULL);
INSERT INTO strapi_core_store_settings VALUES(24,'plugin_sitemap_settings','{"hostname":"","includeHomepage":true,"excludeDrafts":true,"hostname_overrides":{},"contentTypes":{},"customEntries":{}}','object',NULL,NULL);
INSERT INTO strapi_core_store_settings VALUES(31,'plugin_content_manager_configuration_components::shared.meta-social','{"uid":"shared.meta-social","settings":{"bulkable":true,"filterable":true,"searchable":true,"pageSize":10,"mainField":"title","defaultSortBy":"title","defaultSortOrder":"ASC"},"metadatas":{"id":{"edit":{},"list":{"label":"id","searchable":false,"sortable":false}},"socialNetwork":{"edit":{"label":"socialNetwork","description":"","placeholder":"","visible":true,"editable":true},"list":{"label":"socialNetwork","searchable":true,"sortable":true}},"title":{"edit":{"label":"title","description":"","placeholder":"","visible":true,"editable":true},"list":{"label":"title","searchable":true,"sortable":true}},"description":{"edit":{"label":"description","description":"","placeholder":"","visible":true,"editable":true},"list":{"label":"description","searchable":true,"sortable":true}},"image":{"edit":{"label":"image","description":"","placeholder":"","visible":true,"editable":true},"list":{"label":"image","searchable":false,"sortable":false}}},"layouts":{"list":["id","socialNetwork","title","description"],"edit":[[{"name":"socialNetwork","size":6},{"name":"title","size":6}],[{"name":"description","size":6},{"name":"image","size":6}]],"editRelations":[]},"isComponent":true}','object',NULL,NULL);
INSERT INTO strapi_core_store_settings VALUES(32,'plugin_content_manager_configuration_components::shared.seo','{"uid":"shared.seo","settings":{"bulkable":true,"filterable":true,"searchable":true,"pageSize":10,"mainField":"metaTitle","defaultSortBy":"metaTitle","defaultSortOrder":"ASC"},"metadatas":{"id":{"edit":{},"list":{"label":"id","searchable":false,"sortable":false}},"metaTitle":{"edit":{"label":"metaTitle","description":"","placeholder":"","visible":true,"editable":true},"list":{"label":"metaTitle","searchable":true,"sortable":true}},"metaDescription":{"edit":{"label":"metaDescription","description":"","placeholder":"","visible":true,"editable":true},"list":{"label":"metaDescription","searchable":true,"sortable":true}},"metaImage":{"edit":{"label":"metaImage","description":"","placeholder":"","visible":true,"editable":true},"list":{"label":"metaImage","searchable":false,"sortable":false}},"metaSocial":{"edit":{"label":"metaSocial","description":"","placeholder":"","visible":true,"editable":true},"list":{"label":"metaSocial","searchable":false,"sortable":false}},"keywords":{"edit":{"label":"keywords","description":"","placeholder":"","visible":true,"editable":true},"list":{"label":"keywords","searchable":true,"sortable":true}},"metaRobots":{"edit":{"label":"metaRobots","description":"","placeholder":"","visible":true,"editable":true},"list":{"label":"metaRobots","searchable":true,"sortable":true}},"structuredData":{"edit":{"label":"structuredData","description":"","placeholder":"","visible":true,"editable":true},"list":{"label":"structuredData","searchable":false,"sortable":false}},"metaViewport":{"edit":{"label":"metaViewport","description":"","placeholder":"","visible":true,"editable":true},"list":{"label":"metaViewport","searchable":true,"sortable":true}},"canonicalURL":{"edit":{"label":"canonicalURL","description":"","placeholder":"","visible":true,"editable":true},"list":{"label":"canonicalURL","searchable":true,"sortable":true}}},"layouts":{"list":["id","metaTitle","metaDescription","metaImage"],"edit":[[{"name":"metaTitle","size":6},{"name":"metaDescription","size":6}],[{"name":"metaImage","size":6}],[{"name":"metaSocial","size":12}],[{"name":"keywords","size":6},{"name":"metaRobots","size":6}],[{"name":"structuredData","size":12}],[{"name":"metaViewport","size":6},{"name":"canonicalURL","size":6}]],"editRelations":[]},"isComponent":true}','object',NULL,NULL);
INSERT INTO strapi_core_store_settings VALUES(34,'plugin_content_manager_configuration_content_types::api::page.page','{"uid":"api::page.page","settings":{"bulkable":true,"filterable":true,"searchable":true,"pageSize":20,"mainField":"Title","defaultSortBy":"slug","defaultSortOrder":"ASC"},"metadatas":{"id":{"edit":{},"list":{"label":"id","searchable":true,"sortable":true}},"Title":{"edit":{"label":"Title","description":"","placeholder":"","visible":true,"editable":true},"list":{"label":"Title","searchable":true,"sortable":true}},"slug":{"edit":{"label":"slug","description":"","placeholder":"","visible":true,"editable":true},"list":{"label":"slug","searchable":true,"sortable":true}},"SEO":{"edit":{"label":"SEO","description":"","placeholder":"","visible":true,"editable":true},"list":{"label":"SEO","searchable":false,"sortable":false}},"sections":{"edit":{"label":"sections","description":"","placeholder":"","visible":true,"editable":true},"list":{"label":"sections","searchable":false,"sortable":false}},"createdAt":{"edit":{"label":"createdAt","description":"","placeholder":"","visible":false,"editable":true},"list":{"label":"createdAt","searchable":true,"sortable":true}},"updatedAt":{"edit":{"label":"updatedAt","description":"","placeholder":"","visible":false,"editable":true},"list":{"label":"updatedAt","searchable":true,"sortable":true}}},"layouts":{"edit":[[{"name":"Title","size":6},{"name":"slug","size":6}],[{"name":"sections","size":12}],[{"name":"SEO","size":12}]],"editRelations":[],"list":["id","Title","slug","SEO"]}}','object',NULL,NULL);
INSERT INTO strapi_core_store_settings VALUES(39,'plugin_cms-analyzer_settings','{"seo":{"enabled":false,"frontUrl":"","frontEnabled":false,"frontUrl2":"","frontEnabled2":false,"frontUrl3":"","frontEnabled3":false},"medias":{"enabled":false},"greenCms":{"enabled":false}}','object',NULL,NULL);
INSERT INTO strapi_core_store_settings VALUES(44,'plugin_content_manager_configuration_content_types::plugin::strapi-stripe.strapi-stripe-product','{"uid":"plugin::strapi-stripe.strapi-stripe-product","settings":{"bulkable":true,"filterable":true,"searchable":true,"pageSize":10,"mainField":"title","defaultSortBy":"title","defaultSortOrder":"ASC"},"metadatas":{"id":{"edit":{},"list":{"label":"id","searchable":true,"sortable":true}},"title":{"edit":{"label":"title","description":"","placeholder":"","visible":true,"editable":true},"list":{"label":"title","searchable":true,"sortable":true}},"slug":{"edit":{"label":"slug","description":"","placeholder":"","visible":true,"editable":true},"list":{"label":"slug","searchable":true,"sortable":true}},"description":{"edit":{"label":"description","description":"","placeholder":"","visible":true,"editable":true},"list":{"label":"description","searchable":true,"sortable":true}},"price":{"edit":{"label":"price","description":"","placeholder":"","visible":true,"editable":true},"list":{"label":"price","searchable":true,"sortable":true}},"currency":{"edit":{"label":"currency","description":"","placeholder":"","visible":true,"editable":true},"list":{"label":"currency","searchable":true,"sortable":true}},"productImage":{"edit":{"label":"productImage","description":"","placeholder":"","visible":true,"editable":true},"list":{"label":"productImage","searchable":false,"sortable":false}},"isSubscription":{"edit":{"label":"isSubscription","description":"","placeholder":"","visible":true,"editable":true},"list":{"label":"isSubscription","searchable":true,"sortable":true}},"interval":{"edit":{"label":"interval","description":"","placeholder":"","visible":true,"editable":true},"list":{"label":"interval","searchable":true,"sortable":true}},"trialPeriodDays":{"edit":{"label":"trialPeriodDays","description":"","placeholder":"","visible":true,"editable":true},"list":{"label":"trialPeriodDays","searchable":true,"sortable":true}},"stripeProductId":{"edit":{"label":"stripeProductId","description":"","placeholder":"","visible":true,"editable":true},"list":{"label":"stripeProductId","searchable":true,"sortable":true}},"stripePriceId":{"edit":{"label":"stripePriceId","description":"","placeholder":"","visible":true,"editable":true},"list":{"label":"stripePriceId","searchable":true,"sortable":true}},"stripePlanId":{"edit":{"label":"stripePlanId","description":"","placeholder":"","visible":true,"editable":true},"list":{"label":"stripePlanId","searchable":true,"sortable":true}},"stripePayment":{"edit":{"label":"stripePayment","description":"","placeholder":"","visible":true,"editable":true,"mainField":"transactionId"},"list":{"label":"stripePayment","searchable":false,"sortable":false}},"createdAt":{"edit":{"label":"createdAt","description":"","placeholder":"","visible":false,"editable":true},"list":{"label":"createdAt","searchable":true,"sortable":true}},"updatedAt":{"edit":{"label":"updatedAt","description":"","placeholder":"","visible":false,"editable":true},"list":{"label":"updatedAt","searchable":true,"sortable":true}}},"layouts":{"list":["id","title","slug","description"],"editRelations":["stripePayment"],"edit":[[{"name":"title","size":6},{"name":"slug","size":6}],[{"name":"description","size":6},{"name":"price","size":4}],[{"name":"currency","size":6},{"name":"productImage","size":6}],[{"name":"isSubscription","size":4},{"name":"interval","size":6}],[{"name":"trialPeriodDays","size":4},{"name":"stripeProductId","size":6}],[{"name":"stripePriceId","size":6},{"name":"stripePlanId","size":6}]]}}','object',NULL,NULL);
INSERT INTO strapi_core_store_settings VALUES(45,'plugin_content_manager_configuration_content_types::plugin::strapi-stripe.strapi-stripe-payment','{"uid":"plugin::strapi-stripe.strapi-stripe-payment","settings":{"bulkable":true,"filterable":true,"searchable":true,"pageSize":10,"mainField":"transactionId","defaultSortBy":"transactionId","defaultSortOrder":"ASC"},"metadatas":{"id":{"edit":{},"list":{"label":"id","searchable":true,"sortable":true}},"txnDate":{"edit":{"label":"txnDate","description":"","placeholder":"","visible":true,"editable":true},"list":{"label":"txnDate","searchable":true,"sortable":true}},"transactionId":{"edit":{"label":"transactionId","description":"","placeholder":"","visible":true,"editable":true},"list":{"label":"transactionId","searchable":true,"sortable":true}},"isTxnSuccessful":{"edit":{"label":"isTxnSuccessful","description":"","placeholder":"","visible":true,"editable":true},"list":{"label":"isTxnSuccessful","searchable":true,"sortable":true}},"txnMessage":{"edit":{"label":"txnMessage","description":"","placeholder":"","visible":true,"editable":true},"list":{"label":"txnMessage","searchable":true,"sortable":true}},"txnErrorMessage":{"edit":{"label":"txnErrorMessage","description":"","placeholder":"","visible":true,"editable":true},"list":{"label":"txnErrorMessage","searchable":true,"sortable":true}},"txnAmount":{"edit":{"label":"txnAmount","description":"","placeholder":"","visible":true,"editable":true},"list":{"label":"txnAmount","searchable":true,"sortable":true}},"customerName":{"edit":{"label":"customerName","description":"","placeholder":"","visible":true,"editable":true},"list":{"label":"customerName","searchable":true,"sortable":true}},"customerEmail":{"edit":{"label":"customerEmail","description":"","placeholder":"","visible":true,"editable":true},"list":{"label":"customerEmail","searchable":true,"sortable":true}},"stripeProduct":{"edit":{"label":"stripeProduct","description":"","placeholder":"","visible":true,"editable":true,"mainField":"title"},"list":{"label":"stripeProduct","searchable":true,"sortable":true}},"createdAt":{"edit":{"label":"createdAt","description":"","placeholder":"","visible":false,"editable":true},"list":{"label":"createdAt","searchable":true,"sortable":true}},"updatedAt":{"edit":{"label":"updatedAt","description":"","placeholder":"","visible":false,"editable":true},"list":{"label":"updatedAt","searchable":true,"sortable":true}}},"layouts":{"list":["id","txnDate","transactionId","isTxnSuccessful"],"editRelations":["stripeProduct"],"edit":[[{"name":"txnDate","size":6},{"name":"transactionId","size":6}],[{"name":"isTxnSuccessful","size":4},{"name":"txnMessage","size":6}],[{"name":"txnErrorMessage","size":6},{"name":"txnAmount","size":4}],[{"name":"customerName","size":6},{"name":"customerEmail","size":6}]]}}','object',NULL,NULL);
INSERT INTO strapi_core_store_settings VALUES(77,'plugin_content_manager_configuration_components::cards.news-card','{"uid":"cards.news-card","settings":{"bulkable":true,"filterable":true,"searchable":true,"pageSize":10,"mainField":"title","defaultSortBy":"title","defaultSortOrder":"ASC"},"metadatas":{"id":{"edit":{},"list":{"label":"id","searchable":false,"sortable":false}},"title":{"edit":{"label":"title","description":"","placeholder":"","visible":true,"editable":true},"list":{"label":"title","searchable":true,"sortable":true}},"description":{"edit":{"label":"description","description":"","placeholder":"","visible":true,"editable":true},"list":{"label":"description","searchable":true,"sortable":true}},"picture":{"edit":{"label":"picture","description":"","placeholder":"","visible":true,"editable":true},"list":{"label":"picture","searchable":false,"sortable":false}},"post":{"edit":{"label":"post","description":"","placeholder":"","visible":true,"editable":true,"mainField":"title"},"list":{"label":"post","searchable":true,"sortable":true}}},"layouts":{"list":["id","title","description","picture"],"edit":[[{"name":"title","size":6},{"name":"description","size":6}],[{"name":"picture","size":6},{"name":"post","size":6}]],"editRelations":[]},"isComponent":true}','object',NULL,NULL);
INSERT INTO strapi_core_store_settings VALUES(78,'plugin_content_manager_configuration_components::cards.simple-card','{"uid":"cards.simple-card","settings":{"bulkable":true,"filterable":true,"searchable":true,"pageSize":10,"mainField":"title","defaultSortBy":"title","defaultSortOrder":"ASC"},"metadatas":{"id":{"edit":{},"list":{"label":"id","searchable":false,"sortable":false}},"title":{"edit":{"label":"title","description":"","placeholder":"","visible":true,"editable":true},"list":{"label":"title","searchable":true,"sortable":true}},"description":{"edit":{"label":"description","description":"","placeholder":"","visible":true,"editable":true},"list":{"label":"description","searchable":true,"sortable":true}},"target_page":{"edit":{"label":"target_page","description":"","placeholder":"","visible":true,"editable":true,"mainField":"Title"},"list":{"label":"target_page","searchable":true,"sortable":true}},"css_classes":{"edit":{"label":"css_classes","description":"","placeholder":"","visible":true,"editable":true},"list":{"label":"css_classes","searchable":true,"sortable":true}}},"layouts":{"list":["id","title","description","target_page"],"edit":[[{"name":"title","size":6},{"name":"description","size":6}],[{"name":"target_page","size":6},{"name":"css_classes","size":6}]],"editRelations":[]},"isComponent":true}','object',NULL,NULL);
INSERT INTO strapi_core_store_settings VALUES(79,'plugin_content_manager_configuration_components::sections.article','{"uid":"sections.article","settings":{"bulkable":true,"filterable":true,"searchable":true,"pageSize":10,"mainField":"title","defaultSortBy":"title","defaultSortOrder":"ASC"},"metadatas":{"id":{"edit":{},"list":{"label":"id","searchable":false,"sortable":false}},"title":{"edit":{"label":"title","description":"","placeholder":"","visible":true,"editable":true},"list":{"label":"title","searchable":true,"sortable":true}},"published_on":{"edit":{"label":"published_on","description":"","placeholder":"","visible":true,"editable":true},"list":{"label":"published_on","searchable":true,"sortable":true}},"links":{"edit":{"label":"links","description":"","placeholder":"","visible":true,"editable":true,"mainField":"Title"},"list":{"label":"links","searchable":true,"sortable":true}},"content":{"edit":{"label":"content","description":"","placeholder":"","visible":true,"editable":true},"list":{"label":"content","searchable":false,"sortable":false}}},"layouts":{"list":["id","title","published_on","links"],"edit":[[{"name":"title","size":6},{"name":"published_on","size":4}],[{"name":"links","size":6}],[{"name":"content","size":12}]],"editRelations":[]},"isComponent":true}','object',NULL,NULL);
INSERT INTO strapi_core_store_settings VALUES(80,'plugin_content_manager_configuration_components::sections.hero','{"uid":"sections.hero","settings":{"bulkable":true,"filterable":true,"searchable":true,"pageSize":10,"mainField":"title","defaultSortBy":"title","defaultSortOrder":"ASC"},"metadatas":{"id":{"edit":{},"list":{"label":"id","searchable":false,"sortable":false}},"title":{"edit":{"label":"title","description":"","placeholder":"","visible":true,"editable":true},"list":{"label":"title","searchable":true,"sortable":true}},"label":{"edit":{"label":"label","description":"","placeholder":"","visible":true,"editable":true},"list":{"label":"label","searchable":true,"sortable":true}},"description":{"edit":{"label":"description","description":"","placeholder":"","visible":true,"editable":true},"list":{"label":"description","searchable":true,"sortable":true}},"picture":{"edit":{"label":"picture","description":"","placeholder":"","visible":true,"editable":true},"list":{"label":"picture","searchable":false,"sortable":false}},"smallTextWithLink":{"edit":{"label":"smallTextWithLink","description":"","placeholder":"","visible":true,"editable":true},"list":{"label":"smallTextWithLink","searchable":false,"sortable":false}},"buttons":{"edit":{"label":"buttons","description":"","placeholder":"","visible":true,"editable":true},"list":{"label":"buttons","searchable":false,"sortable":false}}},"layouts":{"list":["id","title","label","description"],"edit":[[{"name":"title","size":6},{"name":"label","size":6}],[{"name":"description","size":6},{"name":"picture","size":6}],[{"name":"smallTextWithLink","size":12}],[{"name":"buttons","size":12}]],"editRelations":[]},"isComponent":true}','object',NULL,NULL);
INSERT INTO strapi_core_store_settings VALUES(81,'plugin_content_manager_configuration_components::sections.news-carrousel','{"uid":"sections.news-carrousel","settings":{"bulkable":true,"filterable":true,"searchable":true,"pageSize":10,"mainField":"title","defaultSortBy":"title","defaultSortOrder":"ASC"},"metadatas":{"id":{"edit":{},"list":{"label":"id","searchable":false,"sortable":false}},"postPreviews":{"edit":{"label":"postPreviews","description":"","placeholder":"","visible":true,"editable":true},"list":{"label":"postPreviews","searchable":false,"sortable":false}},"title":{"edit":{"label":"title","description":"","placeholder":"","visible":true,"editable":true},"list":{"label":"title","searchable":true,"sortable":true}}},"layouts":{"list":["id","postPreviews","title"],"edit":[[{"name":"postPreviews","size":12}],[{"name":"title","size":6}]],"editRelations":[]},"isComponent":true}','object',NULL,NULL);
INSERT INTO strapi_core_store_settings VALUES(82,'plugin_content_manager_configuration_components::sections.offers-section','{"uid":"sections.offers-section","settings":{"bulkable":true,"filterable":true,"searchable":true,"pageSize":10,"mainField":"id","defaultSortBy":"id","defaultSortOrder":"ASC"},"metadatas":{"id":{"edit":{},"list":{"label":"id","searchable":false,"sortable":false}},"description":{"edit":{"label":"description","description":"","placeholder":"","visible":true,"editable":true},"list":{"label":"description","searchable":true,"sortable":true}},"cards":{"edit":{"label":"cards","description":"","placeholder":"","visible":true,"editable":true},"list":{"label":"cards","searchable":false,"sortable":false}}},"layouts":{"list":["id","description","cards"],"edit":[[{"name":"description","size":6}],[{"name":"cards","size":12}]],"editRelations":[]},"isComponent":true}','object',NULL,NULL);
INSERT INTO strapi_core_store_settings VALUES(83,'plugin_content_manager_configuration_components::sections.rich-text','{"uid":"sections.rich-text","settings":{"bulkable":true,"filterable":true,"searchable":true,"pageSize":10,"mainField":"id","defaultSortBy":"id","defaultSortOrder":"ASC"},"metadatas":{"id":{"edit":{},"list":{"label":"id","searchable":false,"sortable":false}},"content":{"edit":{"label":"content","description":"","placeholder":"","visible":true,"editable":true},"list":{"label":"content","searchable":false,"sortable":false}}},"layouts":{"list":["id"],"edit":[[{"name":"content","size":12}]],"editRelations":[]},"isComponent":true}','object',NULL,NULL);
INSERT INTO strapi_core_store_settings VALUES(84,'plugin_content_manager_configuration_content_types::api::post.post','{"uid":"api::post.post","settings":{"bulkable":true,"filterable":true,"searchable":true,"pageSize":10,"mainField":"title","defaultSortBy":"title","defaultSortOrder":"ASC"},"metadatas":{"id":{"edit":{},"list":{"label":"id","searchable":true,"sortable":true}},"title":{"edit":{"label":"title","description":"","placeholder":"","visible":true,"editable":true},"list":{"label":"title","searchable":true,"sortable":true}},"description":{"edit":{"label":"description","description":"","placeholder":"","visible":true,"editable":true},"list":{"label":"description","searchable":true,"sortable":true}},"author":{"edit":{"label":"author","description":"","placeholder":"","visible":true,"editable":true,"mainField":"firstname"},"list":{"label":"author","searchable":true,"sortable":true}},"content":{"edit":{"label":"content","description":"","placeholder":"","visible":true,"editable":true},"list":{"label":"content","searchable":false,"sortable":false}},"seo":{"edit":{"label":"seo","description":"","placeholder":"","visible":true,"editable":true},"list":{"label":"seo","searchable":false,"sortable":false}},"slug":{"edit":{"label":"slug","description":"","placeholder":"","visible":true,"editable":true},"list":{"label":"slug","searchable":true,"sortable":true}},"createdAt":{"edit":{"label":"createdAt","description":"","placeholder":"","visible":false,"editable":true},"list":{"label":"createdAt","searchable":true,"sortable":true}},"updatedAt":{"edit":{"label":"updatedAt","description":"","placeholder":"","visible":false,"editable":true},"list":{"label":"updatedAt","searchable":true,"sortable":true}}},"layouts":{"list":["id","title","description","author"],"editRelations":["author"],"edit":[[{"name":"title","size":6},{"name":"description","size":6}],[{"name":"content","size":12}],[{"name":"seo","size":12}],[{"name":"slug","size":6}]]}}','object',NULL,NULL);
INSERT INTO strapi_core_store_settings VALUES(92,'plugin_content_manager_configuration_components::links.button-link','{"uid":"links.button-link","settings":{"bulkable":true,"filterable":true,"searchable":true,"pageSize":10,"mainField":"url","defaultSortBy":"url","defaultSortOrder":"ASC"},"metadatas":{"id":{"edit":{},"list":{"label":"id","searchable":false,"sortable":false}},"url":{"edit":{"label":"url","description":"","placeholder":"","visible":true,"editable":true},"list":{"label":"url","searchable":true,"sortable":true}},"newTab":{"edit":{"label":"newTab","description":"","placeholder":"","visible":true,"editable":true},"list":{"label":"newTab","searchable":true,"sortable":true}},"text":{"edit":{"label":"text","description":"","placeholder":"","visible":true,"editable":true},"list":{"label":"text","searchable":true,"sortable":true}},"type":{"edit":{"label":"type","description":"","placeholder":"","visible":true,"editable":true},"list":{"label":"type","searchable":true,"sortable":true}}},"layouts":{"list":["id","url","newTab","text"],"edit":[[{"name":"url","size":6},{"name":"newTab","size":4}],[{"name":"text","size":6},{"name":"type","size":6}]],"editRelations":[]},"isComponent":true}','object',NULL,NULL);
INSERT INTO strapi_core_store_settings VALUES(93,'plugin_content_manager_configuration_components::links.button','{"uid":"links.button","settings":{"bulkable":true,"filterable":true,"searchable":true,"pageSize":10,"mainField":"text","defaultSortBy":"text","defaultSortOrder":"ASC"},"metadatas":{"id":{"edit":{},"list":{"label":"id","searchable":false,"sortable":false}},"text":{"edit":{"label":"text","description":"","placeholder":"","visible":true,"editable":true},"list":{"label":"text","searchable":true,"sortable":true}},"type":{"edit":{"label":"type","description":"","placeholder":"","visible":true,"editable":true},"list":{"label":"type","searchable":true,"sortable":true}}},"layouts":{"list":["id","text","type"],"edit":[[{"name":"text","size":6},{"name":"type","size":6}]],"editRelations":[]},"isComponent":true}','object',NULL,NULL);
INSERT INTO strapi_core_store_settings VALUES(94,'plugin_content_manager_configuration_components::links.link','{"uid":"links.link","settings":{"bulkable":true,"filterable":true,"searchable":true,"pageSize":10,"mainField":"url","defaultSortBy":"url","defaultSortOrder":"ASC"},"metadatas":{"id":{"edit":{},"list":{"label":"id","searchable":false,"sortable":false}},"url":{"edit":{"label":"url","description":"","placeholder":"","visible":true,"editable":true},"list":{"label":"url","searchable":true,"sortable":true}},"newTab":{"edit":{"label":"newTab","description":"","placeholder":"","visible":true,"editable":true},"list":{"label":"newTab","searchable":true,"sortable":true}},"text":{"edit":{"label":"text","description":"","placeholder":"","visible":true,"editable":true},"list":{"label":"text","searchable":true,"sortable":true}}},"layouts":{"list":["id","url","newTab","text"],"edit":[[{"name":"url","size":6},{"name":"newTab","size":4}],[{"name":"text","size":6}]],"editRelations":[]},"isComponent":true}','object',NULL,NULL);
INSERT INTO strapi_core_store_settings VALUES(95,'plugin_content_manager_configuration_components::meta.metadata','{"uid":"meta.metadata","settings":{"bulkable":true,"filterable":true,"searchable":true,"pageSize":10,"mainField":"metaTitle","defaultSortBy":"metaTitle","defaultSortOrder":"ASC"},"metadatas":{"id":{"edit":{},"list":{"label":"id","searchable":false,"sortable":false}},"metaTitle":{"edit":{"label":"metaTitle","description":"","placeholder":"","visible":true,"editable":true},"list":{"label":"metaTitle","searchable":true,"sortable":true}},"metaDescription":{"edit":{"label":"metaDescription","description":"","placeholder":"","visible":true,"editable":true},"list":{"label":"metaDescription","searchable":true,"sortable":true}},"shareImage":{"edit":{"label":"shareImage","description":"","placeholder":"","visible":true,"editable":true},"list":{"label":"shareImage","searchable":false,"sortable":false}},"twitterCardType":{"edit":{"label":"twitterCardType","description":"","placeholder":"","visible":true,"editable":true},"list":{"label":"twitterCardType","searchable":true,"sortable":true}},"twitterUsername":{"edit":{"label":"twitterUsername","description":"","placeholder":"","visible":true,"editable":true},"list":{"label":"twitterUsername","searchable":true,"sortable":true}}},"layouts":{"list":["id","metaTitle","metaDescription","shareImage"],"edit":[[{"name":"metaTitle","size":6},{"name":"metaDescription","size":6}],[{"name":"shareImage","size":6},{"name":"twitterCardType","size":6}],[{"name":"twitterUsername","size":6}]],"editRelations":[]},"isComponent":true}','object',NULL,NULL);
INSERT INTO strapi_core_store_settings VALUES(96,'plugin_content_manager_configuration_components::sections.large-video','{"uid":"sections.large-video","settings":{"bulkable":true,"filterable":true,"searchable":true,"pageSize":10,"mainField":"title","defaultSortBy":"title","defaultSortOrder":"ASC"},"metadatas":{"id":{"edit":{},"list":{"label":"id","searchable":false,"sortable":false}},"title":{"edit":{"label":"title","description":"","placeholder":"","visible":true,"editable":true},"list":{"label":"title","searchable":true,"sortable":true}},"description":{"edit":{"label":"description","description":"","placeholder":"","visible":true,"editable":true},"list":{"label":"description","searchable":true,"sortable":true}},"video":{"edit":{"label":"video","description":"","placeholder":"","visible":true,"editable":true},"list":{"label":"video","searchable":false,"sortable":false}},"poster":{"edit":{"label":"poster","description":"","placeholder":"","visible":true,"editable":true},"list":{"label":"poster","searchable":false,"sortable":false}}},"layouts":{"list":["id","title","description","video"],"edit":[[{"name":"title","size":6},{"name":"description","size":6}],[{"name":"video","size":6},{"name":"poster","size":6}]],"editRelations":[]},"isComponent":true}','object',NULL,NULL);
INSERT INTO strapi_core_store_settings VALUES(97,'plugin_content_manager_configuration_components::sections.lead-form','{"uid":"sections.lead-form","settings":{"bulkable":true,"filterable":true,"searchable":true,"pageSize":10,"mainField":"title","defaultSortBy":"title","defaultSortOrder":"ASC"},"metadatas":{"id":{"edit":{},"list":{"label":"id","searchable":false,"sortable":false}},"title":{"edit":{"label":"title","description":"","placeholder":"","visible":true,"editable":true},"list":{"label":"title","searchable":true,"sortable":true}},"emailPlaceholder":{"edit":{"label":"emailPlaceholder","description":"","placeholder":"","visible":true,"editable":true},"list":{"label":"emailPlaceholder","searchable":true,"sortable":true}},"submitButton":{"edit":{"label":"submitButton","description":"","placeholder":"","visible":true,"editable":true},"list":{"label":"submitButton","searchable":false,"sortable":false}},"location":{"edit":{"label":"location","description":"","placeholder":"","visible":true,"editable":true},"list":{"label":"location","searchable":true,"sortable":true}}},"layouts":{"list":["id","title","emailPlaceholder","submitButton"],"edit":[[{"name":"title","size":6},{"name":"emailPlaceholder","size":6}],[{"name":"submitButton","size":12}],[{"name":"location","size":6}]],"editRelations":[]},"isComponent":true}','object',NULL,NULL);
CREATE TABLE `strapi_webhooks` (`id` integer not null primary key autoincrement, `name` varchar(255) null, `url` text null, `headers` json null, `events` json null, `enabled` boolean null);
CREATE TABLE IF NOT EXISTS "admin_permissions" (`id` integer PRIMARY KEY AUTOINCREMENT NOT NULL, `action` varchar(255) NULL, `subject` varchar(255) NULL, `properties` json NULL, `conditions` json NULL, `created_at` datetime NULL, `updated_at` datetime NULL, `created_by_id` integer NULL, `updated_by_id` integer NULL, CONSTRAINT `admin_permissions_created_by_id_fk` FOREIGN KEY (`created_by_id`) REFERENCES `admin_users` (`id`) ON DELETE SET NULL, CONSTRAINT `admin_permissions_updated_by_id_fk` FOREIGN KEY (`updated_by_id`) REFERENCES `admin_users` (`id`) ON DELETE SET NULL, CONSTRAINT `admin_permissions_created_by_id_fk` FOREIGN KEY (`created_by_id`) REFERENCES `admin_users` (`id`) ON DELETE SET NULL, CONSTRAINT `admin_permissions_updated_by_id_fk` FOREIGN KEY (`updated_by_id`) REFERENCES `admin_users` (`id`) ON DELETE SET NULL);
INSERT INTO admin_permissions VALUES(1,'plugin::upload.read',NULL,'{}','[]',1656508178008,1656508178008,NULL,NULL);
INSERT INTO admin_permissions VALUES(2,'plugin::upload.assets.create',NULL,'{}','[]',1656508178032,1656508178032,NULL,NULL);
INSERT INTO admin_permissions VALUES(3,'plugin::upload.assets.update',NULL,'{}','[]',1656508178058,1656508178058,NULL,NULL);
INSERT INTO admin_permissions VALUES(4,'plugin::upload.assets.download',NULL,'{}','[]',1656508178083,1656508178083,NULL,NULL);
INSERT INTO admin_permissions VALUES(5,'plugin::upload.assets.copy-link',NULL,'{}','[]',1656508178109,1656508178109,NULL,NULL);
INSERT INTO admin_permissions VALUES(6,'plugin::upload.read',NULL,'{}','["admin::is-creator"]',1656508178143,1656508178143,NULL,NULL);
INSERT INTO admin_permissions VALUES(7,'plugin::upload.assets.create',NULL,'{}','[]',1656508178168,1656508178168,NULL,NULL);
INSERT INTO admin_permissions VALUES(8,'plugin::upload.assets.update',NULL,'{}','["admin::is-creator"]',1656508178191,1656508178191,NULL,NULL);
INSERT INTO admin_permissions VALUES(9,'plugin::upload.assets.download',NULL,'{}','[]',1656508178216,1656508178216,NULL,NULL);
INSERT INTO admin_permissions VALUES(10,'plugin::upload.assets.copy-link',NULL,'{}','[]',1656508178245,1656508178245,NULL,NULL);
INSERT INTO admin_permissions VALUES(11,'plugin::content-manager.explorer.create','plugin::users-permissions.user','{"fields":["username","email","provider","password","resetPasswordToken","confirmationToken","confirmed","blocked","role"]}','[]',1656508178291,1656508178291,NULL,NULL);
INSERT INTO admin_permissions VALUES(12,'plugin::content-manager.explorer.read','plugin::users-permissions.user','{"fields":["username","email","provider","password","resetPasswordToken","confirmationToken","confirmed","blocked","role"]}','[]',1656508178313,1656508178313,NULL,NULL);
INSERT INTO admin_permissions VALUES(13,'plugin::content-manager.explorer.update','plugin::users-permissions.user','{"fields":["username","email","provider","password","resetPasswordToken","confirmationToken","confirmed","blocked","role"]}','[]',1656508178335,1656508178335,NULL,NULL);
INSERT INTO admin_permissions VALUES(14,'plugin::content-manager.explorer.delete','plugin::users-permissions.user','{}','[]',1656508178364,1656508178364,NULL,NULL);
INSERT INTO admin_permissions VALUES(15,'plugin::content-manager.single-types.configure-view',NULL,'{}','[]',1656508178393,1656508178393,NULL,NULL);
INSERT INTO admin_permissions VALUES(16,'plugin::content-manager.collection-types.configure-view',NULL,'{}','[]',1656508178411,1656508178411,NULL,NULL);
INSERT INTO admin_permissions VALUES(17,'plugin::content-manager.components.configure-layout',NULL,'{}','[]',1656508178434,1656508178434,NULL,NULL);
INSERT INTO admin_permissions VALUES(18,'plugin::content-type-builder.read',NULL,'{}','[]',1656508178458,1656508178458,NULL,NULL);
INSERT INTO admin_permissions VALUES(19,'plugin::email.settings.read',NULL,'{}','[]',1656508178484,1656508178484,NULL,NULL);
INSERT INTO admin_permissions VALUES(20,'plugin::upload.read',NULL,'{}','[]',1656508178510,1656508178510,NULL,NULL);
INSERT INTO admin_permissions VALUES(21,'plugin::upload.assets.create',NULL,'{}','[]',1656508178539,1656508178539,NULL,NULL);
INSERT INTO admin_permissions VALUES(22,'plugin::upload.assets.update',NULL,'{}','[]',1656508178566,1656508178566,NULL,NULL);
INSERT INTO admin_permissions VALUES(23,'plugin::upload.assets.download',NULL,'{}','[]',1656508178592,1656508178592,NULL,NULL);
INSERT INTO admin_permissions VALUES(24,'plugin::upload.assets.copy-link',NULL,'{}','[]',1656508178620,1656508178620,NULL,NULL);
INSERT INTO admin_permissions VALUES(25,'plugin::upload.settings.read',NULL,'{}','[]',1656508178646,1656508178646,NULL,NULL);
INSERT INTO admin_permissions VALUES(26,'plugin::users-permissions.roles.create',NULL,'{}','[]',1656508178667,1656508178667,NULL,NULL);
INSERT INTO admin_permissions VALUES(27,'plugin::users-permissions.roles.read',NULL,'{}','[]',1656508178695,1656508178695,NULL,NULL);
INSERT INTO admin_permissions VALUES(28,'plugin::users-permissions.roles.update',NULL,'{}','[]',1656508178719,1656508178719,NULL,NULL);
INSERT INTO admin_permissions VALUES(29,'plugin::users-permissions.roles.delete',NULL,'{}','[]',1656508178747,1656508178747,NULL,NULL);
INSERT INTO admin_permissions VALUES(30,'plugin::users-permissions.providers.read',NULL,'{}','[]',1656508178774,1656508178774,NULL,NULL);
INSERT INTO admin_permissions VALUES(31,'plugin::users-permissions.providers.update',NULL,'{}','[]',1656508178800,1656508178800,NULL,NULL);
INSERT INTO admin_permissions VALUES(32,'plugin::users-permissions.email-templates.read',NULL,'{}','[]',1656508178826,1656508178826,NULL,NULL);
INSERT INTO admin_permissions VALUES(33,'plugin::users-permissions.email-templates.update',NULL,'{}','[]',1656508178854,1656508178854,NULL,NULL);
INSERT INTO admin_permissions VALUES(34,'plugin::users-permissions.advanced-settings.read',NULL,'{}','[]',1656508178879,1656508178879,NULL,NULL);
INSERT INTO admin_permissions VALUES(35,'plugin::users-permissions.advanced-settings.update',NULL,'{}','[]',1656508178907,1656508178907,NULL,NULL);
INSERT INTO admin_permissions VALUES(36,'plugin::i18n.locale.create',NULL,'{}','[]',1656508178943,1656508178943,NULL,NULL);
INSERT INTO admin_permissions VALUES(37,'plugin::i18n.locale.read',NULL,'{}','[]',1656508178964,1656508178964,NULL,NULL);
INSERT INTO admin_permissions VALUES(38,'plugin::i18n.locale.update',NULL,'{}','[]',1656508178993,1656508178993,NULL,NULL);
INSERT INTO admin_permissions VALUES(39,'plugin::i18n.locale.delete',NULL,'{}','[]',1656508179036,1656508179036,NULL,NULL);
INSERT INTO admin_permissions VALUES(40,'admin::marketplace.read',NULL,'{}','[]',1656508179062,1656508179062,NULL,NULL);
INSERT INTO admin_permissions VALUES(41,'admin::marketplace.plugins.install',NULL,'{}','[]',1656508179085,1656508179085,NULL,NULL);
INSERT INTO admin_permissions VALUES(42,'admin::marketplace.plugins.uninstall',NULL,'{}','[]',1656508179117,1656508179117,NULL,NULL);
INSERT INTO admin_permissions VALUES(43,'admin::webhooks.create',NULL,'{}','[]',1656508179138,1656508179138,NULL,NULL);
INSERT INTO admin_permissions VALUES(44,'admin::webhooks.read',NULL,'{}','[]',1656508179154,1656508179154,NULL,NULL);
INSERT INTO admin_permissions VALUES(45,'admin::webhooks.update',NULL,'{}','[]',1656508179170,1656508179170,NULL,NULL);
INSERT INTO admin_permissions VALUES(46,'admin::webhooks.delete',NULL,'{}','[]',1656508179191,1656508179191,NULL,NULL);
INSERT INTO admin_permissions VALUES(47,'admin::users.create',NULL,'{}','[]',1656508179214,1656508179214,NULL,NULL);
INSERT INTO admin_permissions VALUES(48,'admin::users.read',NULL,'{}','[]',1656508179236,1656508179236,NULL,NULL);
INSERT INTO admin_permissions VALUES(49,'admin::users.update',NULL,'{}','[]',1656508179260,1656508179260,NULL,NULL);
INSERT INTO admin_permissions VALUES(50,'admin::users.delete',NULL,'{}','[]',1656508179288,1656508179288,NULL,NULL);
INSERT INTO admin_permissions VALUES(51,'admin::roles.create',NULL,'{}','[]',1656508179311,1656508179311,NULL,NULL);
INSERT INTO admin_permissions VALUES(52,'admin::roles.read',NULL,'{}','[]',1656508179335,1656508179335,NULL,NULL);
INSERT INTO admin_permissions VALUES(53,'admin::roles.update',NULL,'{}','[]',1656508179358,1656508179358,NULL,NULL);
INSERT INTO admin_permissions VALUES(54,'admin::roles.delete',NULL,'{}','[]',1656508179379,1656508179379,NULL,NULL);
INSERT INTO admin_permissions VALUES(55,'admin::api-tokens.create',NULL,'{}','[]',1656508179403,1656508179403,NULL,NULL);
INSERT INTO admin_permissions VALUES(56,'admin::api-tokens.read',NULL,'{}','[]',1656508179427,1656508179427,NULL,NULL);
INSERT INTO admin_permissions VALUES(57,'admin::api-tokens.update',NULL,'{}','[]',1656508179450,1656508179450,NULL,NULL);
INSERT INTO admin_permissions VALUES(58,'admin::api-tokens.delete',NULL,'{}','[]',1656508179478,1656508179478,NULL,NULL);
INSERT INTO admin_permissions VALUES(59,'admin::project-settings.update',NULL,'{}','[]',1656508179500,1656508179500,NULL,NULL);
INSERT INTO admin_permissions VALUES(60,'admin::project-settings.read',NULL,'{}','[]',1656508179523,1656508179523,NULL,NULL);
INSERT INTO admin_permissions VALUES(61,'plugin::content-manager.explorer.create','plugin::navigation.audience','{"fields":["name","key"]}','[]',1656619969251,1656619969251,NULL,NULL);
INSERT INTO admin_permissions VALUES(62,'plugin::content-manager.explorer.read','plugin::navigation.audience','{"fields":["name","key"]}','[]',1656619969276,1656619969276,NULL,NULL);
INSERT INTO admin_permissions VALUES(63,'plugin::content-manager.explorer.update','plugin::navigation.audience','{"fields":["name","key"]}','[]',1656619969308,1656619969308,NULL,NULL);
INSERT INTO admin_permissions VALUES(64,'plugin::content-manager.explorer.delete','plugin::navigation.audience','{}','[]',1656619969333,1656619969333,NULL,NULL);
INSERT INTO admin_permissions VALUES(65,'plugin::navigation.read',NULL,'{}','[]',1656619969359,1656619969359,NULL,NULL);
INSERT INTO admin_permissions VALUES(66,'plugin::navigation.update',NULL,'{}','[]',1656619969389,1656619969389,NULL,NULL);
INSERT INTO admin_permissions VALUES(77,'plugin::sitemap.settings.read',NULL,'{}','[]',1656887828963,1656887828963,NULL,NULL);
INSERT INTO admin_permissions VALUES(78,'plugin::sitemap.menu-link',NULL,'{}','[]',1656887828998,1656887828998,NULL,NULL);
INSERT INTO admin_permissions VALUES(84,'plugin::content-manager.explorer.create','plugin::users-permissions.user','{"fields":["blocked","confirmationToken","confirmed","email","password","provider","resetPasswordToken","role","username"]}','[]',1656933088447,1656933088447,NULL,NULL);
INSERT INTO admin_permissions VALUES(85,'plugin::content-manager.explorer.read','plugin::users-permissions.user','{"fields":["blocked","confirmationToken","confirmed","email","password","provider","resetPasswordToken","role","username"]}','[]',1656933088474,1656933088474,NULL,NULL);
INSERT INTO admin_permissions VALUES(86,'plugin::content-manager.explorer.update','plugin::users-permissions.user','{"fields":["blocked","confirmationToken","confirmed","email","password","provider","resetPasswordToken","role","username"]}','[]',1656933088501,1656933088501,NULL,NULL);
INSERT INTO admin_permissions VALUES(87,'plugin::content-manager.explorer.delete','plugin::users-permissions.user','{}','[]',1656933088531,1656933088531,NULL,NULL);
INSERT INTO admin_permissions VALUES(88,'plugin::content-manager.explorer.create','plugin::navigation.audience','{"fields":["key","name"]}','[]',1656933264274,1656933264274,NULL,NULL);
INSERT INTO admin_permissions VALUES(89,'plugin::content-manager.explorer.read','plugin::navigation.audience','{"fields":["key","name"]}','[]',1656933264302,1656933264302,NULL,NULL);
INSERT INTO admin_permissions VALUES(90,'plugin::content-manager.explorer.update','plugin::navigation.audience','{"fields":["key","name"]}','[]',1656933264327,1656933264327,NULL,NULL);
INSERT INTO admin_permissions VALUES(91,'plugin::content-manager.explorer.delete','plugin::navigation.audience','{}','[]',1656933264355,1656933264355,NULL,NULL);
INSERT INTO admin_permissions VALUES(120,'plugin::content-manager.explorer.delete','api::page.page','{"locales":["en","fr"]}','[]',1657490145989,1657490145989,NULL,NULL);
INSERT INTO admin_permissions VALUES(122,'plugin::content-manager.explorer.publish','api::page.page','{"locales":["en","fr"]}','[]',1657490146044,1657490146044,NULL,NULL);
INSERT INTO admin_permissions VALUES(167,'plugin::content-manager.explorer.create','api::page.page','{"fields":["Title","slug","SEO.metaTitle","SEO.metaDescription","SEO.metaImage","SEO.metaSocial.socialNetwork","SEO.metaSocial.title","SEO.metaSocial.description","SEO.metaSocial.image","SEO.keywords","SEO.metaRobots","SEO.structuredData","SEO.metaViewport","SEO.canonicalURL","sections"],"locales":["en","fr"]}','[]',1657706249263,1657706249263,NULL,NULL);
INSERT INTO admin_permissions VALUES(168,'plugin::content-manager.explorer.read','api::page.page','{"fields":["Title","slug","SEO.metaTitle","SEO.metaDescription","SEO.metaImage","SEO.metaSocial.socialNetwork","SEO.metaSocial.title","SEO.metaSocial.description","SEO.metaSocial.image","SEO.keywords","SEO.metaRobots","SEO.structuredData","SEO.metaViewport","SEO.canonicalURL","sections"],"locales":["en","fr"]}','[]',1657706249283,1657706249283,NULL,NULL);
INSERT INTO admin_permissions VALUES(169,'plugin::content-manager.explorer.update','api::page.page','{"fields":["Title","slug","SEO.metaTitle","SEO.metaDescription","SEO.metaImage","SEO.metaSocial.socialNetwork","SEO.metaSocial.title","SEO.metaSocial.description","SEO.metaSocial.image","SEO.keywords","SEO.metaRobots","SEO.structuredData","SEO.metaViewport","SEO.canonicalURL","sections"],"locales":["en","fr"]}','[]',1657706249304,1657706249304,NULL,NULL);
INSERT INTO admin_permissions VALUES(191,'plugin::content-manager.explorer.create','api::post.post','{"fields":["title","description","author","content","seo.metaTitle","seo.metaDescription","seo.metaImage","seo.metaSocial.socialNetwork","seo.metaSocial.title","seo.metaSocial.description","seo.metaSocial.image","seo.keywords","seo.metaRobots","seo.structuredData","seo.metaViewport","seo.canonicalURL","slug"]}','[]',1657872808787,1657872808787,NULL,NULL);
INSERT INTO admin_permissions VALUES(193,'plugin::content-manager.explorer.read','api::post.post','{"fields":["title","description","author","content","seo.metaTitle","seo.metaDescription","seo.metaImage","seo.metaSocial.socialNetwork","seo.metaSocial.title","seo.metaSocial.description","seo.metaSocial.image","seo.keywords","seo.metaRobots","seo.structuredData","seo.metaViewport","seo.canonicalURL","slug"]}','[]',1657872808838,1657872808838,NULL,NULL);
INSERT INTO admin_permissions VALUES(195,'plugin::content-manager.explorer.update','api::post.post','{"fields":["title","description","author","content","seo.metaTitle","seo.metaDescription","seo.metaImage","seo.metaSocial.socialNetwork","seo.metaSocial.title","seo.metaSocial.description","seo.metaSocial.image","seo.keywords","seo.metaRobots","seo.structuredData","seo.metaViewport","seo.canonicalURL","slug"]}','[]',1657872808895,1657872808895,NULL,NULL);
INSERT INTO admin_permissions VALUES(196,'plugin::content-manager.explorer.delete','api::post.post','{}','[]',1657872808924,1657872808924,NULL,NULL);
INSERT INTO admin_permissions VALUES(197,'plugin::content-manager.explorer.publish','api::post.post','{}','[]',1657872808954,1657872808954,NULL,NULL);
CREATE TABLE IF NOT EXISTS "admin_users" (`id` integer PRIMARY KEY AUTOINCREMENT NOT NULL, `firstname` varchar(255) NULL, `lastname` varchar(255) NULL, `username` varchar(255) NULL, `email` varchar(255) NULL, `password` varchar(255) NULL, `reset_password_token` varchar(255) NULL, `registration_token` varchar(255) NULL, `is_active` boolean NULL, `blocked` boolean NULL, `prefered_language` varchar(255) NULL, `created_at` datetime NULL, `updated_at` datetime NULL, `created_by_id` integer NULL, `updated_by_id` integer NULL, CONSTRAINT `admin_users_created_by_id_fk` FOREIGN KEY (`created_by_id`) REFERENCES `admin_users` (`id`) ON DELETE SET NULL, CONSTRAINT `admin_users_updated_by_id_fk` FOREIGN KEY (`updated_by_id`) REFERENCES `admin_users` (`id`) ON DELETE SET NULL, CONSTRAINT `admin_users_created_by_id_fk` FOREIGN KEY (`created_by_id`) REFERENCES `admin_users` (`id`) ON DELETE SET NULL, CONSTRAINT `admin_users_updated_by_id_fk` FOREIGN KEY (`updated_by_id`) REFERENCES `admin_users` (`id`) ON DELETE SET NULL);
INSERT INTO admin_users VALUES(1,'Test','Test','test@test.test','test@test.test','$2a$10$PDxKVVWb9rZH8TWdST9t0e2JGgNgIo7vcZMnxUMm6MzdiDrBb6tX.',NULL,NULL,1,0,NULL,1656619532995,1657380837332,NULL,NULL);
INSERT INTO admin_users VALUES(2,'Editor','Test','editor@test.com','editor@test.com','$2a$10$dLaI4oNzL9wLAJZrMLCu2umfAm6aTMk4ZCvMaCYi1uD4.mEt1zdWm',NULL,'51f1c8df81ee56fc986de48da7bdf976a885611c',1,0,NULL,1656932891480,1657466704513,NULL,NULL);
CREATE TABLE IF NOT EXISTS "admin_roles" (`id` integer PRIMARY KEY AUTOINCREMENT NOT NULL, `name` varchar(255) NULL, `code` varchar(255) NULL, `description` varchar(255) NULL, `created_at` datetime NULL, `updated_at` datetime NULL, `created_by_id` integer NULL, `updated_by_id` integer NULL, CONSTRAINT `admin_roles_created_by_id_fk` FOREIGN KEY (`created_by_id`) REFERENCES `admin_users` (`id`) ON DELETE SET NULL, CONSTRAINT `admin_roles_updated_by_id_fk` FOREIGN KEY (`updated_by_id`) REFERENCES `admin_users` (`id`) ON DELETE SET NULL, CONSTRAINT `admin_roles_created_by_id_fk` FOREIGN KEY (`created_by_id`) REFERENCES `admin_users` (`id`) ON DELETE SET NULL, CONSTRAINT `admin_roles_updated_by_id_fk` FOREIGN KEY (`updated_by_id`) REFERENCES `admin_users` (`id`) ON DELETE SET NULL);
INSERT INTO admin_roles VALUES(1,'Super Admin','strapi-super-admin','Super Admins can access and manage all features and settings.',1656508177969,1656508177969,NULL,NULL);
INSERT INTO admin_roles VALUES(2,'Editor','strapi-editor','Editors can manage and publish contents including those of other users.',1656508177983,1656933264224,NULL,NULL);
INSERT INTO admin_roles VALUES(3,'Author','strapi-author','Authors can manage the content they have created.',1656508177994,1656508177994,NULL,NULL);
CREATE TABLE IF NOT EXISTS "strapi_api_tokens" (`id` integer PRIMARY KEY AUTOINCREMENT NOT NULL, `name` varchar(255) NULL, `description` varchar(255) NULL, `type` varchar(255) NULL, `access_key` varchar(255) NULL, `created_at` datetime NULL, `updated_at` datetime NULL, `created_by_id` integer NULL, `updated_by_id` integer NULL, CONSTRAINT `strapi_api_tokens_created_by_id_fk` FOREIGN KEY (`created_by_id`) REFERENCES `admin_users` (`id`) ON DELETE SET NULL, CONSTRAINT `strapi_api_tokens_updated_by_id_fk` FOREIGN KEY (`updated_by_id`) REFERENCES `admin_users` (`id`) ON DELETE SET NULL, CONSTRAINT `strapi_api_tokens_created_by_id_fk` FOREIGN KEY (`created_by_id`) REFERENCES `admin_users` (`id`) ON DELETE SET NULL, CONSTRAINT `strapi_api_tokens_updated_by_id_fk` FOREIGN KEY (`updated_by_id`) REFERENCES `admin_users` (`id`) ON DELETE SET NULL);
CREATE TABLE IF NOT EXISTS "files" (`id` integer PRIMARY KEY AUTOINCREMENT NOT NULL, `name` varchar(255) NULL, `alternative_text` varchar(255) NULL, `caption` varchar(255) NULL, `width` integer NULL, `height` integer NULL, `formats` json NULL, `hash` varchar(255) NULL, `ext` varchar(255) NULL, `mime` varchar(255) NULL, `size` float NULL, `url` varchar(255) NULL, `preview_url` varchar(255) NULL, `provider` varchar(255) NULL, `provider_metadata` json NULL, `created_at` datetime NULL, `updated_at` datetime NULL, `created_by_id` integer NULL, `updated_by_id` integer NULL, `sitemap_exclude` boolean null, CONSTRAINT `files_created_by_id_fk` FOREIGN KEY (`created_by_id`) REFERENCES `admin_users` (`id`) ON DELETE SET NULL, CONSTRAINT `files_updated_by_id_fk` FOREIGN KEY (`updated_by_id`) REFERENCES `admin_users` (`id`) ON DELETE SET NULL, CONSTRAINT `files_created_by_id_fk` FOREIGN KEY (`created_by_id`) REFERENCES `admin_users` (`id`) ON DELETE SET NULL, CONSTRAINT `files_updated_by_id_fk` FOREIGN KEY (`updated_by_id`) REFERENCES `admin_users` (`id`) ON DELETE SET NULL);
INSERT INTO files VALUES(1,'9dafcee7fb0afec571e716658c5f79f1.jpg','9dafcee7fb0afec571e716658c5f79f1.jpg','9dafcee7fb0afec571e716658c5f79f1.jpg',400,534,'{"thumbnail":{"name":"thumbnail_9dafcee7fb0afec571e716658c5f79f1.jpg","hash":"thumbnail_9dafcee7fb0afec571e716658c5f79f1_5b0e95f1ff","ext":".jpg","mime":"image/jpeg","path":null,"width":117,"height":156,"size":2.54,"url":"/uploads/thumbnail_9dafcee7fb0afec571e716658c5f79f1_5b0e95f1ff.jpg"},"small":{"name":"small_9dafcee7fb0afec571e716658c5f79f1.jpg","hash":"small_9dafcee7fb0afec571e716658c5f79f1_5b0e95f1ff","ext":".jpg","mime":"image/jpeg","path":null,"width":375,"height":500,"size":16.85,"url":"/uploads/small_9dafcee7fb0afec571e716658c5f79f1_5b0e95f1ff.jpg"}}','9dafcee7fb0afec571e716658c5f79f1_5b0e95f1ff','.jpg','image/jpeg',18.809999999999998721,'/uploads/9dafcee7fb0afec571e716658c5f79f1_5b0e95f1ff.jpg',NULL,'local',NULL,1656621040874,1656621040874,1,1,NULL);
INSERT INTO files VALUES(2,'c''est pas sourc.jpg','c''est pas sourc.jpg','c''est pas sourc.jpg',835,559,'{"thumbnail":{"name":"thumbnail_c''est pas sourc.jpg","hash":"thumbnail_c_est_pas_source_4e3669d338","ext":".jpg","mime":"image/jpeg","path":null,"width":233,"height":156,"size":6.77,"url":"/uploads/thumbnail_c_est_pas_source_4e3669d338.jpg"},"medium":{"name":"medium_c''est pas sourc.jpg","hash":"medium_c_est_pas_source_4e3669d338","ext":".jpg","mime":"image/jpeg","path":null,"width":750,"height":502,"size":32.39,"url":"/uploads/medium_c_est_pas_source_4e3669d338.jpg"},"small":{"name":"small_c''est pas sourc.jpg","hash":"small_c_est_pas_source_4e3669d338","ext":".jpg","mime":"image/jpeg","path":null,"width":500,"height":335,"size":18.71,"url":"/uploads/small_c_est_pas_source_4e3669d338.jpg"}}','c_est_pas_source_4e3669d338','.jpg','image/jpeg',37.689999999999997727,'/uploads/c_est_pas_source_4e3669d338.jpg',NULL,'local',NULL,1657636525110,1657636525110,1,1,0);
CREATE TABLE IF NOT EXISTS "up_permissions" (`id` integer PRIMARY KEY AUTOINCREMENT NOT NULL, `action` varchar(255) NULL, `created_at` datetime NULL, `updated_at` datetime NULL, `created_by_id` integer NULL, `updated_by_id` integer NULL, CONSTRAINT `up_permissions_created_by_id_fk` FOREIGN KEY (`created_by_id`) REFERENCES `admin_users` (`id`) ON DELETE SET NULL, CONSTRAINT `up_permissions_updated_by_id_fk` FOREIGN KEY (`updated_by_id`) REFERENCES `admin_users` (`id`) ON DELETE SET NULL, CONSTRAINT `up_permissions_created_by_id_fk` FOREIGN KEY (`created_by_id`) REFERENCES `admin_users` (`id`) ON DELETE SET NULL, CONSTRAINT `up_permissions_updated_by_id_fk` FOREIGN KEY (`updated_by_id`) REFERENCES `admin_users` (`id`) ON DELETE SET NULL);
INSERT INTO up_permissions VALUES(1,'plugin::users-permissions.auth.connect',1656508177603,1656508177603,NULL,NULL);
INSERT INTO up_permissions VALUES(2,'plugin::users-permissions.user.me',1656508177603,1656508177603,NULL,NULL);
INSERT INTO up_permissions VALUES(5,'plugin::users-permissions.auth.callback',1656508177655,1656508177655,NULL,NULL);
INSERT INTO up_permissions VALUES(6,'plugin::users-permissions.auth.connect',1656508177655,1656508177655,NULL,NULL);
INSERT INTO up_permissions VALUES(9,'plugin::users-permissions.auth.register',1656508177655,1656508177655,NULL,NULL);
INSERT INTO up_permissions VALUES(11,'plugin::users-permissions.user.me',1656508177655,1656508177655,NULL,NULL);
INSERT INTO up_permissions VALUES(13,'plugin::navigation.client.render',1656627001074,1656627001074,NULL,NULL);
INSERT INTO up_permissions VALUES(14,'plugin::navigation.client.renderChild',1656627248068,1656627248068,NULL,NULL);
INSERT INTO up_permissions VALUES(18,'api::page.page.find',1657380097228,1657380097228,NULL,NULL);
INSERT INTO up_permissions VALUES(19,'api::page.page.findOne',1657380097228,1657380097228,NULL,NULL);
INSERT INTO up_permissions VALUES(22,'api::post.post.find',1657887761020,1657887761020,NULL,NULL);
INSERT INTO up_permissions VALUES(23,'api::post.post.findOne',1657887761020,1657887761020,NULL,NULL);
CREATE TABLE IF NOT EXISTS "up_roles" (`id` integer PRIMARY KEY AUTOINCREMENT NOT NULL, `name` varchar(255) NULL, `description` varchar(255) NULL, `type` varchar(255) NULL, `created_at` datetime NULL, `updated_at` datetime NULL, `created_by_id` integer NULL, `updated_by_id` integer NULL, CONSTRAINT `up_roles_created_by_id_fk` FOREIGN KEY (`created_by_id`) REFERENCES `admin_users` (`id`) ON DELETE SET NULL, CONSTRAINT `up_roles_updated_by_id_fk` FOREIGN KEY (`updated_by_id`) REFERENCES `admin_users` (`id`) ON DELETE SET NULL, CONSTRAINT `up_roles_created_by_id_fk` FOREIGN KEY (`created_by_id`) REFERENCES `admin_users` (`id`) ON DELETE SET NULL, CONSTRAINT `up_roles_updated_by_id_fk` FOREIGN KEY (`updated_by_id`) REFERENCES `admin_users` (`id`) ON DELETE SET NULL);
INSERT INTO up_roles VALUES(1,'Authenticated','Default role given to authenticated user.','authenticated',1656508177565,1656508177565,NULL,NULL);
INSERT INTO up_roles VALUES(2,'Public','Default role given to unauthenticated user.','public',1656508177577,1657887760994,NULL,NULL);
CREATE TABLE IF NOT EXISTS "up_users" (`id` integer PRIMARY KEY AUTOINCREMENT NOT NULL, `username` varchar(255) NULL, `email` varchar(255) NULL, `provider` varchar(255) NULL, `password` varchar(255) NULL, `reset_password_token` varchar(255) NULL, `confirmation_token` varchar(255) NULL, `confirmed` boolean NULL, `blocked` boolean NULL, `created_at` datetime NULL, `updated_at` datetime NULL, `created_by_id` integer NULL, `updated_by_id` integer NULL, `sitemap_exclude` boolean null, CONSTRAINT `up_users_created_by_id_fk` FOREIGN KEY (`created_by_id`) REFERENCES `admin_users` (`id`) ON DELETE SET NULL, CONSTRAINT `up_users_updated_by_id_fk` FOREIGN KEY (`updated_by_id`) REFERENCES `admin_users` (`id`) ON DELETE SET NULL, CONSTRAINT `up_users_created_by_id_fk` FOREIGN KEY (`created_by_id`) REFERENCES `admin_users` (`id`) ON DELETE SET NULL, CONSTRAINT `up_users_updated_by_id_fk` FOREIGN KEY (`updated_by_id`) REFERENCES `admin_users` (`id`) ON DELETE SET NULL);
INSERT INTO up_users VALUES(1,'test','test@test.com','local','$2a$10$Ee8GONTvzEC4/.v22dRmIufi1RHu8lK8HpDjpbUSptp/0EIdB4bTm',NULL,NULL,1,0,1656932704849,1656932817238,1,1,0);
CREATE TABLE IF NOT EXISTS "i18n_locale" (`id` integer PRIMARY KEY AUTOINCREMENT NOT NULL, `name` varchar(255) NULL, `code` varchar(255) NULL, `created_at` datetime NULL, `updated_at` datetime NULL, `created_by_id` integer NULL, `updated_by_id` integer NULL, CONSTRAINT `i18n_locale_created_by_id_fk` FOREIGN KEY (`created_by_id`) REFERENCES `admin_users` (`id`) ON DELETE SET NULL, CONSTRAINT `i18n_locale_updated_by_id_fk` FOREIGN KEY (`updated_by_id`) REFERENCES `admin_users` (`id`) ON DELETE SET NULL, CONSTRAINT `i18n_locale_created_by_id_fk` FOREIGN KEY (`created_by_id`) REFERENCES `admin_users` (`id`) ON DELETE SET NULL, CONSTRAINT `i18n_locale_updated_by_id_fk` FOREIGN KEY (`updated_by_id`) REFERENCES `admin_users` (`id`) ON DELETE SET NULL);
INSERT INTO i18n_locale VALUES(1,'English (en)','en',1656508177883,1656508177883,NULL,NULL);
INSERT INTO i18n_locale VALUES(2,'French (fr)','fr',1657490145755,1657490145755,1,1);
CREATE TABLE IF NOT EXISTS "admin_permissions_role_links" (`permission_id` integer NULL, `role_id` integer NULL, CONSTRAINT `admin_permissions_role_links_fk` FOREIGN KEY (`permission_id`) REFERENCES `admin_permissions` (`id`) ON DELETE CASCADE, CONSTRAINT `admin_permissions_role_links_inv_fk` FOREIGN KEY (`role_id`) REFERENCES `admin_roles` (`id`) ON DELETE CASCADE, CONSTRAINT `admin_permissions_role_links_fk` FOREIGN KEY (`permission_id`) REFERENCES `admin_permissions` (`id`) ON DELETE CASCADE, CONSTRAINT `admin_permissions_role_links_inv_fk` FOREIGN KEY (`role_id`) REFERENCES `admin_roles` (`id`) ON DELETE CASCADE);
INSERT INTO admin_permissions_role_links VALUES(1,2);
INSERT INTO admin_permissions_role_links VALUES(2,2);
INSERT INTO admin_permissions_role_links VALUES(3,2);
INSERT INTO admin_permissions_role_links VALUES(4,2);
INSERT INTO admin_permissions_role_links VALUES(5,2);
INSERT INTO admin_permissions_role_links VALUES(6,3);
INSERT INTO admin_permissions_role_links VALUES(7,3);
INSERT INTO admin_permissions_role_links VALUES(8,3);
INSERT INTO admin_permissions_role_links VALUES(9,3);
INSERT INTO admin_permissions_role_links VALUES(10,3);
INSERT INTO admin_permissions_role_links VALUES(11,1);
INSERT INTO admin_permissions_role_links VALUES(12,1);
INSERT INTO admin_permissions_role_links VALUES(13,1);
INSERT INTO admin_permissions_role_links VALUES(14,1);
INSERT INTO admin_permissions_role_links VALUES(15,1);
INSERT INTO admin_permissions_role_links VALUES(16,1);
INSERT INTO admin_permissions_role_links VALUES(17,1);
INSERT INTO admin_permissions_role_links VALUES(18,1);
INSERT INTO admin_permissions_role_links VALUES(19,1);
INSERT INTO admin_permissions_role_links VALUES(20,1);
INSERT INTO admin_permissions_role_links VALUES(21,1);
INSERT INTO admin_permissions_role_links VALUES(22,1);
INSERT INTO admin_permissions_role_links VALUES(23,1);
INSERT INTO admin_permissions_role_links VALUES(24,1);
INSERT INTO admin_permissions_role_links VALUES(25,1);
INSERT INTO admin_permissions_role_links VALUES(26,1);
INSERT INTO admin_permissions_role_links VALUES(27,1);
INSERT INTO admin_permissions_role_links VALUES(28,1);
INSERT INTO admin_permissions_role_links VALUES(29,1);
INSERT INTO admin_permissions_role_links VALUES(30,1);
INSERT INTO admin_permissions_role_links VALUES(31,1);
INSERT INTO admin_permissions_role_links VALUES(32,1);
INSERT INTO admin_permissions_role_links VALUES(33,1);
INSERT INTO admin_permissions_role_links VALUES(34,1);
INSERT INTO admin_permissions_role_links VALUES(35,1);
INSERT INTO admin_permissions_role_links VALUES(36,1);
INSERT INTO admin_permissions_role_links VALUES(37,1);
INSERT INTO admin_permissions_role_links VALUES(38,1);
INSERT INTO admin_permissions_role_links VALUES(39,1);
INSERT INTO admin_permissions_role_links VALUES(40,1);
INSERT INTO admin_permissions_role_links VALUES(41,1);
INSERT INTO admin_permissions_role_links VALUES(42,1);
INSERT INTO admin_permissions_role_links VALUES(43,1);
INSERT INTO admin_permissions_role_links VALUES(44,1);
INSERT INTO admin_permissions_role_links VALUES(45,1);
INSERT INTO admin_permissions_role_links VALUES(46,1);
INSERT INTO admin_permissions_role_links VALUES(47,1);
INSERT INTO admin_permissions_role_links VALUES(48,1);
INSERT INTO admin_permissions_role_links VALUES(49,1);
INSERT INTO admin_permissions_role_links VALUES(50,1);
INSERT INTO admin_permissions_role_links VALUES(51,1);
INSERT INTO admin_permissions_role_links VALUES(52,1);
INSERT INTO admin_permissions_role_links VALUES(53,1);
INSERT INTO admin_permissions_role_links VALUES(54,1);
INSERT INTO admin_permissions_role_links VALUES(55,1);
INSERT INTO admin_permissions_role_links VALUES(56,1);
INSERT INTO admin_permissions_role_links VALUES(57,1);
INSERT INTO admin_permissions_role_links VALUES(58,1);
INSERT INTO admin_permissions_role_links VALUES(59,1);
INSERT INTO admin_permissions_role_links VALUES(60,1);
INSERT INTO admin_permissions_role_links VALUES(61,1);
INSERT INTO admin_permissions_role_links VALUES(62,1);
INSERT INTO admin_permissions_role_links VALUES(63,1);
INSERT INTO admin_permissions_role_links VALUES(64,1);
INSERT INTO admin_permissions_role_links VALUES(65,1);
INSERT INTO admin_permissions_role_links VALUES(66,1);
INSERT INTO admin_permissions_role_links VALUES(77,1);
INSERT INTO admin_permissions_role_links VALUES(78,1);
INSERT INTO admin_permissions_role_links VALUES(84,2);
INSERT INTO admin_permissions_role_links VALUES(85,2);
INSERT INTO admin_permissions_role_links VALUES(86,2);
INSERT INTO admin_permissions_role_links VALUES(87,2);
INSERT INTO admin_permissions_role_links VALUES(88,2);
INSERT INTO admin_permissions_role_links VALUES(89,2);
INSERT INTO admin_permissions_role_links VALUES(90,2);
INSERT INTO admin_permissions_role_links VALUES(91,2);
INSERT INTO admin_permissions_role_links VALUES(120,1);
INSERT INTO admin_permissions_role_links VALUES(122,1);
INSERT INTO admin_permissions_role_links VALUES(167,1);
INSERT INTO admin_permissions_role_links VALUES(168,1);
INSERT INTO admin_permissions_role_links VALUES(169,1);
INSERT INTO admin_permissions_role_links VALUES(191,1);
INSERT INTO admin_permissions_role_links VALUES(193,1);
INSERT INTO admin_permissions_role_links VALUES(195,1);
INSERT INTO admin_permissions_role_links VALUES(196,1);
INSERT INTO admin_permissions_role_links VALUES(197,1);
CREATE TABLE IF NOT EXISTS "admin_users_roles_links" (`user_id` integer NULL, `role_id` integer NULL, CONSTRAINT `admin_users_roles_links_fk` FOREIGN KEY (`user_id`) REFERENCES `admin_users` (`id`) ON DELETE CASCADE, CONSTRAINT `admin_users_roles_links_inv_fk` FOREIGN KEY (`role_id`) REFERENCES `admin_roles` (`id`) ON DELETE CASCADE, CONSTRAINT `admin_users_roles_links_fk` FOREIGN KEY (`user_id`) REFERENCES `admin_users` (`id`) ON DELETE CASCADE, CONSTRAINT `admin_users_roles_links_inv_fk` FOREIGN KEY (`role_id`) REFERENCES `admin_roles` (`id`) ON DELETE CASCADE);
INSERT INTO admin_users_roles_links VALUES(1,1);
INSERT INTO admin_users_roles_links VALUES(2,2);
CREATE TABLE IF NOT EXISTS "files_related_morphs" (`file_id` integer NULL, `related_id` integer NULL, `related_type` varchar(255) NULL, `field` varchar(255) NULL, `order` integer NULL, CONSTRAINT `files_related_morphs_fk` FOREIGN KEY (`file_id`) REFERENCES `files` (`id`) ON DELETE CASCADE, CONSTRAINT `files_related_morphs_fk` FOREIGN KEY (`file_id`) REFERENCES `files` (`id`) ON DELETE CASCADE);
INSERT INTO files_related_morphs VALUES(2,1,'cards.simple-card','picture',1);
INSERT INTO files_related_morphs VALUES(1,3,'cards.news-card','picture',1);
INSERT INTO files_related_morphs VALUES(2,4,'cards.news-card','picture',1);
INSERT INTO files_related_morphs VALUES(2,2,'cards.news-card','picture',1);
CREATE TABLE IF NOT EXISTS "up_permissions_role_links" (`permission_id` integer NULL, `role_id` integer NULL, CONSTRAINT `up_permissions_role_links_fk` FOREIGN KEY (`permission_id`) REFERENCES `up_permissions` (`id`) ON DELETE CASCADE, CONSTRAINT `up_permissions_role_links_inv_fk` FOREIGN KEY (`role_id`) REFERENCES `up_roles` (`id`) ON DELETE CASCADE, CONSTRAINT `up_permissions_role_links_fk` FOREIGN KEY (`permission_id`) REFERENCES `up_permissions` (`id`) ON DELETE CASCADE, CONSTRAINT `up_permissions_role_links_inv_fk` FOREIGN KEY (`role_id`) REFERENCES `up_roles` (`id`) ON DELETE CASCADE);
INSERT INTO up_permissions_role_links VALUES(1,1);
INSERT INTO up_permissions_role_links VALUES(2,1);
INSERT INTO up_permissions_role_links VALUES(5,2);
INSERT INTO up_permissions_role_links VALUES(6,2);
INSERT INTO up_permissions_role_links VALUES(9,2);
INSERT INTO up_permissions_role_links VALUES(11,2);
INSERT INTO up_permissions_role_links VALUES(13,2);
INSERT INTO up_permissions_role_links VALUES(14,2);
INSERT INTO up_permissions_role_links VALUES(18,2);
INSERT INTO up_permissions_role_links VALUES(19,2);
INSERT INTO up_permissions_role_links VALUES(22,2);
INSERT INTO up_permissions_role_links VALUES(23,2);
CREATE TABLE IF NOT EXISTS "up_users_role_links" (`user_id` integer NULL, `role_id` integer NULL, CONSTRAINT `up_users_role_links_fk` FOREIGN KEY (`user_id`) REFERENCES `up_users` (`id`) ON DELETE CASCADE, CONSTRAINT `up_users_role_links_inv_fk` FOREIGN KEY (`role_id`) REFERENCES `up_roles` (`id`) ON DELETE CASCADE, CONSTRAINT `up_users_role_links_fk` FOREIGN KEY (`user_id`) REFERENCES `up_users` (`id`) ON DELETE CASCADE, CONSTRAINT `up_users_role_links_inv_fk` FOREIGN KEY (`role_id`) REFERENCES `up_roles` (`id`) ON DELETE CASCADE);
INSERT INTO up_users_role_links VALUES(1,1);
CREATE TABLE IF NOT EXISTS "audience" (`id` integer PRIMARY KEY AUTOINCREMENT NOT NULL, `name` varchar(255) NULL, `key` varchar(255) NULL, `created_at` datetime NULL, `updated_at` datetime NULL, `created_by_id` integer NULL, `updated_by_id` integer NULL, `sitemap_exclude` boolean null, CONSTRAINT `audience_created_by_id_fk` FOREIGN KEY (`created_by_id`) REFERENCES `admin_users` (`id`) ON DELETE SET NULL, CONSTRAINT `audience_updated_by_id_fk` FOREIGN KEY (`updated_by_id`) REFERENCES `admin_users` (`id`) ON DELETE SET NULL, CONSTRAINT `audience_created_by_id_fk` FOREIGN KEY (`created_by_id`) REFERENCES `admin_users` (`id`) ON DELETE SET NULL, CONSTRAINT `audience_updated_by_id_fk` FOREIGN KEY (`updated_by_id`) REFERENCES `admin_users` (`id`) ON DELETE SET NULL);
INSERT INTO audience VALUES(1,'Test audience','test-audience',1657745273924,1657745273924,1,1,0);
CREATE TABLE IF NOT EXISTS "navigations" (`id` integer PRIMARY KEY AUTOINCREMENT NOT NULL, `name` text NULL, `slug` varchar(255) NULL, `visible` boolean NULL, `locale_code` varchar(255) NULL, `created_at` datetime NULL, `updated_at` datetime NULL, `created_by_id` integer NULL, `updated_by_id` integer NULL, `sitemap_exclude` boolean null, CONSTRAINT `navigations_created_by_id_fk` FOREIGN KEY (`created_by_id`) REFERENCES `admin_users` (`id`) ON DELETE SET NULL, CONSTRAINT `navigations_updated_by_id_fk` FOREIGN KEY (`updated_by_id`) REFERENCES `admin_users` (`id`) ON DELETE SET NULL, CONSTRAINT `navigations_created_by_id_fk` FOREIGN KEY (`created_by_id`) REFERENCES `admin_users` (`id`) ON DELETE SET NULL, CONSTRAINT `navigations_updated_by_id_fk` FOREIGN KEY (`updated_by_id`) REFERENCES `admin_users` (`id`) ON DELETE SET NULL);
INSERT INTO navigations VALUES(1,'Main navigation','main-navigation',1,'en',1656619969190,1657919595023,NULL,NULL,NULL);
INSERT INTO navigations VALUES(2,'Footer','footer',1,'en',1656934212128,1657919595023,NULL,NULL,0);
INSERT INTO navigations VALUES(3,'Main navigation','main-navigation-fr',1,'fr',1657500398889,1657919595023,NULL,NULL,0);
INSERT INTO navigations VALUES(4,'Footer','footer-fr',1,'fr',1657500398889,1657919595023,NULL,NULL,0);
CREATE TABLE IF NOT EXISTS "navigations_items" (`id` integer PRIMARY KEY AUTOINCREMENT NOT NULL, `title` text NULL, `type` varchar(255) NULL, `path` text NULL, `external_path` text NULL, `ui_router_key` varchar(255) NULL, `menu_attached` boolean NULL, `order` integer NULL, `collapsed` boolean NULL, `created_at` datetime NULL, `updated_at` datetime NULL, `created_by_id` integer NULL, `updated_by_id` integer NULL, `sitemap_exclude` boolean null, CONSTRAINT `navigations_items_created_by_id_fk` FOREIGN KEY (`created_by_id`) REFERENCES `admin_users` (`id`) ON DELETE SET NULL, CONSTRAINT `navigations_items_updated_by_id_fk` FOREIGN KEY (`updated_by_id`) REFERENCES `admin_users` (`id`) ON DELETE SET NULL, CONSTRAINT `navigations_items_created_by_id_fk` FOREIGN KEY (`created_by_id`) REFERENCES `admin_users` (`id`) ON DELETE SET NULL, CONSTRAINT `navigations_items_updated_by_id_fk` FOREIGN KEY (`updated_by_id`) REFERENCES `admin_users` (`id`) ON DELETE SET NULL);
INSERT INTO navigations_items VALUES(3,'Terms of use','INTERNAL','terms',NULL,'terms-of-use',0,1,0,1657291961342,1657291961342,NULL,NULL,0);
INSERT INTO navigations_items VALUES(4,'Careers','INTERNAL','careers',NULL,'careers',0,2,0,1657291961349,1657291961349,NULL,NULL,0);
INSERT INTO navigations_items VALUES(5,'Back Office','WRAPPER','/bo/admin',NULL,'back-office',0,3,0,1657297305016,1657297577405,NULL,NULL,0);
INSERT INTO navigations_items VALUES(6,'Solutions','INTERNAL','solutions',NULL,'solutions',1,1,0,1657474748769,1657746460506,NULL,NULL,0);
INSERT INTO navigations_items VALUES(7,'A Good Solution','INTERNAL','a-good-solution',NULL,'a-good-solution',0,1,0,1657474748816,1657474748816,NULL,NULL,0);
INSERT INTO navigations_items VALUES(9,'An Interesting Solution','INTERNAL','an-interesting-solution',NULL,'an-interesting-solution',0,2,0,1657474794619,1657474794619,NULL,NULL,0);
INSERT INTO navigations_items VALUES(10,'A Solution You Do Not Expect','INTERNAL','a-solution-you-do-not-expect',NULL,'a-solution-you-do-not-expect',0,3,0,1657474794630,1657474794630,NULL,NULL,0);
INSERT INTO navigations_items VALUES(11,'News','INTERNAL','news',NULL,'news',1,2,0,1657706746454,1657746460506,NULL,NULL,0);
INSERT INTO navigations_items VALUES(12,'About US','INTERNAL','about-us',NULL,'about-us',1,3,0,1657706823594,1657746460507,NULL,NULL,0);
INSERT INTO navigations_items VALUES(13,'Home','INTERNAL','/',NULL,'home',0,4,0,1657746092535,1657746092535,NULL,NULL,0);
CREATE TABLE IF NOT EXISTS "navigations_items_related" (`id` integer PRIMARY KEY AUTOINCREMENT NOT NULL, `related_id` varchar(255) NULL, `related_type` varchar(255) NULL, `field` varchar(255) NULL, `order` integer NULL, `master` varchar(255) NULL, `created_at` datetime NULL, `updated_at` datetime NULL, `created_by_id` integer NULL, `updated_by_id` integer NULL, `sitemap_exclude` boolean null, CONSTRAINT `navigations_items_related_created_by_id_fk` FOREIGN KEY (`created_by_id`) REFERENCES `admin_users` (`id`) ON DELETE SET NULL, CONSTRAINT `navigations_items_related_updated_by_id_fk` FOREIGN KEY (`updated_by_id`) REFERENCES `admin_users` (`id`) ON DELETE SET NULL, CONSTRAINT `navigations_items_related_created_by_id_fk` FOREIGN KEY (`created_by_id`) REFERENCES `admin_users` (`id`) ON DELETE SET NULL, CONSTRAINT `navigations_items_related_updated_by_id_fk` FOREIGN KEY (`updated_by_id`) REFERENCES `admin_users` (`id`) ON DELETE SET NULL);
INSERT INTO navigations_items_related VALUES(3,'1','api::page.page','navigation',1,'2',1657291961318,1657291961318,NULL,NULL,0);
INSERT INTO navigations_items_related VALUES(4,'1','plugin::upload.file','navigation',1,'2',1657291961318,1657291961318,NULL,NULL,0);
INSERT INTO navigations_items_related VALUES(5,'1','api::page.page','navigation',1,'1',1657474748744,1657474748744,NULL,NULL,0);
INSERT INTO navigations_items_related VALUES(6,'2','api::page.page','navigation',1,'1',1657474748803,1657474748803,NULL,NULL,0);
INSERT INTO navigations_items_related VALUES(8,'3','api::page.page','navigation',1,'1',1657474794594,1657474794594,NULL,NULL,0);
INSERT INTO navigations_items_related VALUES(9,'4','api::page.page','navigation',1,'1',1657474794595,1657474794595,NULL,NULL,0);
INSERT INTO navigations_items_related VALUES(10,'5','api::page.page','navigation',1,'1',1657706746409,1657706746409,NULL,NULL,0);
INSERT INTO navigations_items_related VALUES(11,'6','api::page.page','navigation',1,'1',1657706823556,1657706823556,NULL,NULL,0);
INSERT INTO navigations_items_related VALUES(12,'7','api::page.page','navigation',1,'1',1657746092509,1657746092509,NULL,NULL,0);
CREATE TABLE IF NOT EXISTS "navigations_items_links" (`navigation_id` integer NULL, `navigation_item_id` integer NULL, CONSTRAINT `navigations_items_links_fk` FOREIGN KEY (`navigation_id`) REFERENCES `navigations` (`id`) ON DELETE CASCADE, CONSTRAINT `navigations_items_links_inv_fk` FOREIGN KEY (`navigation_item_id`) REFERENCES `navigations_items` (`id`) ON DELETE CASCADE, CONSTRAINT `navigations_items_links_fk` FOREIGN KEY (`navigation_id`) REFERENCES `navigations` (`id`) ON DELETE CASCADE, CONSTRAINT `navigations_items_links_inv_fk` FOREIGN KEY (`navigation_item_id`) REFERENCES `navigations_items` (`id`) ON DELETE CASCADE);
CREATE TABLE IF NOT EXISTS "navigations_localizations_links" (`navigation_id` integer NULL, `inv_navigation_id` integer NULL, CONSTRAINT `navigations_localizations_links_fk` FOREIGN KEY (`navigation_id`) REFERENCES `navigations` (`id`) ON DELETE CASCADE, CONSTRAINT `navigations_localizations_links_inv_fk` FOREIGN KEY (`inv_navigation_id`) REFERENCES `navigations` (`id`) ON DELETE CASCADE, CONSTRAINT `navigations_localizations_links_fk` FOREIGN KEY (`navigation_id`) REFERENCES `navigations` (`id`) ON DELETE CASCADE, CONSTRAINT `navigations_localizations_links_inv_fk` FOREIGN KEY (`inv_navigation_id`) REFERENCES `navigations` (`id`) ON DELETE CASCADE);
INSERT INTO navigations_localizations_links VALUES(3,1);
INSERT INTO navigations_localizations_links VALUES(1,3);
INSERT INTO navigations_localizations_links VALUES(4,2);
INSERT INTO navigations_localizations_links VALUES(2,4);
CREATE TABLE IF NOT EXISTS "navigations_items_related_links" (`navigation_item_id` integer NULL, `navigations_items_related_id` integer NULL, CONSTRAINT `navigations_items_related_links_fk` FOREIGN KEY (`navigation_item_id`) REFERENCES `navigations_items` (`id`) ON DELETE CASCADE, CONSTRAINT `navigations_items_related_links_inv_fk` FOREIGN KEY (`navigations_items_related_id`) REFERENCES `navigations_items_related` (`id`) ON DELETE CASCADE, CONSTRAINT `navigations_items_related_links_fk` FOREIGN KEY (`navigation_item_id`) REFERENCES `navigations_items` (`id`) ON DELETE CASCADE, CONSTRAINT `navigations_items_related_links_inv_fk` FOREIGN KEY (`navigations_items_related_id`) REFERENCES `navigations_items_related` (`id`) ON DELETE CASCADE);
INSERT INTO navigations_items_related_links VALUES(3,3);
INSERT INTO navigations_items_related_links VALUES(4,4);
INSERT INTO navigations_items_related_links VALUES(7,6);
INSERT INTO navigations_items_related_links VALUES(9,8);
INSERT INTO navigations_items_related_links VALUES(10,9);
INSERT INTO navigations_items_related_links VALUES(13,12);
INSERT INTO navigations_items_related_links VALUES(6,5);
INSERT INTO navigations_items_related_links VALUES(11,10);
INSERT INTO navigations_items_related_links VALUES(12,11);
CREATE TABLE IF NOT EXISTS "navigations_items_parent_links" (`navigation_item_id` integer NULL, `inv_navigation_item_id` integer NULL, CONSTRAINT `navigations_items_parent_links_fk` FOREIGN KEY (`navigation_item_id`) REFERENCES `navigations_items` (`id`) ON DELETE CASCADE, CONSTRAINT `navigations_items_parent_links_inv_fk` FOREIGN KEY (`inv_navigation_item_id`) REFERENCES `navigations_items` (`id`) ON DELETE CASCADE, CONSTRAINT `navigations_items_parent_links_fk` FOREIGN KEY (`navigation_item_id`) REFERENCES `navigations_items` (`id`) ON DELETE CASCADE, CONSTRAINT `navigations_items_parent_links_inv_fk` FOREIGN KEY (`inv_navigation_item_id`) REFERENCES `navigations_items` (`id`) ON DELETE CASCADE);
INSERT INTO navigations_items_parent_links VALUES(7,6);
INSERT INTO navigations_items_parent_links VALUES(9,6);
INSERT INTO navigations_items_parent_links VALUES(10,6);
CREATE TABLE IF NOT EXISTS "navigations_items_master_links" (`navigation_item_id` integer NULL, `navigation_id` integer NULL, CONSTRAINT `navigations_items_master_links_fk` FOREIGN KEY (`navigation_item_id`) REFERENCES `navigations_items` (`id`) ON DELETE CASCADE, CONSTRAINT `navigations_items_master_links_inv_fk` FOREIGN KEY (`navigation_id`) REFERENCES `navigations` (`id`) ON DELETE CASCADE, CONSTRAINT `navigations_items_master_links_fk` FOREIGN KEY (`navigation_item_id`) REFERENCES `navigations_items` (`id`) ON DELETE CASCADE, CONSTRAINT `navigations_items_master_links_inv_fk` FOREIGN KEY (`navigation_id`) REFERENCES `navigations` (`id`) ON DELETE CASCADE);
INSERT INTO navigations_items_master_links VALUES(3,2);
INSERT INTO navigations_items_master_links VALUES(4,2);
INSERT INTO navigations_items_master_links VALUES(5,2);
INSERT INTO navigations_items_master_links VALUES(7,1);
INSERT INTO navigations_items_master_links VALUES(9,1);
INSERT INTO navigations_items_master_links VALUES(10,1);
INSERT INTO navigations_items_master_links VALUES(13,1);
INSERT INTO navigations_items_master_links VALUES(6,1);
INSERT INTO navigations_items_master_links VALUES(11,1);
INSERT INTO navigations_items_master_links VALUES(12,1);
CREATE TABLE IF NOT EXISTS "navigations_items_audience_links" (`navigation_item_id` integer NULL, `audience_id` integer NULL, CONSTRAINT `navigations_items_audience_links_fk` FOREIGN KEY (`navigation_item_id`) REFERENCES `navigations_items` (`id`) ON DELETE CASCADE, CONSTRAINT `navigations_items_audience_links_inv_fk` FOREIGN KEY (`audience_id`) REFERENCES `audience` (`id`) ON DELETE CASCADE, CONSTRAINT `navigations_items_audience_links_fk` FOREIGN KEY (`navigation_item_id`) REFERENCES `navigations_items` (`id`) ON DELETE CASCADE, CONSTRAINT `navigations_items_audience_links_inv_fk` FOREIGN KEY (`audience_id`) REFERENCES `audience` (`id`) ON DELETE CASCADE);
INSERT INTO navigations_items_audience_links VALUES(13,1);
CREATE TABLE `components_shared_meta_socials` (`id` integer not null primary key autoincrement, `social_network` varchar(255) null, `title` varchar(255) null, `description` varchar(255) null);
CREATE TABLE `components_shared_seos` (`id` integer not null primary key autoincrement, `meta_title` varchar(255) null, `meta_description` varchar(255) null, `keywords` text null, `meta_robots` varchar(255) null, `structured_data` json null, `meta_viewport` varchar(255) null, `canonical_url` varchar(255) null);
CREATE TABLE IF NOT EXISTS "pages_components" (`id` integer PRIMARY KEY AUTOINCREMENT NOT NULL, `entity_id` integer NULL, `component_id` integer NULL, `component_type` varchar(255) NULL, `field` varchar(255) NULL, `order` integer NULL DEFAULT '0', CONSTRAINT `pages_entity_fk` FOREIGN KEY (`entity_id`) REFERENCES `pages` (`id`) ON DELETE CASCADE, CONSTRAINT `pages_entity_fk` FOREIGN KEY (`entity_id`) REFERENCES `pages` (`id`) ON DELETE CASCADE);
INSERT INTO pages_components VALUES(5,1,2,'shared.template','templateName',1);
INSERT INTO pages_components VALUES(11,1,1,'templates.simple-page','template',1);
INSERT INTO pages_components VALUES(20,1,3,'templates.simple-page','failing_template',1);
INSERT INTO pages_components VALUES(21,1,2,'templates.simple-page','DZTest',1);
INSERT INTO pages_components VALUES(178,7,1,'sections.hero','sections',1);
INSERT INTO pages_components VALUES(179,7,1,'sections.offers-section','sections',2);
INSERT INTO pages_components VALUES(180,7,2,'sections.news-carrousel','sections',3);
INSERT INTO pages_components VALUES(185,2,2,'sections.article','sections',1);
CREATE TABLE IF NOT EXISTS "pages_localizations_links" (`page_id` integer NULL, `inv_page_id` integer NULL, CONSTRAINT `pages_localizations_links_fk` FOREIGN KEY (`page_id`) REFERENCES `pages` (`id`) ON DELETE CASCADE, CONSTRAINT `pages_localizations_links_inv_fk` FOREIGN KEY (`inv_page_id`) REFERENCES `pages` (`id`) ON DELETE CASCADE, CONSTRAINT `pages_localizations_links_fk` FOREIGN KEY (`page_id`) REFERENCES `pages` (`id`) ON DELETE CASCADE, CONSTRAINT `pages_localizations_links_inv_fk` FOREIGN KEY (`inv_page_id`) REFERENCES `pages` (`id`) ON DELETE CASCADE);
CREATE TABLE IF NOT EXISTS "components_shared_seos_components" (`id` integer PRIMARY KEY AUTOINCREMENT NOT NULL, `entity_id` integer NULL, `component_id` integer NULL, `component_type` varchar(255) NULL, `field` varchar(255) NULL, `order` integer NULL DEFAULT '0', CONSTRAINT `components_shared_seos_entity_fk` FOREIGN KEY (`entity_id`) REFERENCES `components_shared_seos` (`id`) ON DELETE CASCADE, CONSTRAINT `components_shared_seos_entity_fk` FOREIGN KEY (`entity_id`) REFERENCES `components_shared_seos` (`id`) ON DELETE CASCADE);
CREATE TABLE IF NOT EXISTS "strapi-stripe_strapi-stripe-product" (`id` integer PRIMARY KEY AUTOINCREMENT NOT NULL, `title` varchar(255) NULL, `slug` varchar(255) NULL, `description` varchar(255) NULL, `price` float NULL, `currency` varchar(255) NULL, `is_subscription` boolean NULL, `interval` varchar(255) NULL, `trial_period_days` integer NULL, `stripe_product_id` varchar(255) NULL, `stripe_price_id` varchar(255) NULL, `stripe_plan_id` varchar(255) NULL, `created_at` datetime NULL, `updated_at` datetime NULL, `created_by_id` integer NULL, `updated_by_id` integer NULL, `sitemap_exclude` boolean NULL, CONSTRAINT `strapi-stripe_strapi-stripe-product_created_by_id_fk` FOREIGN KEY (`created_by_id`) REFERENCES `admin_users` (`id`) ON DELETE SET NULL, CONSTRAINT `strapi-stripe_strapi-stripe-product_updated_by_id_fk` FOREIGN KEY (`updated_by_id`) REFERENCES `admin_users` (`id`) ON DELETE SET NULL, CONSTRAINT `strapi-stripe_strapi-stripe-product_created_by_id_fk` FOREIGN KEY (`created_by_id`) REFERENCES `admin_users` (`id`) ON DELETE SET NULL, CONSTRAINT `strapi-stripe_strapi-stripe-product_updated_by_id_fk` FOREIGN KEY (`updated_by_id`) REFERENCES `admin_users` (`id`) ON DELETE SET NULL);
CREATE TABLE IF NOT EXISTS "strapi-stripe_strapi-stripe-payment" (`id` integer PRIMARY KEY AUTOINCREMENT NOT NULL, `txn_date` datetime NULL, `transaction_id` varchar(255) NULL, `is_txn_successful` boolean NULL, `txn_message` varchar(255) NULL, `txn_error_message` varchar(255) NULL, `txn_amount` float NULL, `customer_name` varchar(255) NULL, `customer_email` varchar(255) NULL, `created_at` datetime NULL, `updated_at` datetime NULL, `created_by_id` integer NULL, `updated_by_id` integer NULL, `sitemap_exclude` boolean NULL, CONSTRAINT `strapi-stripe_strapi-stripe-payment_created_by_id_fk` FOREIGN KEY (`created_by_id`) REFERENCES `admin_users` (`id`) ON DELETE SET NULL, CONSTRAINT `strapi-stripe_strapi-stripe-payment_updated_by_id_fk` FOREIGN KEY (`updated_by_id`) REFERENCES `admin_users` (`id`) ON DELETE SET NULL, CONSTRAINT `strapi-stripe_strapi-stripe-payment_created_by_id_fk` FOREIGN KEY (`created_by_id`) REFERENCES `admin_users` (`id`) ON DELETE SET NULL, CONSTRAINT `strapi-stripe_strapi-stripe-payment_updated_by_id_fk` FOREIGN KEY (`updated_by_id`) REFERENCES `admin_users` (`id`) ON DELETE SET NULL);
CREATE TABLE IF NOT EXISTS "strapi_stripe_strapi_stripe_payment_stripe_product_links" (`strapi_stripe_payment_id` integer NULL, `strapi_stripe_product_id` integer NULL, CONSTRAINT `strapi_stripe_strapi_stripe_payment_stripe_product_links_fk` FOREIGN KEY (`strapi_stripe_payment_id`) REFERENCES `strapi-stripe_strapi-stripe-payment` (`id`) ON DELETE CASCADE, CONSTRAINT `strapi_stripe_strapi_stripe_payment_stripe_product_links_inv_fk` FOREIGN KEY (`strapi_stripe_product_id`) REFERENCES `strapi-stripe_strapi-stripe-product` (`id`) ON DELETE CASCADE, CONSTRAINT `strapi_stripe_strapi_stripe_payment_stripe_product_links_fk` FOREIGN KEY (`strapi_stripe_payment_id`) REFERENCES `strapi-stripe_strapi-stripe-payment` (`id`) ON DELETE CASCADE, CONSTRAINT `strapi_stripe_strapi_stripe_payment_stripe_product_links_inv_fk` FOREIGN KEY (`strapi_stripe_product_id`) REFERENCES `strapi-stripe_strapi-stripe-product` (`id`) ON DELETE CASCADE);
CREATE TABLE IF NOT EXISTS "pages" (`id` integer PRIMARY KEY AUTOINCREMENT NOT NULL, `title` varchar(255) NULL, `slug` varchar(255) NULL, `created_at` datetime NULL, `updated_at` datetime NULL, `published_at` datetime NULL, `created_by_id` integer NULL, `updated_by_id` integer NULL, `locale` varchar(255) NULL, `sitemap_exclude` boolean NULL, CONSTRAINT `pages_created_by_id_fk` FOREIGN KEY (`created_by_id`) REFERENCES `admin_users` (`id`) ON DELETE SET NULL, CONSTRAINT `pages_updated_by_id_fk` FOREIGN KEY (`updated_by_id`) REFERENCES `admin_users` (`id`) ON DELETE SET NULL, CONSTRAINT `pages_created_by_id_fk` FOREIGN KEY (`created_by_id`) REFERENCES `admin_users` (`id`) ON DELETE SET NULL, CONSTRAINT `pages_updated_by_id_fk` FOREIGN KEY (`updated_by_id`) REFERENCES `admin_users` (`id`) ON DELETE SET NULL);
INSERT INTO pages VALUES(1,'Solutions','solutions',1657379481158,1657893760258,1657636894561,1,1,'en',0);
INSERT INTO pages VALUES(2,'A Good Solution','a-good-solution',1657474568949,1657893827789,1657474583376,1,1,'en',0);
INSERT INTO pages VALUES(3,'An Interesting Solution','an-interesting-solution',1657474592023,1657474593968,1657474593963,1,1,'en',0);
INSERT INTO pages VALUES(4,'A Solution You Do Not Expect','a-solution-you-do-not-expect',1657474618278,1657474620095,1657474620090,1,1,'en',0);
INSERT INTO pages VALUES(5,'News','news',1657706686051,1657888901749,1657888901739,1,1,'en',0);
INSERT INTO pages VALUES(6,'About Us','about-us',1657706790529,1657706794661,1657706794655,1,1,'en',0);
INSERT INTO pages VALUES(7,'Home Page','home-page',1657745788229,1657893423863,1657795802000,1,1,'en',0);
CREATE TABLE `components_cards_news_cards` (`id` integer not null primary key autoincrement, `title` varchar(255) null, `description` text null);
INSERT INTO components_cards_news_cards VALUES(2,'A Good Slution is available!',NULL);
CREATE TABLE `components_cards_simple_cards` (`id` integer not null primary key autoincrement, `title` varchar(255) null, `description` text null, `css_classes` varchar(255) null);
INSERT INTO components_cards_simple_cards VALUES(1,'A Good Solution','Rhoncus urna neque viverra justo. Vel risus commodo viverra maecenas accumsan lacus. Enim facilisis gravida neque convallis. Malesuada fames ac turpis egestas integer eget aliquet. Pulvinar elementum integer enim neque volutpat ac tincidunt vitae.','bg-cyan-3 text-white');
INSERT INTO components_cards_simple_cards VALUES(2,'An Interesting Solution','Lacus suspendisse faucibus interdum posuere lorem ipsum dolor sit. Semper feugiat nibh sed pulvinar proin gravida hendrerit lectus. Quisque id diam vel quam. Nisl condimentum id venenatis a condimentum.','bg-red-4 text-white');
INSERT INTO components_cards_simple_cards VALUES(3,'A Solution You Do Not Expect','Consequat mauris nunc congue nisi vitae suscipit tellus mauris. Lacus sed viverra tellus in hac habitasse platea dictumst vestibulum. Quis commodo odio aenean sed.','bg-indigo-4 text-white');
CREATE TABLE `components_sections_articles` (`id` integer not null primary key autoincrement, `title` varchar(255) null, `published_on` date null, `content` text null);
INSERT INTO components_sections_articles VALUES(2,'A Good Solution','2022-07-15','<p>Quam elementum pulvinar etiam non quam lacus suspendisse. Eros donec ac odio tempor orci dapibus. Ullamcorper morbi tincidunt ornare massa eget egestas. Lorem dolor sed viverra ipsum nunc aliquet bibendum enim. Sed turpis tincidunt id aliquet. Fringilla ut morbi tincidunt augue. Nulla facilisi morbi tempus iaculis urna. Nullam non nisi est sit amet facilisis magna etiam tempor. Nisl purus in mollis nunc sed id. Dignissim suspendisse in est ante. Odio ut sem nulla pharetra diam sit amet nisl. Curabitur gravida arcu ac tortor dignissim convallis aenean et tortor. Ultricies tristique nulla aliquet enim tortor. Posuere ac ut consequat semper viverra nam libero justo laoreet. Bibendum est ultricies integer quis auctor elit sed. Elit eget gravida cum sociis natoque penatibus. Odio eu feugiat pretium nibh ipsum consequat nisl vel pretium. Mus mauris vitae ultricies leo.</p>');
CREATE TABLE `components_slices_heroes` (`id` integer not null primary key autoincrement, `title` varchar(255) null, `label` varchar(255) null, `description` varchar(255) null, `small_text_with_link` text null);
INSERT INTO components_slices_heroes VALUES(1,'Your Project',NULL,'The best project you ever wanted to achieve','');
CREATE TABLE `components_sections_news_carrousels` (`id` integer not null primary key autoincrement, `title` varchar(255) null);
INSERT INTO components_sections_news_carrousels VALUES(2,'Last Stuff!');
CREATE TABLE `components_sections_offers_sections` (`id` integer not null primary key autoincrement, `description` text null);
INSERT INTO components_sections_offers_sections VALUES(1,'The best offers to all your needs');
CREATE TABLE `components_sections_rich_texts` (`id` integer not null primary key autoincrement, `content` text null);
CREATE TABLE IF NOT EXISTS "posts" (`id` integer PRIMARY KEY AUTOINCREMENT NOT NULL, `title` varchar(255) NULL, `description` text NULL, `content` text NULL, `slug` varchar(255) NULL, `created_at` datetime NULL, `updated_at` datetime NULL, `published_at` datetime NULL, `created_by_id` integer NULL, `updated_by_id` integer NULL, `sitemap_exclude` boolean NULL, CONSTRAINT `posts_created_by_id_fk` FOREIGN KEY (`created_by_id`) REFERENCES `admin_users` (`id`) ON DELETE SET NULL, CONSTRAINT `posts_updated_by_id_fk` FOREIGN KEY (`updated_by_id`) REFERENCES `admin_users` (`id`) ON DELETE SET NULL, CONSTRAINT `posts_created_by_id_fk` FOREIGN KEY (`created_by_id`) REFERENCES `admin_users` (`id`) ON DELETE SET NULL, CONSTRAINT `posts_updated_by_id_fk` FOREIGN KEY (`updated_by_id`) REFERENCES `admin_users` (`id`) ON DELETE SET NULL);
INSERT INTO posts VALUES(1,'New post test','sssss','<p>ssss</p>','test',1657885809591,1657888758463,1657888758459,1,1,0);
CREATE TABLE IF NOT EXISTS "posts_components" (`id` integer PRIMARY KEY AUTOINCREMENT NOT NULL, `entity_id` integer NULL, `component_id` integer NULL, `component_type` varchar(255) NULL, `field` varchar(255) NULL, `order` integer NULL DEFAULT '0', CONSTRAINT `posts_entity_fk` FOREIGN KEY (`entity_id`) REFERENCES `posts` (`id`) ON DELETE CASCADE, CONSTRAINT `posts_entity_fk` FOREIGN KEY (`entity_id`) REFERENCES `posts` (`id`) ON DELETE CASCADE);
CREATE TABLE IF NOT EXISTS "posts_author_links" (`post_id` integer NULL, `user_id` integer NULL, CONSTRAINT `posts_author_links_fk` FOREIGN KEY (`post_id`) REFERENCES `posts` (`id`) ON DELETE CASCADE, CONSTRAINT `posts_author_links_inv_fk` FOREIGN KEY (`user_id`) REFERENCES `admin_users` (`id`) ON DELETE CASCADE, CONSTRAINT `posts_author_links_fk` FOREIGN KEY (`post_id`) REFERENCES `posts` (`id`) ON DELETE CASCADE, CONSTRAINT `posts_author_links_inv_fk` FOREIGN KEY (`user_id`) REFERENCES `admin_users` (`id`) ON DELETE CASCADE);
CREATE TABLE IF NOT EXISTS "components_cards_news_cards_post_links" (`news_card_id` integer NULL, `post_id` integer NULL, CONSTRAINT `components_cards_news_cards_post_links_fk` FOREIGN KEY (`news_card_id`) REFERENCES `components_cards_news_cards` (`id`) ON DELETE CASCADE, CONSTRAINT `components_cards_news_cards_post_links_inv_fk` FOREIGN KEY (`post_id`) REFERENCES `posts` (`id`) ON DELETE CASCADE, CONSTRAINT `components_cards_news_cards_post_links_fk` FOREIGN KEY (`news_card_id`) REFERENCES `components_cards_news_cards` (`id`) ON DELETE CASCADE, CONSTRAINT `components_cards_news_cards_post_links_inv_fk` FOREIGN KEY (`post_id`) REFERENCES `posts` (`id`) ON DELETE CASCADE);
INSERT INTO components_cards_news_cards_post_links VALUES(2,1);
CREATE TABLE IF NOT EXISTS "components_cards_simple_cards_target_page_links" (`simple_card_id` integer NULL, `page_id` integer NULL, CONSTRAINT `components_cards_simple_cards_target_page_links_fk` FOREIGN KEY (`simple_card_id`) REFERENCES `components_cards_simple_cards` (`id`) ON DELETE CASCADE, CONSTRAINT `components_cards_simple_cards_target_page_links_inv_fk` FOREIGN KEY (`page_id`) REFERENCES `pages` (`id`) ON DELETE CASCADE, CONSTRAINT `components_cards_simple_cards_target_page_links_fk` FOREIGN KEY (`simple_card_id`) REFERENCES `components_cards_simple_cards` (`id`) ON DELETE CASCADE, CONSTRAINT `components_cards_simple_cards_target_page_links_inv_fk` FOREIGN KEY (`page_id`) REFERENCES `pages` (`id`) ON DELETE CASCADE);
INSERT INTO components_cards_simple_cards_target_page_links VALUES(3,4);
INSERT INTO components_cards_simple_cards_target_page_links VALUES(1,2);
INSERT INTO components_cards_simple_cards_target_page_links VALUES(2,3);
CREATE TABLE IF NOT EXISTS "components_sections_articles_links_links" (`article_id` integer NULL, `page_id` integer NULL, CONSTRAINT `components_sections_articles_links_links_fk` FOREIGN KEY (`article_id`) REFERENCES `components_sections_articles` (`id`) ON DELETE CASCADE, CONSTRAINT `components_sections_articles_links_links_inv_fk` FOREIGN KEY (`page_id`) REFERENCES `pages` (`id`) ON DELETE CASCADE, CONSTRAINT `components_sections_articles_links_links_fk` FOREIGN KEY (`article_id`) REFERENCES `components_sections_articles` (`id`) ON DELETE CASCADE, CONSTRAINT `components_sections_articles_links_links_inv_fk` FOREIGN KEY (`page_id`) REFERENCES `pages` (`id`) ON DELETE CASCADE);
CREATE TABLE IF NOT EXISTS "components_slices_heroes_components" (`id` integer PRIMARY KEY AUTOINCREMENT NOT NULL, `entity_id` integer NULL, `component_id` integer NULL, `component_type` varchar(255) NULL, `field` varchar(255) NULL, `order` integer NULL DEFAULT '0', CONSTRAINT `components_slices_heroes_entity_fk` FOREIGN KEY (`entity_id`) REFERENCES `components_slices_heroes` (`id`) ON DELETE CASCADE, CONSTRAINT `components_slices_heroes_entity_fk` FOREIGN KEY (`entity_id`) REFERENCES `components_slices_heroes` (`id`) ON DELETE CASCADE);
CREATE TABLE IF NOT EXISTS "components_sections_news_carrousels_components" (`id` integer PRIMARY KEY AUTOINCREMENT NOT NULL, `entity_id` integer NULL, `component_id` integer NULL, `component_type` varchar(255) NULL, `field` varchar(255) NULL, `order` integer NULL DEFAULT '0', CONSTRAINT `components_sections_news_carrousels_entity_fk` FOREIGN KEY (`entity_id`) REFERENCES `components_sections_news_carrousels` (`id`) ON DELETE CASCADE, CONSTRAINT `components_sections_news_carrousels_entity_fk` FOREIGN KEY (`entity_id`) REFERENCES `components_sections_news_carrousels` (`id`) ON DELETE CASCADE);
INSERT INTO components_sections_news_carrousels_components VALUES(10,2,2,'cards.news-card','postPreviews',1);
CREATE TABLE IF NOT EXISTS "components_sections_offers_sections_components" (`id` integer PRIMARY KEY AUTOINCREMENT NOT NULL, `entity_id` integer NULL, `component_id` integer NULL, `component_type` varchar(255) NULL, `field` varchar(255) NULL, `order` integer NULL DEFAULT '0', CONSTRAINT `components_sections_offers_sections_entity_fk` FOREIGN KEY (`entity_id`) REFERENCES `components_sections_offers_sections` (`id`) ON DELETE CASCADE, CONSTRAINT `components_sections_offers_sections_entity_fk` FOREIGN KEY (`entity_id`) REFERENCES `components_sections_offers_sections` (`id`) ON DELETE CASCADE);
INSERT INTO components_sections_offers_sections_components VALUES(12,1,1,'cards.simple-card','cards',1);
INSERT INTO components_sections_offers_sections_components VALUES(13,1,2,'cards.simple-card','cards',2);
INSERT INTO components_sections_offers_sections_components VALUES(14,1,3,'cards.simple-card','cards',3);
CREATE TABLE `components_links_buttons` (`id` integer not null primary key autoincrement, `url` varchar(255) null, `new_tab` boolean null, `text` varchar(255) null, `type` varchar(255) null);
CREATE TABLE `components_links_simple_buttons` (`id` integer not null primary key autoincrement, `text` varchar(255) null, `type` varchar(255) null);
CREATE TABLE `components_links_links` (`id` integer not null primary key autoincrement, `url` varchar(255) null, `new_tab` boolean null, `text` varchar(255) null);
CREATE TABLE `components_meta_metadata` (`id` integer not null primary key autoincrement, `meta_title` varchar(255) null, `meta_description` text null, `twitter_card_type` varchar(255) null, `twitter_username` varchar(255) null);
CREATE TABLE `components_slices_large_videos` (`id` integer not null primary key autoincrement, `title` varchar(255) null, `description` varchar(255) null);
CREATE TABLE `components_sections_lead_forms` (`id` integer not null primary key autoincrement, `title` varchar(255) null, `email_placeholder` varchar(255) null, `location` varchar(255) null);
CREATE TABLE IF NOT EXISTS "components_sections_lead_forms_components" (`id` integer PRIMARY KEY AUTOINCREMENT NOT NULL, `entity_id` integer NULL, `component_id` integer NULL, `component_type` varchar(255) NULL, `field` varchar(255) NULL, `order` integer NULL DEFAULT '0', CONSTRAINT `components_sections_lead_forms_entity_fk` FOREIGN KEY (`entity_id`) REFERENCES `components_sections_lead_forms` (`id`) ON DELETE CASCADE, CONSTRAINT `components_sections_lead_forms_entity_fk` FOREIGN KEY (`entity_id`) REFERENCES `components_sections_lead_forms` (`id`) ON DELETE CASCADE);
DELETE FROM sqlite_sequence;
INSERT INTO sqlite_sequence VALUES('admin_permissions',202);
INSERT INTO sqlite_sequence VALUES('admin_users',2);
INSERT INTO sqlite_sequence VALUES('admin_roles',3);
INSERT INTO sqlite_sequence VALUES('strapi_api_tokens',0);
INSERT INTO sqlite_sequence VALUES('files',2);
INSERT INTO sqlite_sequence VALUES('up_permissions',23);
INSERT INTO sqlite_sequence VALUES('up_roles',2);
INSERT INTO sqlite_sequence VALUES('up_users',1);
INSERT INTO sqlite_sequence VALUES('i18n_locale',2);
INSERT INTO sqlite_sequence VALUES('strapi_database_schema',104);
INSERT INTO sqlite_sequence VALUES('strapi_core_store_settings',97);
INSERT INTO sqlite_sequence VALUES('audience',1);
INSERT INTO sqlite_sequence VALUES('navigations',4);
INSERT INTO sqlite_sequence VALUES('navigations_items',13);
INSERT INTO sqlite_sequence VALUES('navigations_items_related',12);
INSERT INTO sqlite_sequence VALUES('pages_components',185);
INSERT INTO sqlite_sequence VALUES('components_shared_seos_components',0);
INSERT INTO sqlite_sequence VALUES('components_shared_seos',2);
INSERT INTO sqlite_sequence VALUES('strapi-stripe_strapi-stripe-product',0);
INSERT INTO sqlite_sequence VALUES('strapi-stripe_strapi-stripe-payment',0);
INSERT INTO sqlite_sequence VALUES('pages',7);
INSERT INTO sqlite_sequence VALUES('posts',1);
INSERT INTO sqlite_sequence VALUES('posts_components',0);
INSERT INTO sqlite_sequence VALUES('components_slices_heroes_components',0);
INSERT INTO sqlite_sequence VALUES('components_sections_news_carrousels_components',10);
INSERT INTO sqlite_sequence VALUES('components_sections_offers_sections_components',14);
INSERT INTO sqlite_sequence VALUES('components_slices_heroes',1);
INSERT INTO sqlite_sequence VALUES('components_sections_lead_forms_components',0);
INSERT INTO sqlite_sequence VALUES('components_sections_offers_sections',1);
INSERT INTO sqlite_sequence VALUES('components_cards_simple_cards',3);
INSERT INTO sqlite_sequence VALUES('components_sections_articles',2);
INSERT INTO sqlite_sequence VALUES('components_cards_news_cards',2);
INSERT INTO sqlite_sequence VALUES('components_sections_news_carrousels',2);
CREATE INDEX `admin_permissions_created_by_id_fk` on `admin_permissions` (`created_by_id`);
CREATE INDEX `admin_permissions_updated_by_id_fk` on `admin_permissions` (`updated_by_id`);
CREATE INDEX `admin_users_created_by_id_fk` on `admin_users` (`created_by_id`);
CREATE INDEX `admin_users_updated_by_id_fk` on `admin_users` (`updated_by_id`);
CREATE INDEX `admin_roles_created_by_id_fk` on `admin_roles` (`created_by_id`);
CREATE INDEX `admin_roles_updated_by_id_fk` on `admin_roles` (`updated_by_id`);
CREATE INDEX `strapi_api_tokens_created_by_id_fk` on `strapi_api_tokens` (`created_by_id`);
CREATE INDEX `strapi_api_tokens_updated_by_id_fk` on `strapi_api_tokens` (`updated_by_id`);
CREATE INDEX `files_created_by_id_fk` on `files` (`created_by_id`);
CREATE INDEX `files_updated_by_id_fk` on `files` (`updated_by_id`);
CREATE INDEX `up_permissions_created_by_id_fk` on `up_permissions` (`created_by_id`);
CREATE INDEX `up_permissions_updated_by_id_fk` on `up_permissions` (`updated_by_id`);
CREATE INDEX `up_roles_created_by_id_fk` on `up_roles` (`created_by_id`);
CREATE INDEX `up_roles_updated_by_id_fk` on `up_roles` (`updated_by_id`);
CREATE INDEX `up_users_created_by_id_fk` on `up_users` (`created_by_id`);
CREATE INDEX `up_users_updated_by_id_fk` on `up_users` (`updated_by_id`);
CREATE INDEX `i18n_locale_created_by_id_fk` on `i18n_locale` (`created_by_id`);
CREATE INDEX `i18n_locale_updated_by_id_fk` on `i18n_locale` (`updated_by_id`);
CREATE INDEX `admin_permissions_role_links_fk` on `admin_permissions_role_links` (`permission_id`);
CREATE INDEX `admin_permissions_role_links_inv_fk` on `admin_permissions_role_links` (`role_id`);
CREATE INDEX `admin_users_roles_links_fk` on `admin_users_roles_links` (`user_id`);
CREATE INDEX `admin_users_roles_links_inv_fk` on `admin_users_roles_links` (`role_id`);
CREATE INDEX `files_related_morphs_fk` on `files_related_morphs` (`file_id`);
CREATE INDEX `up_permissions_role_links_fk` on `up_permissions_role_links` (`permission_id`);
CREATE INDEX `up_permissions_role_links_inv_fk` on `up_permissions_role_links` (`role_id`);
CREATE INDEX `up_users_role_links_fk` on `up_users_role_links` (`user_id`);
CREATE INDEX `up_users_role_links_inv_fk` on `up_users_role_links` (`role_id`);
CREATE UNIQUE INDEX `audience_key_unique` on `audience` (`key`);
CREATE INDEX `audience_created_by_id_fk` on `audience` (`created_by_id`);
CREATE INDEX `audience_updated_by_id_fk` on `audience` (`updated_by_id`);
CREATE UNIQUE INDEX `navigations_slug_unique` on `navigations` (`slug`);
CREATE INDEX `navigations_created_by_id_fk` on `navigations` (`created_by_id`);
CREATE INDEX `navigations_updated_by_id_fk` on `navigations` (`updated_by_id`);
CREATE INDEX `navigations_items_created_by_id_fk` on `navigations_items` (`created_by_id`);
CREATE INDEX `navigations_items_updated_by_id_fk` on `navigations_items` (`updated_by_id`);
CREATE INDEX `navigations_items_related_created_by_id_fk` on `navigations_items_related` (`created_by_id`);
CREATE INDEX `navigations_items_related_updated_by_id_fk` on `navigations_items_related` (`updated_by_id`);
CREATE INDEX `navigations_items_links_fk` on `navigations_items_links` (`navigation_id`);
CREATE INDEX `navigations_items_links_inv_fk` on `navigations_items_links` (`navigation_item_id`);
CREATE INDEX `navigations_localizations_links_fk` on `navigations_localizations_links` (`navigation_id`);
CREATE INDEX `navigations_localizations_links_inv_fk` on `navigations_localizations_links` (`inv_navigation_id`);
CREATE INDEX `navigations_items_related_links_fk` on `navigations_items_related_links` (`navigation_item_id`);
CREATE INDEX `navigations_items_related_links_inv_fk` on `navigations_items_related_links` (`navigations_items_related_id`);
CREATE INDEX `navigations_items_parent_links_fk` on `navigations_items_parent_links` (`navigation_item_id`);
CREATE INDEX `navigations_items_parent_links_inv_fk` on `navigations_items_parent_links` (`inv_navigation_item_id`);
CREATE INDEX `navigations_items_master_links_fk` on `navigations_items_master_links` (`navigation_item_id`);
CREATE INDEX `navigations_items_master_links_inv_fk` on `navigations_items_master_links` (`navigation_id`);
CREATE INDEX `navigations_items_audience_links_fk` on `navigations_items_audience_links` (`navigation_item_id`);
CREATE INDEX `navigations_items_audience_links_inv_fk` on `navigations_items_audience_links` (`audience_id`);
CREATE INDEX `pages_field_index` on `pages_components` (`field`);
CREATE INDEX `pages_component_type_index` on `pages_components` (`component_type`);
CREATE INDEX `pages_entity_fk` on `pages_components` (`entity_id`);
CREATE INDEX `pages_localizations_links_fk` on `pages_localizations_links` (`page_id`);
CREATE INDEX `pages_localizations_links_inv_fk` on `pages_localizations_links` (`inv_page_id`);
CREATE INDEX `components_shared_seos_field_index` on `components_shared_seos_components` (`field`);
CREATE INDEX `components_shared_seos_component_type_index` on `components_shared_seos_components` (`component_type`);
CREATE INDEX `components_shared_seos_entity_fk` on `components_shared_seos_components` (`entity_id`);
CREATE UNIQUE INDEX `strapi-stripe_strapi-stripe-product_slug_unique` on `strapi-stripe_strapi-stripe-product` (`slug`);
CREATE INDEX `strapi-stripe_strapi-stripe-product_created_by_id_fk` on `strapi-stripe_strapi-stripe-product` (`created_by_id`);
CREATE INDEX `strapi-stripe_strapi-stripe-product_updated_by_id_fk` on `strapi-stripe_strapi-stripe-product` (`updated_by_id`);
CREATE INDEX `strapi-stripe_strapi-stripe-payment_created_by_id_fk` on `strapi-stripe_strapi-stripe-payment` (`created_by_id`);
CREATE INDEX `strapi-stripe_strapi-stripe-payment_updated_by_id_fk` on `strapi-stripe_strapi-stripe-payment` (`updated_by_id`);
CREATE INDEX `strapi_stripe_strapi_stripe_payment_stripe_product_links_fk` on `strapi_stripe_strapi_stripe_payment_stripe_product_links` (`strapi_stripe_payment_id`);
CREATE INDEX `strapi_stripe_strapi_stripe_payment_stripe_product_links_inv_fk` on `strapi_stripe_strapi_stripe_payment_stripe_product_links` (`strapi_stripe_product_id`);
CREATE UNIQUE INDEX `pages_slug_unique` on `pages` (`slug`);
CREATE INDEX `pages_created_by_id_fk` on `pages` (`created_by_id`);
CREATE INDEX `pages_updated_by_id_fk` on `pages` (`updated_by_id`);
CREATE UNIQUE INDEX `posts_slug_unique` on `posts` (`slug`);
CREATE INDEX `posts_created_by_id_fk` on `posts` (`created_by_id`);
CREATE INDEX `posts_updated_by_id_fk` on `posts` (`updated_by_id`);
CREATE INDEX `posts_field_index` on `posts_components` (`field`);
CREATE INDEX `posts_component_type_index` on `posts_components` (`component_type`);
CREATE INDEX `posts_entity_fk` on `posts_components` (`entity_id`);
CREATE INDEX `posts_author_links_fk` on `posts_author_links` (`post_id`);
CREATE INDEX `posts_author_links_inv_fk` on `posts_author_links` (`user_id`);
CREATE INDEX `components_cards_news_cards_post_links_fk` on `components_cards_news_cards_post_links` (`news_card_id`);
CREATE INDEX `components_cards_news_cards_post_links_inv_fk` on `components_cards_news_cards_post_links` (`post_id`);
CREATE INDEX `components_cards_simple_cards_target_page_links_fk` on `components_cards_simple_cards_target_page_links` (`simple_card_id`);
CREATE INDEX `components_cards_simple_cards_target_page_links_inv_fk` on `components_cards_simple_cards_target_page_links` (`page_id`);
CREATE INDEX `components_sections_articles_links_links_fk` on `components_sections_articles_links_links` (`article_id`);
CREATE INDEX `components_sections_articles_links_links_inv_fk` on `components_sections_articles_links_links` (`page_id`);
CREATE INDEX `components_slices_heroes_field_index` on `components_slices_heroes_components` (`field`);
CREATE INDEX `components_slices_heroes_component_type_index` on `components_slices_heroes_components` (`component_type`);
CREATE INDEX `components_slices_heroes_entity_fk` on `components_slices_heroes_components` (`entity_id`);
CREATE INDEX `components_sections_news_carrousels_field_index` on `components_sections_news_carrousels_components` (`field`);
CREATE INDEX `components_sections_news_carrousels_component_type_index` on `components_sections_news_carrousels_components` (`component_type`);
CREATE INDEX `components_sections_news_carrousels_entity_fk` on `components_sections_news_carrousels_components` (`entity_id`);
CREATE INDEX `components_sections_offers_sections_field_index` on `components_sections_offers_sections_components` (`field`);
CREATE INDEX `components_sections_offers_sections_component_type_index` on `components_sections_offers_sections_components` (`component_type`);
CREATE INDEX `components_sections_offers_sections_entity_fk` on `components_sections_offers_sections_components` (`entity_id`);
CREATE INDEX `components_sections_lead_forms_field_index` on `components_sections_lead_forms_components` (`field`);
CREATE INDEX `components_sections_lead_forms_component_type_index` on `components_sections_lead_forms_components` (`component_type`);
CREATE INDEX `components_sections_lead_forms_entity_fk` on `components_sections_lead_forms_components` (`entity_id`);
COMMIT;
